hhnum,k15,k14,k13,k12,k11,k10,k9,k8,k7,k6,k5,k4,k3,k2,k1
100012,3,3,3,3,3,3,3,3,3,3,3,3,3,2,1
100015,1,1,1,1,1,1,1,1,1,1,1,1,1,1,1
100024,1,1,1,1,1,1,1,1,1,1,1,1,1,1,1
100028,3,3,3,3,3,3,3,3,3,3,3,3,3,2,1
100040,2,2,2,2,2,2,2,2,2,2,2,2,2,2,1
100049,3,3,3,3,3,3,3,3,3,3,3,3,3,2,1
100054,,,,,,,,,,,,,,,
100055,1,1,1,1,1,1,1,1,1,1,1,1,1,1,1
100059,1,1,1,1,1,1,1,1,1,1,1,1,1,1,1
100061,2,2,2,2,2,2,2,2,2,2,2,2,2,2,1
100067,1,1,1,1,1,1,1,1,1,1,1,1,1,1,1
100069,,,,,,,,,,,,,,,
100076,3,3,3,3,3,3,3,3,3,3,3,3,3,2,1
100083,2,2,2,2,2,2,2,2,2,2,2,2,2,2,1
100088,4,4,4,4,4,4,4,4,4,4,4,4,2,2,1
100093,1,1,1,1,1,1,1,1,1,1,1,1,1,1,1
100095,3,3,3,3,3,3,3,3,3,3,3,3,3,2,1
100104,11,11,11,11,11,7,7,7,7,6,5,4,2,2,1
100132,,,,,,,,,,,,,,,
100135,1,1,1,1,1,1,1,1,1,1,1,1,1,1,1
100138,1,1,1,1,1,1,1,1,1,1,1,1,1,1,1
100148,10,10,10,10,10,10,10,7,7,6,5,4,2,2,1
100150,1,1,1,1,1,1,1,1,1,1,1,1,1,1,1
100151,2,2,2,2,2,2,2,2,2,2,2,2,2,2,1
100155,1,1,1,1,1,1,1,1,1,1,1,1,1,1,1
100158,1,1,1,1,1,1,1,1,1,1,1,1,1,1,1
100159,1,1,1,1,1,1,1,1,1,1,1,1,1,1,1
100163,1,1,1,1,1,1,1,1,1,1,1,1,1,1,1
100174,2,2,2,2,2,2,2,2,2,2,2,2,2,2,1
100192,2,2,2,2,2,2,2,2,2,2,2,2,2,2,1
100194,,,,,,,,,,,,,,,
100203,5,5,5,5,5,5,5,5,5,5,5,4,2,2,1
100207,,,,,,,,,,,,,,,
100210,1,1,1,1,1,1,1,1,1,1,1,1,1,1,1
100214,,,,,,,,,,,,,,,
100228,4,4,4,4,4,4,4,4,4,4,4,4,2,2,1
100229,1,1,1,1,1,1,1,1,1,1,1,1,1,1,1
100238,,,,,,,,,,,,,,,
100240,1,1,1,1,1,1,1,1,1,1,1,1,1,1,1
100244,3,3,3,3,3,3,3,3,3,3,3,3,3,2,1
100255,10,10,10,10,10,10,10,7,7,6,5,4,2,2,1
100268,4,4,4,4,4,4,4,4,4,4,4,4,2,2,1
100273,2,2,2,2,2,2,2,2,2,2,2,2,2,2,1
100274,4,4,4,4,4,4,4,4,4,4,4,4,2,2,1
100276,1,1,1,1,1,1,1,1,1,1,1,1,1,1,1
100292,1,1,1,1,1,1,1,1,1,1,1,1,1,1,1
100304,1,1,1,1,1,1,1,1,1,1,1,1,1,1,1
100317,3,3,3,3,3,3,3,3,3,3,3,3,3,2,1
100322,,,,,,,,,,,,,,,
100323,2,2,2,2,2,2,2,2,2,2,2,2,2,2,1
100325,2,2,2,2,2,2,2,2,2,2,2,2,2,2,1
100337,,,,,,,,,,,,,,,
100360,3,3,3,3,3,3,3,3,3,3,3,3,3,2,1
100363,1,1,1,1,1,1,1,1,1,1,1,1,1,1,1
100373,1,1,1,1,1,1,1,1,1,1,1,1,1,1,1
100381,1,1,1,1,1,1,1,1,1,1,1,1,1,1,1
100384,1,1,1,1,1,1,1,1,1,1,1,1,1,1,1
100391,1,1,1,1,1,1,1,1,1,1,1,1,1,1,1
100406,1,1,1,1,1,1,1,1,1,1,1,1,1,1,1
100419,1,1,1,1,1,1,1,1,1,1,1,1,1,1,1
100426,3,3,3,3,3,3,3,3,3,3,3,3,3,2,1
100436,,,,,,,,,,,,,,,
100438,11,11,11,11,11,7,7,7,7,6,5,4,2,2,1
100442,11,11,11,11,11,7,7,7,7,6,5,4,2,2,1
100444,2,2,2,2,2,2,2,2,2,2,2,2,2,2,1
100446,3,3,3,3,3,3,3,3,3,3,3,3,3,2,1
100457,1,1,1,1,1,1,1,1,1,1,1,1,1,1,1
100459,6,6,6,6,6,6,6,6,6,6,5,4,2,2,1
100460,1,1,1,1,1,1,1,1,1,1,1,1,1,1,1
100464,1,1,1,1,1,1,1,1,1,1,1,1,1,1,1
100485,1,1,1,1,1,1,1,1,1,1,1,1,1,1,1
100487,1,1,1,1,1,1,1,1,1,1,1,1,1,1,1
100502,1,1,1,1,1,1,1,1,1,1,1,1,1,1,1
100504,1,1,1,1,1,1,1,1,1,1,1,1,1,1,1
100509,4,4,4,4,4,4,4,4,4,4,4,4,2,2,1
100513,1,1,1,1,1,1,1,1,1,1,1,1,1,1,1
100520,3,3,3,3,3,3,3,3,3,3,3,3,3,2,1
100529,1,1,1,1,1,1,1,1,1,1,1,1,1,1,1
100533,3,3,3,3,3,3,3,3,3,3,3,3,3,2,1
100539,1,1,1,1,1,1,1,1,1,1,1,1,1,1,1
100545,1,1,1,1,1,1,1,1,1,1,1,1,1,1,1
100554,1,1,1,1,1,1,1,1,1,1,1,1,1,1,1
100558,1,1,1,1,1,1,1,1,1,1,1,1,1,1,1
100562,12,12,12,11,11,7,7,7,7,6,5,4,2,2,1
100568,1,1,1,1,1,1,1,1,1,1,1,1,1,1,1
100580,,,,,,,,,,,,,,,
100584,3,3,3,3,3,3,3,3,3,3,3,3,3,2,1
100594,1,1,1,1,1,1,1,1,1,1,1,1,1,1,1
100622,3,3,3,3,3,3,3,3,3,3,3,3,3,2,1
100623,1,1,1,1,1,1,1,1,1,1,1,1,1,1,1
100633,2,2,2,2,2,2,2,2,2,2,2,2,2,2,1
100641,4,4,4,4,4,4,4,4,4,4,4,4,2,2,1
100649,1,1,1,1,1,1,1,1,1,1,1,1,1,1,1
100664,5,5,5,5,5,5,5,5,5,5,5,4,2,2,1
100666,3,3,3,3,3,3,3,3,3,3,3,3,3,2,1
100681,,,,,,,,,,,,,,,
100686,1,1,1,1,1,1,1,1,1,1,1,1,1,1,1
100689,2,2,2,2,2,2,2,2,2,2,2,2,2,2,1
100690,1,1,1,1,1,1,1,1,1,1,1,1,1,1,1
100692,1,1,1,1,1,1,1,1,1,1,1,1,1,1,1
100693,4,4,4,4,4,4,4,4,4,4,4,4,2,2,1
100697,2,2,2,2,2,2,2,2,2,2,2,2,2,2,1
100700,1,1,1,1,1,1,1,1,1,1,1,1,1,1,1
100714,1,1,1,1,1,1,1,1,1,1,1,1,1,1,1
100720,1,1,1,1,1,1,1,1,1,1,1,1,1,1,1
100726,1,1,1,1,1,1,1,1,1,1,1,1,1,1,1
100742,10,10,10,10,10,10,10,7,7,6,5,4,2,2,1
100753,9,9,9,9,9,9,7,7,7,6,5,4,2,2,1
100768,1,1,1,1,1,1,1,1,1,1,1,1,1,1,1
100781,6,6,6,6,6,6,6,6,6,6,5,4,2,2,1
100783,3,3,3,3,3,3,3,3,3,3,3,3,3,2,1
100792,5,5,5,5,5,5,5,5,5,5,5,4,2,2,1
100796,2,2,2,2,2,2,2,2,2,2,2,2,2,2,1
100799,1,1,1,1,1,1,1,1,1,1,1,1,1,1,1
100805,4,4,4,4,4,4,4,4,4,4,4,4,2,2,1
100810,10,10,10,10,10,10,10,7,7,6,5,4,2,2,1
100816,1,1,1,1,1,1,1,1,1,1,1,1,1,1,1
100841,1,1,1,1,1,1,1,1,1,1,1,1,1,1,1
100843,2,2,2,2,2,2,2,2,2,2,2,2,2,2,1
100845,1,1,1,1,1,1,1,1,1,1,1,1,1,1,1
100857,1,1,1,1,1,1,1,1,1,1,1,1,1,1,1
100875,14,14,14,14,9,9,7,7,7,6,5,4,2,2,1
100885,1,1,1,1,1,1,1,1,1,1,1,1,1,1,1
100888,3,3,3,3,3,3,3,3,3,3,3,3,3,2,1
100900,1,1,1,1,1,1,1,1,1,1,1,1,1,1,1
100901,3,3,3,3,3,3,3,3,3,3,3,3,3,2,1
100905,5,5,5,5,5,5,5,5,5,5,5,4,2,2,1
100917,,,,,,,,,,,,,,,
100929,3,3,3,3,3,3,3,3,3,3,3,3,3,2,1
100934,1,1,1,1,1,1,1,1,1,1,1,1,1,1,1
100953,3,3,3,3,3,3,3,3,3,3,3,3,3,2,1
100958,3,3,3,3,3,3,3,3,3,3,3,3,3,2,1
100974,1,1,1,1,1,1,1,1,1,1,1,1,1,1,1
100984,1,1,1,1,1,1,1,1,1,1,1,1,1,1,1
100985,,,,,,,,,,,,,,,
100992,1,1,1,1,1,1,1,1,1,1,1,1,1,1,1
101011,1,1,1,1,1,1,1,1,1,1,1,1,1,1,1
101018,5,5,5,5,5,5,5,5,5,5,5,4,2,2,1
101020,1,1,1,1,1,1,1,1,1,1,1,1,1,1,1
101024,1,1,1,1,1,1,1,1,1,1,1,1,1,1,1
101046,5,5,5,5,5,5,5,5,5,5,5,4,2,2,1
101056,2,2,2,2,2,2,2,2,2,2,2,2,2,2,1
101061,,,,,,,,,,,,,,,
101062,2,2,2,2,2,2,2,2,2,2,2,2,2,2,1
101063,1,1,1,1,1,1,1,1,1,1,1,1,1,1,1
101094,1,1,1,1,1,1,1,1,1,1,1,1,1,1,1
101112,1,1,1,1,1,1,1,1,1,1,1,1,1,1,1
101125,4,4,4,4,4,4,4,4,4,4,4,4,2,2,1
101130,1,1,1,1,1,1,1,1,1,1,1,1,1,1,1
101134,5,5,5,5,5,5,5,5,5,5,5,4,2,2,1
101141,,,,,,,,,,,,,,,
101148,,,,,,,,,,,,,,,
101151,1,1,1,1,1,1,1,1,1,1,1,1,1,1,1
101154,3,3,3,3,3,3,3,3,3,3,3,3,3,2,1
101175,1,1,1,1,1,1,1,1,1,1,1,1,1,1,1
101180,4,4,4,4,4,4,4,4,4,4,4,4,2,2,1
101195,,,,,,,,,,,,,,,
101196,5,5,5,5,5,5,5,5,5,5,5,4,2,2,1
101203,1,1,1,1,1,1,1,1,1,1,1,1,1,1,1
101210,2,2,2,2,2,2,2,2,2,2,2,2,2,2,1
101218,2,2,2,2,2,2,2,2,2,2,2,2,2,2,1
101228,1,1,1,1,1,1,1,1,1,1,1,1,1,1,1
101236,1,1,1,1,1,1,1,1,1,1,1,1,1,1,1
101244,2,2,2,2,2,2,2,2,2,2,2,2,2,2,1
101253,2,2,2,2,2,2,2,2,2,2,2,2,2,2,1
101267,3,3,3,3,3,3,3,3,3,3,3,3,3,2,1
101268,1,1,1,1,1,1,1,1,1,1,1,1,1,1,1
101291,12,12,12,11,11,7,7,7,7,6,5,4,2,2,1
101292,,,,,,,,,,,,,,,
101323,4,4,4,4,4,4,4,4,4,4,4,4,2,2,1
101326,3,3,3,3,3,3,3,3,3,3,3,3,3,2,1
101339,3,3,3,3,3,3,3,3,3,3,3,3,3,2,1
101343,1,1,1,1,1,1,1,1,1,1,1,1,1,1,1
101347,1,1,1,1,1,1,1,1,1,1,1,1,1,1,1
101359,1,1,1,1,1,1,1,1,1,1,1,1,1,1,1
101372,1,1,1,1,1,1,1,1,1,1,1,1,1,1,1
101374,,,,,,,,,,,,,,,
101386,5,5,5,5,5,5,5,5,5,5,5,4,2,2,1
101389,1,1,1,1,1,1,1,1,1,1,1,1,1,1,1
101396,10,10,10,10,10,10,10,7,7,6,5,4,2,2,1
101399,6,6,6,6,6,6,6,6,6,6,5,4,2,2,1
101400,,,,,,,,,,,,,,,
101426,3,3,3,3,3,3,3,3,3,3,3,3,3,2,1
101451,1,1,1,1,1,1,1,1,1,1,1,1,1,1,1
101456,14,14,14,14,9,9,7,7,7,6,5,4,2,2,1
101460,3,3,3,3,3,3,3,3,3,3,3,3,3,2,1
101469,2,2,2,2,2,2,2,2,2,2,2,2,2,2,1
101481,9,9,9,9,9,9,7,7,7,6,5,4,2,2,1
101494,1,1,1,1,1,1,1,1,1,1,1,1,1,1,1
101499,1,1,1,1,1,1,1,1,1,1,1,1,1,1,1
101501,1,1,1,1,1,1,1,1,1,1,1,1,1,1,1
101502,2,2,2,2,2,2,2,2,2,2,2,2,2,2,1
101503,4,4,4,4,4,4,4,4,4,4,4,4,2,2,1
101521,5,5,5,5,5,5,5,5,5,5,5,4,2,2,1
101525,1,1,1,1,1,1,1,1,1,1,1,1,1,1,1
101531,,,,,,,,,,,,,,,
101537,2,2,2,2,2,2,2,2,2,2,2,2,2,2,1
101541,9,9,9,9,9,9,7,7,7,6,5,4,2,2,1
101560,3,3,3,3,3,3,3,3,3,3,3,3,3,2,1
101570,3,3,3,3,3,3,3,3,3,3,3,3,3,2,1
101574,3,3,3,3,3,3,3,3,3,3,3,3,3,2,1
101580,4,4,4,4,4,4,4,4,4,4,4,4,2,2,1
101581,1,1,1,1,1,1,1,1,1,1,1,1,1,1,1
101590,1,1,1,1,1,1,1,1,1,1,1,1,1,1,1
101591,1,1,1,1,1,1,1,1,1,1,1,1,1,1,1
101599,1,1,1,1,1,1,1,1,1,1,1,1,1,1,1
101602,1,1,1,1,1,1,1,1,1,1,1,1,1,1,1
101603,3,3,3,3,3,3,3,3,3,3,3,3,3,2,1
101609,6,6,6,6,6,6,6,6,6,6,5,4,2,2,1
101618,1,1,1,1,1,1,1,1,1,1,1,1,1,1,1
101626,3,3,3,3,3,3,3,3,3,3,3,3,3,2,1
101637,4,4,4,4,4,4,4,4,4,4,4,4,2,2,1
101640,1,1,1,1,1,1,1,1,1,1,1,1,1,1,1
101663,,,,,,,,,,,,,,,
101668,,,,,,,,,,,,,,,
101670,1,1,1,1,1,1,1,1,1,1,1,1,1,1,1
101678,7,7,7,7,7,7,7,7,7,6,5,4,2,2,1
101680,1,1,1,1,1,1,1,1,1,1,1,1,1,1,1
101713,3,3,3,3,3,3,3,3,3,3,3,3,3,2,1
101719,3,3,3,3,3,3,3,3,3,3,3,3,3,2,1
101729,1,1,1,1,1,1,1,1,1,1,1,1,1,1,1
101738,1,1,1,1,1,1,1,1,1,1,1,1,1,1,1
101744,1,1,1,1,1,1,1,1,1,1,1,1,1,1,1
101752,1,1,1,1,1,1,1,1,1,1,1,1,1,1,1
101756,14,14,14,14,9,9,7,7,7,6,5,4,2,2,1
101758,1,1,1,1,1,1,1,1,1,1,1,1,1,1,1
101759,4,4,4,4,4,4,4,4,4,4,4,4,2,2,1
101761,2,2,2,2,2,2,2,2,2,2,2,2,2,2,1
101763,2,2,2,2,2,2,2,2,2,2,2,2,2,2,1
101776,3,3,3,3,3,3,3,3,3,3,3,3,3,2,1
101777,4,4,4,4,4,4,4,4,4,4,4,4,2,2,1
101785,2,2,2,2,2,2,2,2,2,2,2,2,2,2,1
101790,,,,,,,,,,,,,,,
101797,2,2,2,2,2,2,2,2,2,2,2,2,2,2,1
101803,,,,,,,,,,,,,,,
101812,1,1,1,1,1,1,1,1,1,1,1,1,1,1,1
101815,1,1,1,1,1,1,1,1,1,1,1,1,1,1,1
101828,,,,,,,,,,,,,,,
101829,1,1,1,1,1,1,1,1,1,1,1,1,1,1,1
101831,1,1,1,1,1,1,1,1,1,1,1,1,1,1,1
101833,5,5,5,5,5,5,5,5,5,5,5,4,2,2,1
101844,,,,,,,,,,,,,,,
101845,3,3,3,3,3,3,3,3,3,3,3,3,3,2,1
101856,,,,,,,,,,,,,,,
101857,6,6,6,6,6,6,6,6,6,6,5,4,2,2,1
101862,2,2,2,2,2,2,2,2,2,2,2,2,2,2,1
101870,2,2,2,2,2,2,2,2,2,2,2,2,2,2,1
101874,1,1,1,1,1,1,1,1,1,1,1,1,1,1,1
101880,4,4,4,4,4,4,4,4,4,4,4,4,2,2,1
101881,1,1,1,1,1,1,1,1,1,1,1,1,1,1,1
101888,2,2,2,2,2,2,2,2,2,2,2,2,2,2,1
101889,1,1,1,1,1,1,1,1,1,1,1,1,1,1,1
101896,1,1,1,1,1,1,1,1,1,1,1,1,1,1,1
101906,9,9,9,9,9,9,7,7,7,6,5,4,2,2,1
101923,,,,,,,,,,,,,,,
101932,1,1,1,1,1,1,1,1,1,1,1,1,1,1,1
101935,1,1,1,1,1,1,1,1,1,1,1,1,1,1,1
101941,1,1,1,1,1,1,1,1,1,1,1,1,1,1,1
101945,2,2,2,2,2,2,2,2,2,2,2,2,2,2,1
101953,1,1,1,1,1,1,1,1,1,1,1,1,1,1,1
101955,9,9,9,9,9,9,7,7,7,6,5,4,2,2,1
101972,3,3,3,3,3,3,3,3,3,3,3,3,3,2,1
101973,1,1,1,1,1,1,1,1,1,1,1,1,1,1,1
101983,1,1,1,1,1,1,1,1,1,1,1,1,1,1,1
102027,,,,,,,,,,,,,,,
102045,4,4,4,4,4,4,4,4,4,4,4,4,2,2,1
102047,4,4,4,4,4,4,4,4,4,4,4,4,2,2,1
102056,,,,,,,,,,,,,,,
102062,3,3,3,3,3,3,3,3,3,3,3,3,3,2,1
102064,3,3,3,3,3,3,3,3,3,3,3,3,3,2,1
102080,5,5,5,5,5,5,5,5,5,5,5,4,2,2,1
102086,5,5,5,5,5,5,5,5,5,5,5,4,2,2,1
102089,1,1,1,1,1,1,1,1,1,1,1,1,1,1,1
102092,5,5,5,5,5,5,5,5,5,5,5,4,2,2,1
102098,1,1,1,1,1,1,1,1,1,1,1,1,1,1,1
102106,1,1,1,1,1,1,1,1,1,1,1,1,1,1,1
102115,1,1,1,1,1,1,1,1,1,1,1,1,1,1,1
102121,15,12,12,11,11,7,7,7,7,6,5,4,2,2,1
102123,11,11,11,11,11,7,7,7,7,6,5,4,2,2,1
102132,1,1,1,1,1,1,1,1,1,1,1,1,1,1,1
102136,1,1,1,1,1,1,1,1,1,1,1,1,1,1,1
102142,6,6,6,6,6,6,6,6,6,6,5,4,2,2,1
102144,11,11,11,11,11,7,7,7,7,6,5,4,2,2,1
102149,1,1,1,1,1,1,1,1,1,1,1,1,1,1,1
102158,1,1,1,1,1,1,1,1,1,1,1,1,1,1,1
102161,10,10,10,10,10,10,10,7,7,6,5,4,2,2,1
102163,,,,,,,,,,,,,,,
102173,1,1,1,1,1,1,1,1,1,1,1,1,1,1,1
102186,1,1,1,1,1,1,1,1,1,1,1,1,1,1,1
102193,3,3,3,3,3,3,3,3,3,3,3,3,3,2,1
102205,1,1,1,1,1,1,1,1,1,1,1,1,1,1,1
102216,1,1,1,1,1,1,1,1,1,1,1,1,1,1,1
102240,6,6,6,6,6,6,6,6,6,6,5,4,2,2,1
102248,4,4,4,4,4,4,4,4,4,4,4,4,2,2,1
102249,1,1,1,1,1,1,1,1,1,1,1,1,1,1,1
102263,1,1,1,1,1,1,1,1,1,1,1,1,1,1,1
102269,3,3,3,3,3,3,3,3,3,3,3,3,3,2,1
102277,1,1,1,1,1,1,1,1,1,1,1,1,1,1,1
102283,2,2,2,2,2,2,2,2,2,2,2,2,2,2,1
102293,4,4,4,4,4,4,4,4,4,4,4,4,2,2,1
102295,4,4,4,4,4,4,4,4,4,4,4,4,2,2,1
102299,1,1,1,1,1,1,1,1,1,1,1,1,1,1,1
102304,1,1,1,1,1,1,1,1,1,1,1,1,1,1,1
102313,1,1,1,1,1,1,1,1,1,1,1,1,1,1,1
102316,1,1,1,1,1,1,1,1,1,1,1,1,1,1,1
102318,1,1,1,1,1,1,1,1,1,1,1,1,1,1,1
102329,1,1,1,1,1,1,1,1,1,1,1,1,1,1,1
102336,3,3,3,3,3,3,3,3,3,3,3,3,3,2,1
102341,6,6,6,6,6,6,6,6,6,6,5,4,2,2,1
102345,6,6,6,6,6,6,6,6,6,6,5,4,2,2,1
102360,6,6,6,6,6,6,6,6,6,6,5,4,2,2,1
102383,2,2,2,2,2,2,2,2,2,2,2,2,2,2,1
102390,1,1,1,1,1,1,1,1,1,1,1,1,1,1,1
102398,,,,,,,,,,,,,,,
102411,1,1,1,1,1,1,1,1,1,1,1,1,1,1,1
102412,1,1,1,1,1,1,1,1,1,1,1,1,1,1,1
102418,1,1,1,1,1,1,1,1,1,1,1,1,1,1,1
102419,1,1,1,1,1,1,1,1,1,1,1,1,1,1,1
102423,1,1,1,1,1,1,1,1,1,1,1,1,1,1,1
102431,4,4,4,4,4,4,4,4,4,4,4,4,2,2,1
102434,1,1,1,1,1,1,1,1,1,1,1,1,1,1,1
102442,,,,,,,,,,,,,,,
102457,3,3,3,3,3,3,3,3,3,3,3,3,3,2,1
102462,1,1,1,1,1,1,1,1,1,1,1,1,1,1,1
102465,8,8,8,8,8,8,8,8,7,6,5,4,2,2,1
102478,1,1,1,1,1,1,1,1,1,1,1,1,1,1,1
102482,2,2,2,2,2,2,2,2,2,2,2,2,2,2,1
102488,,,,,,,,,,,,,,,
102500,5,5,5,5,5,5,5,5,5,5,5,4,2,2,1
102503,,,,,,,,,,,,,,,
102508,1,1,1,1,1,1,1,1,1,1,1,1,1,1,1
102511,1,1,1,1,1,1,1,1,1,1,1,1,1,1,1
102512,1,1,1,1,1,1,1,1,1,1,1,1,1,1,1
102530,,,,,,,,,,,,,,,
102531,1,1,1,1,1,1,1,1,1,1,1,1,1,1,1
102536,3,3,3,3,3,3,3,3,3,3,3,3,3,2,1
102539,2,2,2,2,2,2,2,2,2,2,2,2,2,2,1
102580,4,4,4,4,4,4,4,4,4,4,4,4,2,2,1
102583,1,1,1,1,1,1,1,1,1,1,1,1,1,1,1
102584,2,2,2,2,2,2,2,2,2,2,2,2,2,2,1
102585,2,2,2,2,2,2,2,2,2,2,2,2,2,2,1
102589,3,3,3,3,3,3,3,3,3,3,3,3,3,2,1
102600,5,5,5,5,5,5,5,5,5,5,5,4,2,2,1
102606,1,1,1,1,1,1,1,1,1,1,1,1,1,1,1
102607,3,3,3,3,3,3,3,3,3,3,3,3,3,2,1
102615,1,1,1,1,1,1,1,1,1,1,1,1,1,1,1
102650,2,2,2,2,2,2,2,2,2,2,2,2,2,2,1
102665,,,,,,,,,,,,,,,
102681,1,1,1,1,1,1,1,1,1,1,1,1,1,1,1
102693,3,3,3,3,3,3,3,3,3,3,3,3,3,2,1
102703,1,1,1,1,1,1,1,1,1,1,1,1,1,1,1
102726,5,5,5,5,5,5,5,5,5,5,5,4,2,2,1
102734,12,12,12,11,11,7,7,7,7,6,5,4,2,2,1
102741,1,1,1,1,1,1,1,1,1,1,1,1,1,1,1
102747,4,4,4,4,4,4,4,4,4,4,4,4,2,2,1
102753,1,1,1,1,1,1,1,1,1,1,1,1,1,1,1
102758,4,4,4,4,4,4,4,4,4,4,4,4,2,2,1
102759,8,8,8,8,8,8,8,8,7,6,5,4,2,2,1
102769,2,2,2,2,2,2,2,2,2,2,2,2,2,2,1
102770,1,1,1,1,1,1,1,1,1,1,1,1,1,1,1
102778,,,,,,,,,,,,,,,
102791,4,4,4,4,4,4,4,4,4,4,4,4,2,2,1
102794,,,,,,,,,,,,,,,
102796,3,3,3,3,3,3,3,3,3,3,3,3,3,2,1
102805,1,1,1,1,1,1,1,1,1,1,1,1,1,1,1
102815,1,1,1,1,1,1,1,1,1,1,1,1,1,1,1
102826,2,2,2,2,2,2,2,2,2,2,2,2,2,2,1
102841,2,2,2,2,2,2,2,2,2,2,2,2,2,2,1
102846,4,4,4,4,4,4,4,4,4,4,4,4,2,2,1
102862,3,3,3,3,3,3,3,3,3,3,3,3,3,2,1
102865,4,4,4,4,4,4,4,4,4,4,4,4,2,2,1
102868,6,6,6,6,6,6,6,6,6,6,5,4,2,2,1
102873,5,5,5,5,5,5,5,5,5,5,5,4,2,2,1
102905,2,2,2,2,2,2,2,2,2,2,2,2,2,2,1
102918,4,4,4,4,4,4,4,4,4,4,4,4,2,2,1
102919,1,1,1,1,1,1,1,1,1,1,1,1,1,1,1
102928,1,1,1,1,1,1,1,1,1,1,1,1,1,1,1
102931,2,2,2,2,2,2,2,2,2,2,2,2,2,2,1
102953,,,,,,,,,,,,,,,
102976,3,3,3,3,3,3,3,3,3,3,3,3,3,2,1
102986,3,3,3,3,3,3,3,3,3,3,3,3,3,2,1
103007,1,1,1,1,1,1,1,1,1,1,1,1,1,1,1
103008,1,1,1,1,1,1,1,1,1,1,1,1,1,1,1
103013,1,1,1,1,1,1,1,1,1,1,1,1,1,1,1
103036,8,8,8,8,8,8,8,8,7,6,5,4,2,2,1
103037,,,,,,,,,,,,,,,
103057,1,1,1,1,1,1,1,1,1,1,1,1,1,1,1
103061,11,11,11,11,11,7,7,7,7,6,5,4,2,2,1
103068,,,,,,,,,,,,,,,
103073,1,1,1,1,1,1,1,1,1,1,1,1,1,1,1
103080,1,1,1,1,1,1,1,1,1,1,1,1,1,1,1
103086,3,3,3,3,3,3,3,3,3,3,3,3,3,2,1
103087,2,2,2,2,2,2,2,2,2,2,2,2,2,2,1
103089,1,1,1,1,1,1,1,1,1,1,1,1,1,1,1
103094,1,1,1,1,1,1,1,1,1,1,1,1,1,1,1
103097,4,4,4,4,4,4,4,4,4,4,4,4,2,2,1
103106,4,4,4,4,4,4,4,4,4,4,4,4,2,2,1
103115,4,4,4,4,4,4,4,4,4,4,4,4,2,2,1
103118,1,1,1,1,1,1,1,1,1,1,1,1,1,1,1
103126,2,2,2,2,2,2,2,2,2,2,2,2,2,2,1
103128,1,1,1,1,1,1,1,1,1,1,1,1,1,1,1
103143,9,9,9,9,9,9,7,7,7,6,5,4,2,2,1
103147,,,,,,,,,,,,,,,
103152,1,1,1,1,1,1,1,1,1,1,1,1,1,1,1
103153,4,4,4,4,4,4,4,4,4,4,4,4,2,2,1
103157,1,1,1,1,1,1,1,1,1,1,1,1,1,1,1
103164,1,1,1,1,1,1,1,1,1,1,1,1,1,1,1
103165,1,1,1,1,1,1,1,1,1,1,1,1,1,1,1
103173,4,4,4,4,4,4,4,4,4,4,4,4,2,2,1
103186,,,,,,,,,,,,,,,
103200,1,1,1,1,1,1,1,1,1,1,1,1,1,1,1
103202,2,2,2,2,2,2,2,2,2,2,2,2,2,2,1
103203,,,,,,,,,,,,,,,
103211,1,1,1,1,1,1,1,1,1,1,1,1,1,1,1
103216,3,3,3,3,3,3,3,3,3,3,3,3,3,2,1
103218,3,3,3,3,3,3,3,3,3,3,3,3,3,2,1
103234,7,7,7,7,7,7,7,7,7,6,5,4,2,2,1
103243,1,1,1,1,1,1,1,1,1,1,1,1,1,1,1
103244,5,5,5,5,5,5,5,5,5,5,5,4,2,2,1
103245,4,4,4,4,4,4,4,4,4,4,4,4,2,2,1
103253,5,5,5,5,5,5,5,5,5,5,5,4,2,2,1
103273,1,1,1,1,1,1,1,1,1,1,1,1,1,1,1
103274,1,1,1,1,1,1,1,1,1,1,1,1,1,1,1
103295,1,1,1,1,1,1,1,1,1,1,1,1,1,1,1
103303,1,1,1,1,1,1,1,1,1,1,1,1,1,1,1
103312,1,1,1,1,1,1,1,1,1,1,1,1,1,1,1
103317,,,,,,,,,,,,,,,
103318,1,1,1,1,1,1,1,1,1,1,1,1,1,1,1
103331,1,1,1,1,1,1,1,1,1,1,1,1,1,1,1
103333,1,1,1,1,1,1,1,1,1,1,1,1,1,1,1
103334,3,3,3,3,3,3,3,3,3,3,3,3,3,2,1
103338,1,1,1,1,1,1,1,1,1,1,1,1,1,1,1
103345,3,3,3,3,3,3,3,3,3,3,3,3,3,2,1
103347,,,,,,,,,,,,,,,
103382,3,3,3,3,3,3,3,3,3,3,3,3,3,2,1
103401,1,1,1,1,1,1,1,1,1,1,1,1,1,1,1
103409,1,1,1,1,1,1,1,1,1,1,1,1,1,1,1
103410,1,1,1,1,1,1,1,1,1,1,1,1,1,1,1
103412,,,,,,,,,,,,,,,
103413,,,,,,,,,,,,,,,
103425,1,1,1,1,1,1,1,1,1,1,1,1,1,1,1
103439,1,1,1,1,1,1,1,1,1,1,1,1,1,1,1
103440,1,1,1,1,1,1,1,1,1,1,1,1,1,1,1
103442,,,,,,,,,,,,,,,
103447,1,1,1,1,1,1,1,1,1,1,1,1,1,1,1
103458,1,1,1,1,1,1,1,1,1,1,1,1,1,1,1
103474,1,1,1,1,1,1,1,1,1,1,1,1,1,1,1
103478,1,1,1,1,1,1,1,1,1,1,1,1,1,1,1
103488,,,,,,,,,,,,,,,
103524,,,,,,,,,,,,,,,
103531,1,1,1,1,1,1,1,1,1,1,1,1,1,1,1
103534,12,12,12,11,11,7,7,7,7,6,5,4,2,2,1
103539,1,1,1,1,1,1,1,1,1,1,1,1,1,1,1
103545,2,2,2,2,2,2,2,2,2,2,2,2,2,2,1
103559,1,1,1,1,1,1,1,1,1,1,1,1,1,1,1
103564,1,1,1,1,1,1,1,1,1,1,1,1,1,1,1
103566,3,3,3,3,3,3,3,3,3,3,3,3,3,2,1
103568,5,5,5,5,5,5,5,5,5,5,5,4,2,2,1
103577,1,1,1,1,1,1,1,1,1,1,1,1,1,1,1
103582,1,1,1,1,1,1,1,1,1,1,1,1,1,1,1
103595,1,1,1,1,1,1,1,1,1,1,1,1,1,1,1
103596,1,1,1,1,1,1,1,1,1,1,1,1,1,1,1
103598,1,1,1,1,1,1,1,1,1,1,1,1,1,1,1
103600,1,1,1,1,1,1,1,1,1,1,1,1,1,1,1
103609,1,1,1,1,1,1,1,1,1,1,1,1,1,1,1
103613,2,2,2,2,2,2,2,2,2,2,2,2,2,2,1
103635,2,2,2,2,2,2,2,2,2,2,2,2,2,2,1
103645,4,4,4,4,4,4,4,4,4,4,4,4,2,2,1
103650,3,3,3,3,3,3,3,3,3,3,3,3,3,2,1
103657,1,1,1,1,1,1,1,1,1,1,1,1,1,1,1
103659,1,1,1,1,1,1,1,1,1,1,1,1,1,1,1
103669,3,3,3,3,3,3,3,3,3,3,3,3,3,2,1
103679,1,1,1,1,1,1,1,1,1,1,1,1,1,1,1
103690,,,,,,,,,,,,,,,
103698,1,1,1,1,1,1,1,1,1,1,1,1,1,1,1
103713,1,1,1,1,1,1,1,1,1,1,1,1,1,1,1
103715,4,4,4,4,4,4,4,4,4,4,4,4,2,2,1
103718,2,2,2,2,2,2,2,2,2,2,2,2,2,2,1
103725,1,1,1,1,1,1,1,1,1,1,1,1,1,1,1
103747,,,,,,,,,,,,,,,
103773,1,1,1,1,1,1,1,1,1,1,1,1,1,1,1
103781,4,4,4,4,4,4,4,4,4,4,4,4,2,2,1
103803,1,1,1,1,1,1,1,1,1,1,1,1,1,1,1
103819,4,4,4,4,4,4,4,4,4,4,4,4,2,2,1
103837,,,,,,,,,,,,,,,
103848,,,,,,,,,,,,,,,
103853,1,1,1,1,1,1,1,1,1,1,1,1,1,1,1
103870,2,2,2,2,2,2,2,2,2,2,2,2,2,2,1
103890,1,1,1,1,1,1,1,1,1,1,1,1,1,1,1
103900,7,7,7,7,7,7,7,7,7,6,5,4,2,2,1
103905,1,1,1,1,1,1,1,1,1,1,1,1,1,1,1
103917,1,1,1,1,1,1,1,1,1,1,1,1,1,1,1
103923,,,,,,,,,,,,,,,
103926,1,1,1,1,1,1,1,1,1,1,1,1,1,1,1
103935,1,1,1,1,1,1,1,1,1,1,1,1,1,1,1
103941,1,1,1,1,1,1,1,1,1,1,1,1,1,1,1
103963,3,3,3,3,3,3,3,3,3,3,3,3,3,2,1
103968,2,2,2,2,2,2,2,2,2,2,2,2,2,2,1
103976,10,10,10,10,10,10,10,7,7,6,5,4,2,2,1
103982,3,3,3,3,3,3,3,3,3,3,3,3,3,2,1
103988,3,3,3,3,3,3,3,3,3,3,3,3,3,2,1
104006,4,4,4,4,4,4,4,4,4,4,4,4,2,2,1
104007,4,4,4,4,4,4,4,4,4,4,4,4,2,2,1
104023,1,1,1,1,1,1,1,1,1,1,1,1,1,1,1
104027,2,2,2,2,2,2,2,2,2,2,2,2,2,2,1
104030,1,1,1,1,1,1,1,1,1,1,1,1,1,1,1
104036,10,10,10,10,10,10,10,7,7,6,5,4,2,2,1
104040,,,,,,,,,,,,,,,
104052,,,,,,,,,,,,,,,
104062,4,4,4,4,4,4,4,4,4,4,4,4,2,2,1
104071,10,10,10,10,10,10,10,7,7,6,5,4,2,2,1
104109,,,,,,,,,,,,,,,
104115,9,9,9,9,9,9,7,7,7,6,5,4,2,2,1
104137,3,3,3,3,3,3,3,3,3,3,3,3,3,2,1
104142,1,1,1,1,1,1,1,1,1,1,1,1,1,1,1
104146,3,3,3,3,3,3,3,3,3,3,3,3,3,2,1
104154,,,,,,,,,,,,,,,
104162,3,3,3,3,3,3,3,3,3,3,3,3,3,2,1
104180,3,3,3,3,3,3,3,3,3,3,3,3,3,2,1
104185,2,2,2,2,2,2,2,2,2,2,2,2,2,2,1
104199,4,4,4,4,4,4,4,4,4,4,4,4,2,2,1
104204,1,1,1,1,1,1,1,1,1,1,1,1,1,1,1
104205,1,1,1,1,1,1,1,1,1,1,1,1,1,1,1
104213,2,2,2,2,2,2,2,2,2,2,2,2,2,2,1
104220,1,1,1,1,1,1,1,1,1,1,1,1,1,1,1
104222,1,1,1,1,1,1,1,1,1,1,1,1,1,1,1
104223,4,4,4,4,4,4,4,4,4,4,4,4,2,2,1
104224,1,1,1,1,1,1,1,1,1,1,1,1,1,1,1
104230,1,1,1,1,1,1,1,1,1,1,1,1,1,1,1
104234,1,1,1,1,1,1,1,1,1,1,1,1,1,1,1
104248,3,3,3,3,3,3,3,3,3,3,3,3,3,2,1
104255,,,,,,,,,,,,,,,
104263,3,3,3,3,3,3,3,3,3,3,3,3,3,2,1
104280,2,2,2,2,2,2,2,2,2,2,2,2,2,2,1
104282,2,2,2,2,2,2,2,2,2,2,2,2,2,2,1
104283,4,4,4,4,4,4,4,4,4,4,4,4,2,2,1
104302,4,4,4,4,4,4,4,4,4,4,4,4,2,2,1
104306,,,,,,,,,,,,,,,
104311,1,1,1,1,1,1,1,1,1,1,1,1,1,1,1
104319,1,1,1,1,1,1,1,1,1,1,1,1,1,1,1
104326,1,1,1,1,1,1,1,1,1,1,1,1,1,1,1
104328,1,1,1,1,1,1,1,1,1,1,1,1,1,1,1
104340,,,,,,,,,,,,,,,
104348,4,4,4,4,4,4,4,4,4,4,4,4,2,2,1
104349,6,6,6,6,6,6,6,6,6,6,5,4,2,2,1
104350,1,1,1,1,1,1,1,1,1,1,1,1,1,1,1
104375,1,1,1,1,1,1,1,1,1,1,1,1,1,1,1
104376,10,10,10,10,10,10,10,7,7,6,5,4,2,2,1
104380,3,3,3,3,3,3,3,3,3,3,3,3,3,2,1
104385,4,4,4,4,4,4,4,4,4,4,4,4,2,2,1
104389,,,,,,,,,,,,,,,
104392,11,11,11,11,11,7,7,7,7,6,5,4,2,2,1
104398,1,1,1,1,1,1,1,1,1,1,1,1,1,1,1
104405,5,5,5,5,5,5,5,5,5,5,5,4,2,2,1
104406,1,1,1,1,1,1,1,1,1,1,1,1,1,1,1
104408,1,1,1,1,1,1,1,1,1,1,1,1,1,1,1
104416,1,1,1,1,1,1,1,1,1,1,1,1,1,1,1
104418,1,1,1,1,1,1,1,1,1,1,1,1,1,1,1
104439,1,1,1,1,1,1,1,1,1,1,1,1,1,1,1
104449,1,1,1,1,1,1,1,1,1,1,1,1,1,1,1
104460,1,1,1,1,1,1,1,1,1,1,1,1,1,1,1
104462,1,1,1,1,1,1,1,1,1,1,1,1,1,1,1
104464,,,,,,,,,,,,,,,
104475,6,6,6,6,6,6,6,6,6,6,5,4,2,2,1
104482,1,1,1,1,1,1,1,1,1,1,1,1,1,1,1
104483,8,8,8,8,8,8,8,8,7,6,5,4,2,2,1
104492,1,1,1,1,1,1,1,1,1,1,1,1,1,1,1
104496,3,3,3,3,3,3,3,3,3,3,3,3,3,2,1
104499,1,1,1,1,1,1,1,1,1,1,1,1,1,1,1
104513,5,5,5,5,5,5,5,5,5,5,5,4,2,2,1
104514,1,1,1,1,1,1,1,1,1,1,1,1,1,1,1
104525,,,,,,,,,,,,,,,
104542,1,1,1,1,1,1,1,1,1,1,1,1,1,1,1
104551,,,,,,,,,,,,,,,
104553,,,,,,,,,,,,,,,
104555,,,,,,,,,,,,,,,
104564,1,1,1,1,1,1,1,1,1,1,1,1,1,1,1
104572,1,1,1,1,1,1,1,1,1,1,1,1,1,1,1
104614,6,6,6,6,6,6,6,6,6,6,5,4,2,2,1
104663,3,3,3,3,3,3,3,3,3,3,3,3,3,2,1
104667,2,2,2,2,2,2,2,2,2,2,2,2,2,2,1
104668,,,,,,,,,,,,,,,
104669,,,,,,,,,,,,,,,
104671,9,9,9,9,9,9,7,7,7,6,5,4,2,2,1
104676,1,1,1,1,1,1,1,1,1,1,1,1,1,1,1
104677,1,1,1,1,1,1,1,1,1,1,1,1,1,1,1
104697,7,7,7,7,7,7,7,7,7,6,5,4,2,2,1
104699,5,5,5,5,5,5,5,5,5,5,5,4,2,2,1
104701,1,1,1,1,1,1,1,1,1,1,1,1,1,1,1
104719,3,3,3,3,3,3,3,3,3,3,3,3,3,2,1
104730,6,6,6,6,6,6,6,6,6,6,5,4,2,2,1
104731,3,3,3,3,3,3,3,3,3,3,3,3,3,2,1
104734,1,1,1,1,1,1,1,1,1,1,1,1,1,1,1
104751,2,2,2,2,2,2,2,2,2,2,2,2,2,2,1
104757,2,2,2,2,2,2,2,2,2,2,2,2,2,2,1
104763,3,3,3,3,3,3,3,3,3,3,3,3,3,2,1
104768,5,5,5,5,5,5,5,5,5,5,5,4,2,2,1
104770,4,4,4,4,4,4,4,4,4,4,4,4,2,2,1
104789,,,,,,,,,,,,,,,
104792,1,1,1,1,1,1,1,1,1,1,1,1,1,1,1
104818,1,1,1,1,1,1,1,1,1,1,1,1,1,1,1
104825,1,1,1,1,1,1,1,1,1,1,1,1,1,1,1
104827,1,1,1,1,1,1,1,1,1,1,1,1,1,1,1
104828,,,,,,,,,,,,,,,
104838,4,4,4,4,4,4,4,4,4,4,4,4,2,2,1
104840,3,3,3,3,3,3,3,3,3,3,3,3,3,2,1
104850,6,6,6,6,6,6,6,6,6,6,5,4,2,2,1
104857,1,1,1,1,1,1,1,1,1,1,1,1,1,1,1
104863,1,1,1,1,1,1,1,1,1,1,1,1,1,1,1
104864,1,1,1,1,1,1,1,1,1,1,1,1,1,1,1
104869,1,1,1,1,1,1,1,1,1,1,1,1,1,1,1
104879,2,2,2,2,2,2,2,2,2,2,2,2,2,2,1
104917,1,1,1,1,1,1,1,1,1,1,1,1,1,1,1
104924,1,1,1,1,1,1,1,1,1,1,1,1,1,1,1
104938,1,1,1,1,1,1,1,1,1,1,1,1,1,1,1
104941,1,1,1,1,1,1,1,1,1,1,1,1,1,1,1
104949,1,1,1,1,1,1,1,1,1,1,1,1,1,1,1
104953,3,3,3,3,3,3,3,3,3,3,3,3,3,2,1
104960,1,1,1,1,1,1,1,1,1,1,1,1,1,1,1
104972,1,1,1,1,1,1,1,1,1,1,1,1,1,1,1
105000,1,1,1,1,1,1,1,1,1,1,1,1,1,1,1
105006,2,2,2,2,2,2,2,2,2,2,2,2,2,2,1
105016,2,2,2,2,2,2,2,2,2,2,2,2,2,2,1
105023,2,2,2,2,2,2,2,2,2,2,2,2,2,2,1
105034,1,1,1,1,1,1,1,1,1,1,1,1,1,1,1
105058,5,5,5,5,5,5,5,5,5,5,5,4,2,2,1
105080,11,11,11,11,11,7,7,7,7,6,5,4,2,2,1
105084,1,1,1,1,1,1,1,1,1,1,1,1,1,1,1
105089,1,1,1,1,1,1,1,1,1,1,1,1,1,1,1
105100,4,4,4,4,4,4,4,4,4,4,4,4,2,2,1
105101,7,7,7,7,7,7,7,7,7,6,5,4,2,2,1
105113,1,1,1,1,1,1,1,1,1,1,1,1,1,1,1
105142,4,4,4,4,4,4,4,4,4,4,4,4,2,2,1
105163,1,1,1,1,1,1,1,1,1,1,1,1,1,1,1
105167,1,1,1,1,1,1,1,1,1,1,1,1,1,1,1
105168,,,,,,,,,,,,,,,
105176,3,3,3,3,3,3,3,3,3,3,3,3,3,2,1
105181,3,3,3,3,3,3,3,3,3,3,3,3,3,2,1
105201,3,3,3,3,3,3,3,3,3,3,3,3,3,2,1
105206,3,3,3,3,3,3,3,3,3,3,3,3,3,2,1
105220,3,3,3,3,3,3,3,3,3,3,3,3,3,2,1
105222,9,9,9,9,9,9,7,7,7,6,5,4,2,2,1
105241,1,1,1,1,1,1,1,1,1,1,1,1,1,1,1
105255,1,1,1,1,1,1,1,1,1,1,1,1,1,1,1
105256,,,,,,,,,,,,,,,
105272,1,1,1,1,1,1,1,1,1,1,1,1,1,1,1
105284,1,1,1,1,1,1,1,1,1,1,1,1,1,1,1
105285,1,1,1,1,1,1,1,1,1,1,1,1,1,1,1
105288,4,4,4,4,4,4,4,4,4,4,4,4,2,2,1
105292,3,3,3,3,3,3,3,3,3,3,3,3,3,2,1
105308,1,1,1,1,1,1,1,1,1,1,1,1,1,1,1
105309,6,6,6,6,6,6,6,6,6,6,5,4,2,2,1
105311,1,1,1,1,1,1,1,1,1,1,1,1,1,1,1
105331,1,1,1,1,1,1,1,1,1,1,1,1,1,1,1
105335,1,1,1,1,1,1,1,1,1,1,1,1,1,1,1
105361,1,1,1,1,1,1,1,1,1,1,1,1,1,1,1
105364,3,3,3,3,3,3,3,3,3,3,3,3,3,2,1
105377,4,4,4,4,4,4,4,4,4,4,4,4,2,2,1
105378,4,4,4,4,4,4,4,4,4,4,4,4,2,2,1
105385,3,3,3,3,3,3,3,3,3,3,3,3,3,2,1
105392,1,1,1,1,1,1,1,1,1,1,1,1,1,1,1
105405,1,1,1,1,1,1,1,1,1,1,1,1,1,1,1
105407,1,1,1,1,1,1,1,1,1,1,1,1,1,1,1
105410,6,6,6,6,6,6,6,6,6,6,5,4,2,2,1
105423,1,1,1,1,1,1,1,1,1,1,1,1,1,1,1
105424,2,2,2,2,2,2,2,2,2,2,2,2,2,2,1
105426,1,1,1,1,1,1,1,1,1,1,1,1,1,1,1
105427,7,7,7,7,7,7,7,7,7,6,5,4,2,2,1
105460,11,11,11,11,11,7,7,7,7,6,5,4,2,2,1
105461,12,12,12,11,11,7,7,7,7,6,5,4,2,2,1
105468,,,,,,,,,,,,,,,
105477,2,2,2,2,2,2,2,2,2,2,2,2,2,2,1
105479,7,7,7,7,7,7,7,7,7,6,5,4,2,2,1
105491,,,,,,,,,,,,,,,
105500,1,1,1,1,1,1,1,1,1,1,1,1,1,1,1
105522,2,2,2,2,2,2,2,2,2,2,2,2,2,2,1
105554,1,1,1,1,1,1,1,1,1,1,1,1,1,1,1
105564,1,1,1,1,1,1,1,1,1,1,1,1,1,1,1
105576,5,5,5,5,5,5,5,5,5,5,5,4,2,2,1
105600,1,1,1,1,1,1,1,1,1,1,1,1,1,1,1
105610,5,5,5,5,5,5,5,5,5,5,5,4,2,2,1
105628,3,3,3,3,3,3,3,3,3,3,3,3,3,2,1
105644,2,2,2,2,2,2,2,2,2,2,2,2,2,2,1
105649,1,1,1,1,1,1,1,1,1,1,1,1,1,1,1
105652,1,1,1,1,1,1,1,1,1,1,1,1,1,1,1
105657,2,2,2,2,2,2,2,2,2,2,2,2,2,2,1
105680,2,2,2,2,2,2,2,2,2,2,2,2,2,2,1
105686,2,2,2,2,2,2,2,2,2,2,2,2,2,2,1
105689,2,2,2,2,2,2,2,2,2,2,2,2,2,2,1
105716,1,1,1,1,1,1,1,1,1,1,1,1,1,1,1
105731,1,1,1,1,1,1,1,1,1,1,1,1,1,1,1
105732,,,,,,,,,,,,,,,
105733,1,1,1,1,1,1,1,1,1,1,1,1,1,1,1
105747,1,1,1,1,1,1,1,1,1,1,1,1,1,1,1
105753,2,2,2,2,2,2,2,2,2,2,2,2,2,2,1
105756,1,1,1,1,1,1,1,1,1,1,1,1,1,1,1
105761,2,2,2,2,2,2,2,2,2,2,2,2,2,2,1
105763,,,,,,,,,,,,,,,
105764,4,4,4,4,4,4,4,4,4,4,4,4,2,2,1
105765,1,1,1,1,1,1,1,1,1,1,1,1,1,1,1
105792,,,,,,,,,,,,,,,
105796,1,1,1,1,1,1,1,1,1,1,1,1,1,1,1
105799,1,1,1,1,1,1,1,1,1,1,1,1,1,1,1
105812,1,1,1,1,1,1,1,1,1,1,1,1,1,1,1
105832,,,,,,,,,,,,,,,
105840,1,1,1,1,1,1,1,1,1,1,1,1,1,1,1
105846,1,1,1,1,1,1,1,1,1,1,1,1,1,1,1
105856,10,10,10,10,10,10,10,7,7,6,5,4,2,2,1
105864,8,8,8,8,8,8,8,8,7,6,5,4,2,2,1
105896,3,3,3,3,3,3,3,3,3,3,3,3,3,2,1
105908,10,10,10,10,10,10,10,7,7,6,5,4,2,2,1
105933,4,4,4,4,4,4,4,4,4,4,4,4,2,2,1
105940,1,1,1,1,1,1,1,1,1,1,1,1,1,1,1
105946,1,1,1,1,1,1,1,1,1,1,1,1,1,1,1
105947,1,1,1,1,1,1,1,1,1,1,1,1,1,1,1
105950,,,,,,,,,,,,,,,
105954,4,4,4,4,4,4,4,4,4,4,4,4,2,2,1
105956,1,1,1,1,1,1,1,1,1,1,1,1,1,1,1
105957,1,1,1,1,1,1,1,1,1,1,1,1,1,1,1
105962,6,6,6,6,6,6,6,6,6,6,5,4,2,2,1
105985,1,1,1,1,1,1,1,1,1,1,1,1,1,1,1
105994,4,4,4,4,4,4,4,4,4,4,4,4,2,2,1
105995,10,10,10,10,10,10,10,7,7,6,5,4,2,2,1
106001,1,1,1,1,1,1,1,1,1,1,1,1,1,1,1
106010,,,,,,,,,,,,,,,
106032,1,1,1,1,1,1,1,1,1,1,1,1,1,1,1
106033,9,9,9,9,9,9,7,7,7,6,5,4,2,2,1
106035,1,1,1,1,1,1,1,1,1,1,1,1,1,1,1
106043,3,3,3,3,3,3,3,3,3,3,3,3,3,2,1
106046,2,2,2,2,2,2,2,2,2,2,2,2,2,2,1
106071,2,2,2,2,2,2,2,2,2,2,2,2,2,2,1
106098,1,1,1,1,1,1,1,1,1,1,1,1,1,1,1
106102,1,1,1,1,1,1,1,1,1,1,1,1,1,1,1
106110,3,3,3,3,3,3,3,3,3,3,3,3,3,2,1
106138,,,,,,,,,,,,,,,
106140,3,3,3,3,3,3,3,3,3,3,3,3,3,2,1
106145,1,1,1,1,1,1,1,1,1,1,1,1,1,1,1
106166,5,5,5,5,5,5,5,5,5,5,5,4,2,2,1
106171,,,,,,,,,,,,,,,
106182,4,4,4,4,4,4,4,4,4,4,4,4,2,2,1
106186,1,1,1,1,1,1,1,1,1,1,1,1,1,1,1
106202,4,4,4,4,4,4,4,4,4,4,4,4,2,2,1
106228,3,3,3,3,3,3,3,3,3,3,3,3,3,2,1
106255,4,4,4,4,4,4,4,4,4,4,4,4,2,2,1
106256,1,1,1,1,1,1,1,1,1,1,1,1,1,1,1
106265,,,,,,,,,,,,,,,
106267,3,3,3,3,3,3,3,3,3,3,3,3,3,2,1
106274,1,1,1,1,1,1,1,1,1,1,1,1,1,1,1
106276,,,,,,,,,,,,,,,
106278,1,1,1,1,1,1,1,1,1,1,1,1,1,1,1
106280,1,1,1,1,1,1,1,1,1,1,1,1,1,1,1
106293,1,1,1,1,1,1,1,1,1,1,1,1,1,1,1
106294,5,5,5,5,5,5,5,5,5,5,5,4,2,2,1
106327,4,4,4,4,4,4,4,4,4,4,4,4,2,2,1
106356,1,1,1,1,1,1,1,1,1,1,1,1,1,1,1
106357,11,11,11,11,11,7,7,7,7,6,5,4,2,2,1
106365,1,1,1,1,1,1,1,1,1,1,1,1,1,1,1
106367,5,5,5,5,5,5,5,5,5,5,5,4,2,2,1
106382,2,2,2,2,2,2,2,2,2,2,2,2,2,2,1
106384,1,1,1,1,1,1,1,1,1,1,1,1,1,1,1
106388,1,1,1,1,1,1,1,1,1,1,1,1,1,1,1
106390,4,4,4,4,4,4,4,4,4,4,4,4,2,2,1
106396,2,2,2,2,2,2,2,2,2,2,2,2,2,2,1
106419,1,1,1,1,1,1,1,1,1,1,1,1,1,1,1
106422,1,1,1,1,1,1,1,1,1,1,1,1,1,1,1
106425,1,1,1,1,1,1,1,1,1,1,1,1,1,1,1
106432,1,1,1,1,1,1,1,1,1,1,1,1,1,1,1
106442,1,1,1,1,1,1,1,1,1,1,1,1,1,1,1
106443,1,1,1,1,1,1,1,1,1,1,1,1,1,1,1
106462,2,2,2,2,2,2,2,2,2,2,2,2,2,2,1
106464,1,1,1,1,1,1,1,1,1,1,1,1,1,1,1
106467,,,,,,,,,,,,,,,
106471,2,2,2,2,2,2,2,2,2,2,2,2,2,2,1
106475,2,2,2,2,2,2,2,2,2,2,2,2,2,2,1
106477,1,1,1,1,1,1,1,1,1,1,1,1,1,1,1
106486,,,,,,,,,,,,,,,
106493,3,3,3,3,3,3,3,3,3,3,3,3,3,2,1
106507,2,2,2,2,2,2,2,2,2,2,2,2,2,2,1
106508,13,13,10,10,10,10,10,7,7,6,5,4,2,2,1
106518,1,1,1,1,1,1,1,1,1,1,1,1,1,1,1
106534,3,3,3,3,3,3,3,3,3,3,3,3,3,2,1
106550,1,1,1,1,1,1,1,1,1,1,1,1,1,1,1
106562,1,1,1,1,1,1,1,1,1,1,1,1,1,1,1
106589,2,2,2,2,2,2,2,2,2,2,2,2,2,2,1
106614,1,1,1,1,1,1,1,1,1,1,1,1,1,1,1
106615,4,4,4,4,4,4,4,4,4,4,4,4,2,2,1
106623,1,1,1,1,1,1,1,1,1,1,1,1,1,1,1
106624,4,4,4,4,4,4,4,4,4,4,4,4,2,2,1
106625,1,1,1,1,1,1,1,1,1,1,1,1,1,1,1
106629,1,1,1,1,1,1,1,1,1,1,1,1,1,1,1
106630,5,5,5,5,5,5,5,5,5,5,5,4,2,2,1
106663,5,5,5,5,5,5,5,5,5,5,5,4,2,2,1
106672,1,1,1,1,1,1,1,1,1,1,1,1,1,1,1
106683,,,,,,,,,,,,,,,
106693,4,4,4,4,4,4,4,4,4,4,4,4,2,2,1
106705,10,10,10,10,10,10,10,7,7,6,5,4,2,2,1
106715,,,,,,,,,,,,,,,
106717,1,1,1,1,1,1,1,1,1,1,1,1,1,1,1
106721,1,1,1,1,1,1,1,1,1,1,1,1,1,1,1
106727,1,1,1,1,1,1,1,1,1,1,1,1,1,1,1
106733,3,3,3,3,3,3,3,3,3,3,3,3,3,2,1
106741,1,1,1,1,1,1,1,1,1,1,1,1,1,1,1
106743,,,,,,,,,,,,,,,
106747,2,2,2,2,2,2,2,2,2,2,2,2,2,2,1
106750,1,1,1,1,1,1,1,1,1,1,1,1,1,1,1
106766,2,2,2,2,2,2,2,2,2,2,2,2,2,2,1
106772,2,2,2,2,2,2,2,2,2,2,2,2,2,2,1
106776,1,1,1,1,1,1,1,1,1,1,1,1,1,1,1
106781,1,1,1,1,1,1,1,1,1,1,1,1,1,1,1
106782,5,5,5,5,5,5,5,5,5,5,5,4,2,2,1
106784,1,1,1,1,1,1,1,1,1,1,1,1,1,1,1
106796,,,,,,,,,,,,,,,
106802,2,2,2,2,2,2,2,2,2,2,2,2,2,2,1
106804,1,1,1,1,1,1,1,1,1,1,1,1,1,1,1
106805,,,,,,,,,,,,,,,
106806,1,1,1,1,1,1,1,1,1,1,1,1,1,1,1
106813,5,5,5,5,5,5,5,5,5,5,5,4,2,2,1
106816,1,1,1,1,1,1,1,1,1,1,1,1,1,1,1
106838,6,6,6,6,6,6,6,6,6,6,5,4,2,2,1
106853,3,3,3,3,3,3,3,3,3,3,3,3,3,2,1
106854,1,1,1,1,1,1,1,1,1,1,1,1,1,1,1
106862,,,,,,,,,,,,,,,
106888,1,1,1,1,1,1,1,1,1,1,1,1,1,1,1
106896,1,1,1,1,1,1,1,1,1,1,1,1,1,1,1
106912,4,4,4,4,4,4,4,4,4,4,4,4,2,2,1
106916,1,1,1,1,1,1,1,1,1,1,1,1,1,1,1
106917,3,3,3,3,3,3,3,3,3,3,3,3,3,2,1
106920,1,1,1,1,1,1,1,1,1,1,1,1,1,1,1
106934,7,7,7,7,7,7,7,7,7,6,5,4,2,2,1
106973,1,1,1,1,1,1,1,1,1,1,1,1,1,1,1
106975,3,3,3,3,3,3,3,3,3,3,3,3,3,2,1
106981,2,2,2,2,2,2,2,2,2,2,2,2,2,2,1
106983,1,1,1,1,1,1,1,1,1,1,1,1,1,1,1
107002,2,2,2,2,2,2,2,2,2,2,2,2,2,2,1
107010,,,,,,,,,,,,,,,
107011,,,,,,,,,,,,,,,
107017,3,3,3,3,3,3,3,3,3,3,3,3,3,2,1
107019,3,3,3,3,3,3,3,3,3,3,3,3,3,2,1
107021,,,,,,,,,,,,,,,
107022,1,1,1,1,1,1,1,1,1,1,1,1,1,1,1
107026,3,3,3,3,3,3,3,3,3,3,3,3,3,2,1
107042,,,,,,,,,,,,,,,
107045,4,4,4,4,4,4,4,4,4,4,4,4,2,2,1
107047,1,1,1,1,1,1,1,1,1,1,1,1,1,1,1
107055,1,1,1,1,1,1,1,1,1,1,1,1,1,1,1
107069,3,3,3,3,3,3,3,3,3,3,3,3,3,2,1
107071,1,1,1,1,1,1,1,1,1,1,1,1,1,1,1
107078,,,,,,,,,,,,,,,
107118,9,9,9,9,9,9,7,7,7,6,5,4,2,2,1
107123,,,,,,,,,,,,,,,
107124,2,2,2,2,2,2,2,2,2,2,2,2,2,2,1
107125,3,3,3,3,3,3,3,3,3,3,3,3,3,2,1
107141,1,1,1,1,1,1,1,1,1,1,1,1,1,1,1
107174,2,2,2,2,2,2,2,2,2,2,2,2,2,2,1
107182,7,7,7,7,7,7,7,7,7,6,5,4,2,2,1
107187,1,1,1,1,1,1,1,1,1,1,1,1,1,1,1
107190,13,13,10,10,10,10,10,7,7,6,5,4,2,2,1
107195,1,1,1,1,1,1,1,1,1,1,1,1,1,1,1
107205,1,1,1,1,1,1,1,1,1,1,1,1,1,1,1
107220,3,3,3,3,3,3,3,3,3,3,3,3,3,2,1
107226,1,1,1,1,1,1,1,1,1,1,1,1,1,1,1
107236,1,1,1,1,1,1,1,1,1,1,1,1,1,1,1
107259,1,1,1,1,1,1,1,1,1,1,1,1,1,1,1
107260,3,3,3,3,3,3,3,3,3,3,3,3,3,2,1
107263,,,,,,,,,,,,,,,
107265,1,1,1,1,1,1,1,1,1,1,1,1,1,1,1
107279,8,8,8,8,8,8,8,8,7,6,5,4,2,2,1
107284,1,1,1,1,1,1,1,1,1,1,1,1,1,1,1
107296,3,3,3,3,3,3,3,3,3,3,3,3,3,2,1
107302,3,3,3,3,3,3,3,3,3,3,3,3,3,2,1
107304,3,3,3,3,3,3,3,3,3,3,3,3,3,2,1
107310,1,1,1,1,1,1,1,1,1,1,1,1,1,1,1
107311,3,3,3,3,3,3,3,3,3,3,3,3,3,2,1
107314,1,1,1,1,1,1,1,1,1,1,1,1,1,1,1
107323,1,1,1,1,1,1,1,1,1,1,1,1,1,1,1
107330,1,1,1,1,1,1,1,1,1,1,1,1,1,1,1
107331,9,9,9,9,9,9,7,7,7,6,5,4,2,2,1
107335,3,3,3,3,3,3,3,3,3,3,3,3,3,2,1
107341,,,,,,,,,,,,,,,
107343,4,4,4,4,4,4,4,4,4,4,4,4,2,2,1
107388,1,1,1,1,1,1,1,1,1,1,1,1,1,1,1
107395,5,5,5,5,5,5,5,5,5,5,5,4,2,2,1
107400,1,1,1,1,1,1,1,1,1,1,1,1,1,1,1
107410,,,,,,,,,,,,,,,
107411,1,1,1,1,1,1,1,1,1,1,1,1,1,1,1
107412,1,1,1,1,1,1,1,1,1,1,1,1,1,1,1
107414,5,5,5,5,5,5,5,5,5,5,5,4,2,2,1
107416,1,1,1,1,1,1,1,1,1,1,1,1,1,1,1
107423,3,3,3,3,3,3,3,3,3,3,3,3,3,2,1
107435,1,1,1,1,1,1,1,1,1,1,1,1,1,1,1
107444,1,1,1,1,1,1,1,1,1,1,1,1,1,1,1
107455,1,1,1,1,1,1,1,1,1,1,1,1,1,1,1
107462,2,2,2,2,2,2,2,2,2,2,2,2,2,2,1
107463,1,1,1,1,1,1,1,1,1,1,1,1,1,1,1
107478,1,1,1,1,1,1,1,1,1,1,1,1,1,1,1
107488,,,,,,,,,,,,,,,
107520,1,1,1,1,1,1,1,1,1,1,1,1,1,1,1
107522,3,3,3,3,3,3,3,3,3,3,3,3,3,2,1
107524,1,1,1,1,1,1,1,1,1,1,1,1,1,1,1
107543,1,1,1,1,1,1,1,1,1,1,1,1,1,1,1
107546,1,1,1,1,1,1,1,1,1,1,1,1,1,1,1
107555,1,1,1,1,1,1,1,1,1,1,1,1,1,1,1
107557,1,1,1,1,1,1,1,1,1,1,1,1,1,1,1
107561,4,4,4,4,4,4,4,4,4,4,4,4,2,2,1
107568,3,3,3,3,3,3,3,3,3,3,3,3,3,2,1
107573,2,2,2,2,2,2,2,2,2,2,2,2,2,2,1
107586,1,1,1,1,1,1,1,1,1,1,1,1,1,1,1
107589,1,1,1,1,1,1,1,1,1,1,1,1,1,1,1
107603,1,1,1,1,1,1,1,1,1,1,1,1,1,1,1
107604,1,1,1,1,1,1,1,1,1,1,1,1,1,1,1
107613,2,2,2,2,2,2,2,2,2,2,2,2,2,2,1
107619,1,1,1,1,1,1,1,1,1,1,1,1,1,1,1
107621,,,,,,,,,,,,,,,
107627,5,5,5,5,5,5,5,5,5,5,5,4,2,2,1
107632,4,4,4,4,4,4,4,4,4,4,4,4,2,2,1
107638,1,1,1,1,1,1,1,1,1,1,1,1,1,1,1
107641,1,1,1,1,1,1,1,1,1,1,1,1,1,1,1
107647,4,4,4,4,4,4,4,4,4,4,4,4,2,2,1
107653,3,3,3,3,3,3,3,3,3,3,3,3,3,2,1
107656,1,1,1,1,1,1,1,1,1,1,1,1,1,1,1
107661,1,1,1,1,1,1,1,1,1,1,1,1,1,1,1
107662,2,2,2,2,2,2,2,2,2,2,2,2,2,2,1
107666,4,4,4,4,4,4,4,4,4,4,4,4,2,2,1
107671,1,1,1,1,1,1,1,1,1,1,1,1,1,1,1
107678,1,1,1,1,1,1,1,1,1,1,1,1,1,1,1
107681,5,5,5,5,5,5,5,5,5,5,5,4,2,2,1
107693,1,1,1,1,1,1,1,1,1,1,1,1,1,1,1
107698,2,2,2,2,2,2,2,2,2,2,2,2,2,2,1
107699,4,4,4,4,4,4,4,4,4,4,4,4,2,2,1
107710,1,1,1,1,1,1,1,1,1,1,1,1,1,1,1
107712,1,1,1,1,1,1,1,1,1,1,1,1,1,1,1
107713,1,1,1,1,1,1,1,1,1,1,1,1,1,1,1
107730,2,2,2,2,2,2,2,2,2,2,2,2,2,2,1
107735,8,8,8,8,8,8,8,8,7,6,5,4,2,2,1
107737,2,2,2,2,2,2,2,2,2,2,2,2,2,2,1
107749,3,3,3,3,3,3,3,3,3,3,3,3,3,2,1
107754,1,1,1,1,1,1,1,1,1,1,1,1,1,1,1
107770,1,1,1,1,1,1,1,1,1,1,1,1,1,1,1
107783,2,2,2,2,2,2,2,2,2,2,2,2,2,2,1
107785,1,1,1,1,1,1,1,1,1,1,1,1,1,1,1
107789,1,1,1,1,1,1,1,1,1,1,1,1,1,1,1
107793,1,1,1,1,1,1,1,1,1,1,1,1,1,1,1
107794,1,1,1,1,1,1,1,1,1,1,1,1,1,1,1
107795,1,1,1,1,1,1,1,1,1,1,1,1,1,1,1
107799,,,,,,,,,,,,,,,
107802,1,1,1,1,1,1,1,1,1,1,1,1,1,1,1
107810,1,1,1,1,1,1,1,1,1,1,1,1,1,1,1
107815,1,1,1,1,1,1,1,1,1,1,1,1,1,1,1
107819,11,11,11,11,11,7,7,7,7,6,5,4,2,2,1
107826,1,1,1,1,1,1,1,1,1,1,1,1,1,1,1
107828,1,1,1,1,1,1,1,1,1,1,1,1,1,1,1
107829,1,1,1,1,1,1,1,1,1,1,1,1,1,1,1
107836,4,4,4,4,4,4,4,4,4,4,4,4,2,2,1
107851,14,14,14,14,9,9,7,7,7,6,5,4,2,2,1
107866,1,1,1,1,1,1,1,1,1,1,1,1,1,1,1
107885,,,,,,,,,,,,,,,
107888,1,1,1,1,1,1,1,1,1,1,1,1,1,1,1
107892,1,1,1,1,1,1,1,1,1,1,1,1,1,1,1
107909,1,1,1,1,1,1,1,1,1,1,1,1,1,1,1
107923,,,,,,,,,,,,,,,
107925,1,1,1,1,1,1,1,1,1,1,1,1,1,1,1
107933,3,3,3,3,3,3,3,3,3,3,3,3,3,2,1
107937,7,7,7,7,7,7,7,7,7,6,5,4,2,2,1
107939,,,,,,,,,,,,,,,
107946,1,1,1,1,1,1,1,1,1,1,1,1,1,1,1
107957,1,1,1,1,1,1,1,1,1,1,1,1,1,1,1
107966,5,5,5,5,5,5,5,5,5,5,5,4,2,2,1
107974,1,1,1,1,1,1,1,1,1,1,1,1,1,1,1
107977,1,1,1,1,1,1,1,1,1,1,1,1,1,1,1
107984,1,1,1,1,1,1,1,1,1,1,1,1,1,1,1
107986,3,3,3,3,3,3,3,3,3,3,3,3,3,2,1
107996,,,,,,,,,,,,,,,
108007,2,2,2,2,2,2,2,2,2,2,2,2,2,2,1
108009,4,4,4,4,4,4,4,4,4,4,4,4,2,2,1
108023,3,3,3,3,3,3,3,3,3,3,3,3,3,2,1
108034,,,,,,,,,,,,,,,
108035,1,1,1,1,1,1,1,1,1,1,1,1,1,1,1
108041,8,8,8,8,8,8,8,8,7,6,5,4,2,2,1
108045,1,1,1,1,1,1,1,1,1,1,1,1,1,1,1
108047,1,1,1,1,1,1,1,1,1,1,1,1,1,1,1
108052,1,1,1,1,1,1,1,1,1,1,1,1,1,1,1
108059,3,3,3,3,3,3,3,3,3,3,3,3,3,2,1
108087,1,1,1,1,1,1,1,1,1,1,1,1,1,1,1
108091,2,2,2,2,2,2,2,2,2,2,2,2,2,2,1
108103,9,9,9,9,9,9,7,7,7,6,5,4,2,2,1
108106,2,2,2,2,2,2,2,2,2,2,2,2,2,2,1
108115,1,1,1,1,1,1,1,1,1,1,1,1,1,1,1
108120,2,2,2,2,2,2,2,2,2,2,2,2,2,2,1
108123,1,1,1,1,1,1,1,1,1,1,1,1,1,1,1
108138,1,1,1,1,1,1,1,1,1,1,1,1,1,1,1
108142,2,2,2,2,2,2,2,2,2,2,2,2,2,2,1
108150,1,1,1,1,1,1,1,1,1,1,1,1,1,1,1
108154,4,4,4,4,4,4,4,4,4,4,4,4,2,2,1
108165,3,3,3,3,3,3,3,3,3,3,3,3,3,2,1
108172,1,1,1,1,1,1,1,1,1,1,1,1,1,1,1
108176,3,3,3,3,3,3,3,3,3,3,3,3,3,2,1
108195,3,3,3,3,3,3,3,3,3,3,3,3,3,2,1
108212,1,1,1,1,1,1,1,1,1,1,1,1,1,1,1
108213,4,4,4,4,4,4,4,4,4,4,4,4,2,2,1
108221,,,,,,,,,,,,,,,
108228,2,2,2,2,2,2,2,2,2,2,2,2,2,2,1
108235,5,5,5,5,5,5,5,5,5,5,5,4,2,2,1
108236,3,3,3,3,3,3,3,3,3,3,3,3,3,2,1
108239,9,9,9,9,9,9,7,7,7,6,5,4,2,2,1
108244,1,1,1,1,1,1,1,1,1,1,1,1,1,1,1
108266,1,1,1,1,1,1,1,1,1,1,1,1,1,1,1
108282,,,,,,,,,,,,,,,
108283,2,2,2,2,2,2,2,2,2,2,2,2,2,2,1
108294,1,1,1,1,1,1,1,1,1,1,1,1,1,1,1
108300,1,1,1,1,1,1,1,1,1,1,1,1,1,1,1
108302,1,1,1,1,1,1,1,1,1,1,1,1,1,1,1
108309,,,,,,,,,,,,,,,
108316,1,1,1,1,1,1,1,1,1,1,1,1,1,1,1
108320,1,1,1,1,1,1,1,1,1,1,1,1,1,1,1
108327,,,,,,,,,,,,,,,
108329,7,7,7,7,7,7,7,7,7,6,5,4,2,2,1
108331,4,4,4,4,4,4,4,4,4,4,4,4,2,2,1
108341,2,2,2,2,2,2,2,2,2,2,2,2,2,2,1
108353,4,4,4,4,4,4,4,4,4,4,4,4,2,2,1
108377,3,3,3,3,3,3,3,3,3,3,3,3,3,2,1
108383,1,1,1,1,1,1,1,1,1,1,1,1,1,1,1
108395,3,3,3,3,3,3,3,3,3,3,3,3,3,2,1
108417,7,7,7,7,7,7,7,7,7,6,5,4,2,2,1
108424,1,1,1,1,1,1,1,1,1,1,1,1,1,1,1
108426,6,6,6,6,6,6,6,6,6,6,5,4,2,2,1
108432,1,1,1,1,1,1,1,1,1,1,1,1,1,1,1
108438,2,2,2,2,2,2,2,2,2,2,2,2,2,2,1
108446,1,1,1,1,1,1,1,1,1,1,1,1,1,1,1
108473,9,9,9,9,9,9,7,7,7,6,5,4,2,2,1
108497,1,1,1,1,1,1,1,1,1,1,1,1,1,1,1
108502,2,2,2,2,2,2,2,2,2,2,2,2,2,2,1
108503,1,1,1,1,1,1,1,1,1,1,1,1,1,1,1
108504,3,3,3,3,3,3,3,3,3,3,3,3,3,2,1
108510,1,1,1,1,1,1,1,1,1,1,1,1,1,1,1
108519,3,3,3,3,3,3,3,3,3,3,3,3,3,2,1
108540,,,,,,,,,,,,,,,
108565,11,11,11,11,11,7,7,7,7,6,5,4,2,2,1
108566,1,1,1,1,1,1,1,1,1,1,1,1,1,1,1
108567,2,2,2,2,2,2,2,2,2,2,2,2,2,2,1
108570,,,,,,,,,,,,,,,
108572,1,1,1,1,1,1,1,1,1,1,1,1,1,1,1
108583,7,7,7,7,7,7,7,7,7,6,5,4,2,2,1
108591,1,1,1,1,1,1,1,1,1,1,1,1,1,1,1
108601,1,1,1,1,1,1,1,1,1,1,1,1,1,1,1
108603,4,4,4,4,4,4,4,4,4,4,4,4,2,2,1
108606,1,1,1,1,1,1,1,1,1,1,1,1,1,1,1
108607,2,2,2,2,2,2,2,2,2,2,2,2,2,2,1
108610,1,1,1,1,1,1,1,1,1,1,1,1,1,1,1
108618,,,,,,,,,,,,,,,
108622,1,1,1,1,1,1,1,1,1,1,1,1,1,1,1
108640,,,,,,,,,,,,,,,
108649,,,,,,,,,,,,,,,
108651,1,1,1,1,1,1,1,1,1,1,1,1,1,1,1
108660,1,1,1,1,1,1,1,1,1,1,1,1,1,1,1
108677,,,,,,,,,,,,,,,
108708,5,5,5,5,5,5,5,5,5,5,5,4,2,2,1
108710,3,3,3,3,3,3,3,3,3,3,3,3,3,2,1
108721,3,3,3,3,3,3,3,3,3,3,3,3,3,2,1
108724,,,,,,,,,,,,,,,
108735,3,3,3,3,3,3,3,3,3,3,3,3,3,2,1
108742,1,1,1,1,1,1,1,1,1,1,1,1,1,1,1
108744,,,,,,,,,,,,,,,
108745,3,3,3,3,3,3,3,3,3,3,3,3,3,2,1
108752,,,,,,,,,,,,,,,
108754,1,1,1,1,1,1,1,1,1,1,1,1,1,1,1
108757,2,2,2,2,2,2,2,2,2,2,2,2,2,2,1
108762,1,1,1,1,1,1,1,1,1,1,1,1,1,1,1
108774,1,1,1,1,1,1,1,1,1,1,1,1,1,1,1
108790,1,1,1,1,1,1,1,1,1,1,1,1,1,1,1
108809,,,,,,,,,,,,,,,
108816,1,1,1,1,1,1,1,1,1,1,1,1,1,1,1
108824,1,1,1,1,1,1,1,1,1,1,1,1,1,1,1
108834,1,1,1,1,1,1,1,1,1,1,1,1,1,1,1
108850,1,1,1,1,1,1,1,1,1,1,1,1,1,1,1
108851,1,1,1,1,1,1,1,1,1,1,1,1,1,1,1
108860,4,4,4,4,4,4,4,4,4,4,4,4,2,2,1
108873,5,5,5,5,5,5,5,5,5,5,5,4,2,2,1
108899,1,1,1,1,1,1,1,1,1,1,1,1,1,1,1
108900,2,2,2,2,2,2,2,2,2,2,2,2,2,2,1
108910,1,1,1,1,1,1,1,1,1,1,1,1,1,1,1
108913,1,1,1,1,1,1,1,1,1,1,1,1,1,1,1
108914,1,1,1,1,1,1,1,1,1,1,1,1,1,1,1
108925,4,4,4,4,4,4,4,4,4,4,4,4,2,2,1
108927,1,1,1,1,1,1,1,1,1,1,1,1,1,1,1
108939,1,1,1,1,1,1,1,1,1,1,1,1,1,1,1
108942,11,11,11,11,11,7,7,7,7,6,5,4,2,2,1
108945,4,4,4,4,4,4,4,4,4,4,4,4,2,2,1
108950,1,1,1,1,1,1,1,1,1,1,1,1,1,1,1
108962,1,1,1,1,1,1,1,1,1,1,1,1,1,1,1
108971,7,7,7,7,7,7,7,7,7,6,5,4,2,2,1
108976,2,2,2,2,2,2,2,2,2,2,2,2,2,2,1
108988,,,,,,,,,,,,,,,
109013,1,1,1,1,1,1,1,1,1,1,1,1,1,1,1
109022,1,1,1,1,1,1,1,1,1,1,1,1,1,1,1
109027,1,1,1,1,1,1,1,1,1,1,1,1,1,1,1
109029,3,3,3,3,3,3,3,3,3,3,3,3,3,2,1
109038,,,,,,,,,,,,,,,
109041,1,1,1,1,1,1,1,1,1,1,1,1,1,1,1
109046,3,3,3,3,3,3,3,3,3,3,3,3,3,2,1
109061,2,2,2,2,2,2,2,2,2,2,2,2,2,2,1
109063,4,4,4,4,4,4,4,4,4,4,4,4,2,2,1
109064,1,1,1,1,1,1,1,1,1,1,1,1,1,1,1
109075,,,,,,,,,,,,,,,
109080,4,4,4,4,4,4,4,4,4,4,4,4,2,2,1
109090,1,1,1,1,1,1,1,1,1,1,1,1,1,1,1
109103,1,1,1,1,1,1,1,1,1,1,1,1,1,1,1
109106,2,2,2,2,2,2,2,2,2,2,2,2,2,2,1
109118,1,1,1,1,1,1,1,1,1,1,1,1,1,1,1
109121,3,3,3,3,3,3,3,3,3,3,3,3,3,2,1
109122,1,1,1,1,1,1,1,1,1,1,1,1,1,1,1
109123,3,3,3,3,3,3,3,3,3,3,3,3,3,2,1
109128,2,2,2,2,2,2,2,2,2,2,2,2,2,2,1
109131,1,1,1,1,1,1,1,1,1,1,1,1,1,1,1
109135,1,1,1,1,1,1,1,1,1,1,1,1,1,1,1
109141,1,1,1,1,1,1,1,1,1,1,1,1,1,1,1
109146,3,3,3,3,3,3,3,3,3,3,3,3,3,2,1
109153,1,1,1,1,1,1,1,1,1,1,1,1,1,1,1
109155,1,1,1,1,1,1,1,1,1,1,1,1,1,1,1
109175,1,1,1,1,1,1,1,1,1,1,1,1,1,1,1
109181,1,1,1,1,1,1,1,1,1,1,1,1,1,1,1
109208,9,9,9,9,9,9,7,7,7,6,5,4,2,2,1
109210,3,3,3,3,3,3,3,3,3,3,3,3,3,2,1
109218,,,,,,,,,,,,,,,
109231,1,1,1,1,1,1,1,1,1,1,1,1,1,1,1
109235,1,1,1,1,1,1,1,1,1,1,1,1,1,1,1
109253,1,1,1,1,1,1,1,1,1,1,1,1,1,1,1
109255,1,1,1,1,1,1,1,1,1,1,1,1,1,1,1
109258,2,2,2,2,2,2,2,2,2,2,2,2,2,2,1
109283,,,,,,,,,,,,,,,
109290,3,3,3,3,3,3,3,3,3,3,3,3,3,2,1
109294,1,1,1,1,1,1,1,1,1,1,1,1,1,1,1
109296,11,11,11,11,11,7,7,7,7,6,5,4,2,2,1
109307,2,2,2,2,2,2,2,2,2,2,2,2,2,2,1
109311,5,5,5,5,5,5,5,5,5,5,5,4,2,2,1
109324,1,1,1,1,1,1,1,1,1,1,1,1,1,1,1
109329,1,1,1,1,1,1,1,1,1,1,1,1,1,1,1
109333,9,9,9,9,9,9,7,7,7,6,5,4,2,2,1
109341,1,1,1,1,1,1,1,1,1,1,1,1,1,1,1
109354,1,1,1,1,1,1,1,1,1,1,1,1,1,1,1
109356,3,3,3,3,3,3,3,3,3,3,3,3,3,2,1
109368,5,5,5,5,5,5,5,5,5,5,5,4,2,2,1
109386,2,2,2,2,2,2,2,2,2,2,2,2,2,2,1
109424,2,2,2,2,2,2,2,2,2,2,2,2,2,2,1
109443,3,3,3,3,3,3,3,3,3,3,3,3,3,2,1
109469,4,4,4,4,4,4,4,4,4,4,4,4,2,2,1
109471,5,5,5,5,5,5,5,5,5,5,5,4,2,2,1
109496,,,,,,,,,,,,,,,
109498,8,8,8,8,8,8,8,8,7,6,5,4,2,2,1
109505,6,6,6,6,6,6,6,6,6,6,5,4,2,2,1
109506,1,1,1,1,1,1,1,1,1,1,1,1,1,1,1
109518,1,1,1,1,1,1,1,1,1,1,1,1,1,1,1
109522,1,1,1,1,1,1,1,1,1,1,1,1,1,1,1
109523,1,1,1,1,1,1,1,1,1,1,1,1,1,1,1
109536,1,1,1,1,1,1,1,1,1,1,1,1,1,1,1
109538,1,1,1,1,1,1,1,1,1,1,1,1,1,1,1
109547,1,1,1,1,1,1,1,1,1,1,1,1,1,1,1
109551,,,,,,,,,,,,,,,
109590,1,1,1,1,1,1,1,1,1,1,1,1,1,1,1
109593,1,1,1,1,1,1,1,1,1,1,1,1,1,1,1
109594,1,1,1,1,1,1,1,1,1,1,1,1,1,1,1
109616,5,5,5,5,5,5,5,5,5,5,5,4,2,2,1
109621,2,2,2,2,2,2,2,2,2,2,2,2,2,2,1
109624,1,1,1,1,1,1,1,1,1,1,1,1,1,1,1
109628,2,2,2,2,2,2,2,2,2,2,2,2,2,2,1
109637,10,10,10,10,10,10,10,7,7,6,5,4,2,2,1
109644,3,3,3,3,3,3,3,3,3,3,3,3,3,2,1
109666,1,1,1,1,1,1,1,1,1,1,1,1,1,1,1
109671,7,7,7,7,7,7,7,7,7,6,5,4,2,2,1
109675,1,1,1,1,1,1,1,1,1,1,1,1,1,1,1
109683,3,3,3,3,3,3,3,3,3,3,3,3,3,2,1
109700,11,11,11,11,11,7,7,7,7,6,5,4,2,2,1
109707,2,2,2,2,2,2,2,2,2,2,2,2,2,2,1
109708,2,2,2,2,2,2,2,2,2,2,2,2,2,2,1
109714,6,6,6,6,6,6,6,6,6,6,5,4,2,2,1
109728,1,1,1,1,1,1,1,1,1,1,1,1,1,1,1
109730,,,,,,,,,,,,,,,
109764,1,1,1,1,1,1,1,1,1,1,1,1,1,1,1
109779,3,3,3,3,3,3,3,3,3,3,3,3,3,2,1
109785,1,1,1,1,1,1,1,1,1,1,1,1,1,1,1
109789,7,7,7,7,7,7,7,7,7,6,5,4,2,2,1
109822,3,3,3,3,3,3,3,3,3,3,3,3,3,2,1
109823,1,1,1,1,1,1,1,1,1,1,1,1,1,1,1
109831,3,3,3,3,3,3,3,3,3,3,3,3,3,2,1
109835,1,1,1,1,1,1,1,1,1,1,1,1,1,1,1
109836,6,6,6,6,6,6,6,6,6,6,5,4,2,2,1
109850,1,1,1,1,1,1,1,1,1,1,1,1,1,1,1
109852,1,1,1,1,1,1,1,1,1,1,1,1,1,1,1
109853,,,,,,,,,,,,,,,
109862,1,1,1,1,1,1,1,1,1,1,1,1,1,1,1
109869,1,1,1,1,1,1,1,1,1,1,1,1,1,1,1
109876,1,1,1,1,1,1,1,1,1,1,1,1,1,1,1
109879,4,4,4,4,4,4,4,4,4,4,4,4,2,2,1
109882,2,2,2,2,2,2,2,2,2,2,2,2,2,2,1
109884,,,,,,,,,,,,,,,
109885,2,2,2,2,2,2,2,2,2,2,2,2,2,2,1
109897,4,4,4,4,4,4,4,4,4,4,4,4,2,2,1
109898,1,1,1,1,1,1,1,1,1,1,1,1,1,1,1
109911,1,1,1,1,1,1,1,1,1,1,1,1,1,1,1
109914,2,2,2,2,2,2,2,2,2,2,2,2,2,2,1
109915,3,3,3,3,3,3,3,3,3,3,3,3,3,2,1
109920,,,,,,,,,,,,,,,
109943,1,1,1,1,1,1,1,1,1,1,1,1,1,1,1
109950,1,1,1,1,1,1,1,1,1,1,1,1,1,1,1
109962,1,1,1,1,1,1,1,1,1,1,1,1,1,1,1
109979,2,2,2,2,2,2,2,2,2,2,2,2,2,2,1
109981,1,1,1,1,1,1,1,1,1,1,1,1,1,1,1
109987,1,1,1,1,1,1,1,1,1,1,1,1,1,1,1
110000,1,1,1,1,1,1,1,1,1,1,1,1,1,1,1
110004,3,3,3,3,3,3,3,3,3,3,3,3,3,2,1
110005,3,3,3,3,3,3,3,3,3,3,3,3,3,2,1
110009,9,9,9,9,9,9,7,7,7,6,5,4,2,2,1
110018,1,1,1,1,1,1,1,1,1,1,1,1,1,1,1
110028,3,3,3,3,3,3,3,3,3,3,3,3,3,2,1
110030,1,1,1,1,1,1,1,1,1,1,1,1,1,1,1
110040,,,,,,,,,,,,,,,
110046,11,11,11,11,11,7,7,7,7,6,5,4,2,2,1
110052,3,3,3,3,3,3,3,3,3,3,3,3,3,2,1
110079,6,6,6,6,6,6,6,6,6,6,5,4,2,2,1
110084,2,2,2,2,2,2,2,2,2,2,2,2,2,2,1
110089,1,1,1,1,1,1,1,1,1,1,1,1,1,1,1
110091,3,3,3,3,3,3,3,3,3,3,3,3,3,2,1
110094,1,1,1,1,1,1,1,1,1,1,1,1,1,1,1
110098,3,3,3,3,3,3,3,3,3,3,3,3,3,2,1
110115,1,1,1,1,1,1,1,1,1,1,1,1,1,1,1
110122,1,1,1,1,1,1,1,1,1,1,1,1,1,1,1
110130,1,1,1,1,1,1,1,1,1,1,1,1,1,1,1
110190,2,2,2,2,2,2,2,2,2,2,2,2,2,2,1
110193,1,1,1,1,1,1,1,1,1,1,1,1,1,1,1
110205,2,2,2,2,2,2,2,2,2,2,2,2,2,2,1
110207,1,1,1,1,1,1,1,1,1,1,1,1,1,1,1
110212,1,1,1,1,1,1,1,1,1,1,1,1,1,1,1
110228,2,2,2,2,2,2,2,2,2,2,2,2,2,2,1
110229,1,1,1,1,1,1,1,1,1,1,1,1,1,1,1
110244,2,2,2,2,2,2,2,2,2,2,2,2,2,2,1
110245,1,1,1,1,1,1,1,1,1,1,1,1,1,1,1
110253,1,1,1,1,1,1,1,1,1,1,1,1,1,1,1
110257,1,1,1,1,1,1,1,1,1,1,1,1,1,1,1
110268,1,1,1,1,1,1,1,1,1,1,1,1,1,1,1
110281,1,1,1,1,1,1,1,1,1,1,1,1,1,1,1
110285,4,4,4,4,4,4,4,4,4,4,4,4,2,2,1
110295,2,2,2,2,2,2,2,2,2,2,2,2,2,2,1
110300,1,1,1,1,1,1,1,1,1,1,1,1,1,1,1
110301,1,1,1,1,1,1,1,1,1,1,1,1,1,1,1
110308,2,2,2,2,2,2,2,2,2,2,2,2,2,2,1
110311,4,4,4,4,4,4,4,4,4,4,4,4,2,2,1
110336,9,9,9,9,9,9,7,7,7,6,5,4,2,2,1
110349,1,1,1,1,1,1,1,1,1,1,1,1,1,1,1
110355,1,1,1,1,1,1,1,1,1,1,1,1,1,1,1
110360,2,2,2,2,2,2,2,2,2,2,2,2,2,2,1
110370,6,6,6,6,6,6,6,6,6,6,5,4,2,2,1
110373,,,,,,,,,,,,,,,
110374,3,3,3,3,3,3,3,3,3,3,3,3,3,2,1
110375,1,1,1,1,1,1,1,1,1,1,1,1,1,1,1
110376,3,3,3,3,3,3,3,3,3,3,3,3,3,2,1
110380,2,2,2,2,2,2,2,2,2,2,2,2,2,2,1
110383,,,,,,,,,,,,,,,
110399,1,1,1,1,1,1,1,1,1,1,1,1,1,1,1
110401,9,9,9,9,9,9,7,7,7,6,5,4,2,2,1
110411,3,3,3,3,3,3,3,3,3,3,3,3,3,2,1
110417,1,1,1,1,1,1,1,1,1,1,1,1,1,1,1
110435,3,3,3,3,3,3,3,3,3,3,3,3,3,2,1
110439,6,6,6,6,6,6,6,6,6,6,5,4,2,2,1
110442,1,1,1,1,1,1,1,1,1,1,1,1,1,1,1
110443,3,3,3,3,3,3,3,3,3,3,3,3,3,2,1
110445,,,,,,,,,,,,,,,
110456,2,2,2,2,2,2,2,2,2,2,2,2,2,2,1
110461,5,5,5,5,5,5,5,5,5,5,5,4,2,2,1
110462,3,3,3,3,3,3,3,3,3,3,3,3,3,2,1
110468,,,,,,,,,,,,,,,
110475,4,4,4,4,4,4,4,4,4,4,4,4,2,2,1
110481,2,2,2,2,2,2,2,2,2,2,2,2,2,2,1
110490,1,1,1,1,1,1,1,1,1,1,1,1,1,1,1
110501,1,1,1,1,1,1,1,1,1,1,1,1,1,1,1
110504,1,1,1,1,1,1,1,1,1,1,1,1,1,1,1
110526,1,1,1,1,1,1,1,1,1,1,1,1,1,1,1
110529,9,9,9,9,9,9,7,7,7,6,5,4,2,2,1
110532,2,2,2,2,2,2,2,2,2,2,2,2,2,2,1
110544,1,1,1,1,1,1,1,1,1,1,1,1,1,1,1
110547,8,8,8,8,8,8,8,8,7,6,5,4,2,2,1
110550,1,1,1,1,1,1,1,1,1,1,1,1,1,1,1
110575,1,1,1,1,1,1,1,1,1,1,1,1,1,1,1
110579,3,3,3,3,3,3,3,3,3,3,3,3,3,2,1
110589,,,,,,,,,,,,,,,
110604,1,1,1,1,1,1,1,1,1,1,1,1,1,1,1
110611,,,,,,,,,,,,,,,
110618,,,,,,,,,,,,,,,
110625,2,2,2,2,2,2,2,2,2,2,2,2,2,2,1
110635,1,1,1,1,1,1,1,1,1,1,1,1,1,1,1
110640,1,1,1,1,1,1,1,1,1,1,1,1,1,1,1
110653,1,1,1,1,1,1,1,1,1,1,1,1,1,1,1
110658,2,2,2,2,2,2,2,2,2,2,2,2,2,2,1
110662,11,11,11,11,11,7,7,7,7,6,5,4,2,2,1
110666,4,4,4,4,4,4,4,4,4,4,4,4,2,2,1
110673,1,1,1,1,1,1,1,1,1,1,1,1,1,1,1
110675,3,3,3,3,3,3,3,3,3,3,3,3,3,2,1
110680,1,1,1,1,1,1,1,1,1,1,1,1,1,1,1
110707,1,1,1,1,1,1,1,1,1,1,1,1,1,1,1
110710,1,1,1,1,1,1,1,1,1,1,1,1,1,1,1
110720,3,3,3,3,3,3,3,3,3,3,3,3,3,2,1
110724,1,1,1,1,1,1,1,1,1,1,1,1,1,1,1
110729,1,1,1,1,1,1,1,1,1,1,1,1,1,1,1
110740,1,1,1,1,1,1,1,1,1,1,1,1,1,1,1
110741,1,1,1,1,1,1,1,1,1,1,1,1,1,1,1
110758,,,,,,,,,,,,,,,
110772,4,4,4,4,4,4,4,4,4,4,4,4,2,2,1
110775,1,1,1,1,1,1,1,1,1,1,1,1,1,1,1
110780,1,1,1,1,1,1,1,1,1,1,1,1,1,1,1
110793,1,1,1,1,1,1,1,1,1,1,1,1,1,1,1
110796,,,,,,,,,,,,,,,
110819,3,3,3,3,3,3,3,3,3,3,3,3,3,2,1
110827,,,,,,,,,,,,,,,
110836,1,1,1,1,1,1,1,1,1,1,1,1,1,1,1
110846,1,1,1,1,1,1,1,1,1,1,1,1,1,1,1
110854,,,,,,,,,,,,,,,
110864,1,1,1,1,1,1,1,1,1,1,1,1,1,1,1
110868,1,1,1,1,1,1,1,1,1,1,1,1,1,1,1
110870,10,10,10,10,10,10,10,7,7,6,5,4,2,2,1
110883,1,1,1,1,1,1,1,1,1,1,1,1,1,1,1
110884,,,,,,,,,,,,,,,
110894,1,1,1,1,1,1,1,1,1,1,1,1,1,1,1
110900,7,7,7,7,7,7,7,7,7,6,5,4,2,2,1
110916,4,4,4,4,4,4,4,4,4,4,4,4,2,2,1
110919,,,,,,,,,,,,,,,
110924,1,1,1,1,1,1,1,1,1,1,1,1,1,1,1
110931,2,2,2,2,2,2,2,2,2,2,2,2,2,2,1
110954,1,1,1,1,1,1,1,1,1,1,1,1,1,1,1
110968,1,1,1,1,1,1,1,1,1,1,1,1,1,1,1
110969,1,1,1,1,1,1,1,1,1,1,1,1,1,1,1
110989,,,,,,,,,,,,,,,
110990,9,9,9,9,9,9,7,7,7,6,5,4,2,2,1
110997,1,1,1,1,1,1,1,1,1,1,1,1,1,1,1
111013,6,6,6,6,6,6,6,6,6,6,5,4,2,2,1
111023,4,4,4,4,4,4,4,4,4,4,4,4,2,2,1
111037,4,4,4,4,4,4,4,4,4,4,4,4,2,2,1
111053,1,1,1,1,1,1,1,1,1,1,1,1,1,1,1
111069,4,4,4,4,4,4,4,4,4,4,4,4,2,2,1
111071,2,2,2,2,2,2,2,2,2,2,2,2,2,2,1
111084,4,4,4,4,4,4,4,4,4,4,4,4,2,2,1
111093,2,2,2,2,2,2,2,2,2,2,2,2,2,2,1
111096,4,4,4,4,4,4,4,4,4,4,4,4,2,2,1
111101,1,1,1,1,1,1,1,1,1,1,1,1,1,1,1
111110,3,3,3,3,3,3,3,3,3,3,3,3,3,2,1
111121,1,1,1,1,1,1,1,1,1,1,1,1,1,1,1
111139,1,1,1,1,1,1,1,1,1,1,1,1,1,1,1
111145,5,5,5,5,5,5,5,5,5,5,5,4,2,2,1
111146,1,1,1,1,1,1,1,1,1,1,1,1,1,1,1
111148,2,2,2,2,2,2,2,2,2,2,2,2,2,2,1
111161,1,1,1,1,1,1,1,1,1,1,1,1,1,1,1
111177,,,,,,,,,,,,,,,
111196,1,1,1,1,1,1,1,1,1,1,1,1,1,1,1
111202,1,1,1,1,1,1,1,1,1,1,1,1,1,1,1
111214,1,1,1,1,1,1,1,1,1,1,1,1,1,1,1
111236,1,1,1,1,1,1,1,1,1,1,1,1,1,1,1
111238,1,1,1,1,1,1,1,1,1,1,1,1,1,1,1
111239,1,1,1,1,1,1,1,1,1,1,1,1,1,1,1
111262,1,1,1,1,1,1,1,1,1,1,1,1,1,1,1
111266,,,,,,,,,,,,,,,
111267,1,1,1,1,1,1,1,1,1,1,1,1,1,1,1
111272,2,2,2,2,2,2,2,2,2,2,2,2,2,2,1
111282,1,1,1,1,1,1,1,1,1,1,1,1,1,1,1
111297,6,6,6,6,6,6,6,6,6,6,5,4,2,2,1
111302,2,2,2,2,2,2,2,2,2,2,2,2,2,2,1
111317,1,1,1,1,1,1,1,1,1,1,1,1,1,1,1
111329,,,,,,,,,,,,,,,
111334,,,,,,,,,,,,,,,
111335,3,3,3,3,3,3,3,3,3,3,3,3,3,2,1
111353,2,2,2,2,2,2,2,2,2,2,2,2,2,2,1
111367,2,2,2,2,2,2,2,2,2,2,2,2,2,2,1
111371,3,3,3,3,3,3,3,3,3,3,3,3,3,2,1
111391,3,3,3,3,3,3,3,3,3,3,3,3,3,2,1
111395,2,2,2,2,2,2,2,2,2,2,2,2,2,2,1
111450,1,1,1,1,1,1,1,1,1,1,1,1,1,1,1
111455,11,11,11,11,11,7,7,7,7,6,5,4,2,2,1
111457,3,3,3,3,3,3,3,3,3,3,3,3,3,2,1
111469,5,5,5,5,5,5,5,5,5,5,5,4,2,2,1
111477,1,1,1,1,1,1,1,1,1,1,1,1,1,1,1
111482,1,1,1,1,1,1,1,1,1,1,1,1,1,1,1
111496,1,1,1,1,1,1,1,1,1,1,1,1,1,1,1
111523,,,,,,,,,,,,,,,
111535,8,8,8,8,8,8,8,8,7,6,5,4,2,2,1
111536,1,1,1,1,1,1,1,1,1,1,1,1,1,1,1
111541,1,1,1,1,1,1,1,1,1,1,1,1,1,1,1
111543,1,1,1,1,1,1,1,1,1,1,1,1,1,1,1
111558,1,1,1,1,1,1,1,1,1,1,1,1,1,1,1
111562,,,,,,,,,,,,,,,
111565,1,1,1,1,1,1,1,1,1,1,1,1,1,1,1
111566,,,,,,,,,,,,,,,
111573,,,,,,,,,,,,,,,
111575,1,1,1,1,1,1,1,1,1,1,1,1,1,1,1
111577,,,,,,,,,,,,,,,
111588,1,1,1,1,1,1,1,1,1,1,1,1,1,1,1
111589,1,1,1,1,1,1,1,1,1,1,1,1,1,1,1
111591,4,4,4,4,4,4,4,4,4,4,4,4,2,2,1
111592,,,,,,,,,,,,,,,
111612,1,1,1,1,1,1,1,1,1,1,1,1,1,1,1
111613,1,1,1,1,1,1,1,1,1,1,1,1,1,1,1
111620,1,1,1,1,1,1,1,1,1,1,1,1,1,1,1
111627,,,,,,,,,,,,,,,
111632,1,1,1,1,1,1,1,1,1,1,1,1,1,1,1
111635,4,4,4,4,4,4,4,4,4,4,4,4,2,2,1
111651,2,2,2,2,2,2,2,2,2,2,2,2,2,2,1
111654,1,1,1,1,1,1,1,1,1,1,1,1,1,1,1
111656,5,5,5,5,5,5,5,5,5,5,5,4,2,2,1
111663,8,8,8,8,8,8,8,8,7,6,5,4,2,2,1
111672,1,1,1,1,1,1,1,1,1,1,1,1,1,1,1
111683,1,1,1,1,1,1,1,1,1,1,1,1,1,1,1
111686,1,1,1,1,1,1,1,1,1,1,1,1,1,1,1
111694,,,,,,,,,,,,,,,
111698,3,3,3,3,3,3,3,3,3,3,3,3,3,2,1
111710,2,2,2,2,2,2,2,2,2,2,2,2,2,2,1
111718,9,9,9,9,9,9,7,7,7,6,5,4,2,2,1
111719,3,3,3,3,3,3,3,3,3,3,3,3,3,2,1
111729,2,2,2,2,2,2,2,2,2,2,2,2,2,2,1
111730,1,1,1,1,1,1,1,1,1,1,1,1,1,1,1
111740,1,1,1,1,1,1,1,1,1,1,1,1,1,1,1
111745,1,1,1,1,1,1,1,1,1,1,1,1,1,1,1
111748,1,1,1,1,1,1,1,1,1,1,1,1,1,1,1
111753,1,1,1,1,1,1,1,1,1,1,1,1,1,1,1
111769,1,1,1,1,1,1,1,1,1,1,1,1,1,1,1
111774,3,3,3,3,3,3,3,3,3,3,3,3,3,2,1
111797,4,4,4,4,4,4,4,4,4,4,4,4,2,2,1
111805,4,4,4,4,4,4,4,4,4,4,4,4,2,2,1
111823,3,3,3,3,3,3,3,3,3,3,3,3,3,2,1
111825,,,,,,,,,,,,,,,
111826,12,12,12,11,11,7,7,7,7,6,5,4,2,2,1
111834,1,1,1,1,1,1,1,1,1,1,1,1,1,1,1
111835,9,9,9,9,9,9,7,7,7,6,5,4,2,2,1
111855,1,1,1,1,1,1,1,1,1,1,1,1,1,1,1
111859,,,,,,,,,,,,,,,
111867,5,5,5,5,5,5,5,5,5,5,5,4,2,2,1
111892,7,7,7,7,7,7,7,7,7,6,5,4,2,2,1
111893,3,3,3,3,3,3,3,3,3,3,3,3,3,2,1
111896,2,2,2,2,2,2,2,2,2,2,2,2,2,2,1
111898,1,1,1,1,1,1,1,1,1,1,1,1,1,1,1
111899,14,14,14,14,9,9,7,7,7,6,5,4,2,2,1
111926,,,,,,,,,,,,,,,
111942,3,3,3,3,3,3,3,3,3,3,3,3,3,2,1
111944,1,1,1,1,1,1,1,1,1,1,1,1,1,1,1
111945,1,1,1,1,1,1,1,1,1,1,1,1,1,1,1
111956,1,1,1,1,1,1,1,1,1,1,1,1,1,1,1
111960,2,2,2,2,2,2,2,2,2,2,2,2,2,2,1
111971,1,1,1,1,1,1,1,1,1,1,1,1,1,1,1
112000,11,11,11,11,11,7,7,7,7,6,5,4,2,2,1
112001,1,1,1,1,1,1,1,1,1,1,1,1,1,1,1
112003,1,1,1,1,1,1,1,1,1,1,1,1,1,1,1
112006,,,,,,,,,,,,,,,
112019,1,1,1,1,1,1,1,1,1,1,1,1,1,1,1
112022,1,1,1,1,1,1,1,1,1,1,1,1,1,1,1
112034,2,2,2,2,2,2,2,2,2,2,2,2,2,2,1
112051,6,6,6,6,6,6,6,6,6,6,5,4,2,2,1
112062,5,5,5,5,5,5,5,5,5,5,5,4,2,2,1
112063,4,4,4,4,4,4,4,4,4,4,4,4,2,2,1
112065,7,7,7,7,7,7,7,7,7,6,5,4,2,2,1
112081,1,1,1,1,1,1,1,1,1,1,1,1,1,1,1
112085,1,1,1,1,1,1,1,1,1,1,1,1,1,1,1
112091,1,1,1,1,1,1,1,1,1,1,1,1,1,1,1
112096,1,1,1,1,1,1,1,1,1,1,1,1,1,1,1
112102,5,5,5,5,5,5,5,5,5,5,5,4,2,2,1
112115,1,1,1,1,1,1,1,1,1,1,1,1,1,1,1
112127,1,1,1,1,1,1,1,1,1,1,1,1,1,1,1
112132,1,1,1,1,1,1,1,1,1,1,1,1,1,1,1
112138,1,1,1,1,1,1,1,1,1,1,1,1,1,1,1
112151,1,1,1,1,1,1,1,1,1,1,1,1,1,1,1
112158,,,,,,,,,,,,,,,
112159,2,2,2,2,2,2,2,2,2,2,2,2,2,2,1
112171,2,2,2,2,2,2,2,2,2,2,2,2,2,2,1
112187,,,,,,,,,,,,,,,
112200,1,1,1,1,1,1,1,1,1,1,1,1,1,1,1
112204,3,3,3,3,3,3,3,3,3,3,3,3,3,2,1
112210,1,1,1,1,1,1,1,1,1,1,1,1,1,1,1
112221,,,,,,,,,,,,,,,
112224,,,,,,,,,,,,,,,
112241,1,1,1,1,1,1,1,1,1,1,1,1,1,1,1
112245,,,,,,,,,,,,,,,
112255,1,1,1,1,1,1,1,1,1,1,1,1,1,1,1
112261,,,,,,,,,,,,,,,
112281,4,4,4,4,4,4,4,4,4,4,4,4,2,2,1
112291,1,1,1,1,1,1,1,1,1,1,1,1,1,1,1
112305,,,,,,,,,,,,,,,
112308,1,1,1,1,1,1,1,1,1,1,1,1,1,1,1
112319,4,4,4,4,4,4,4,4,4,4,4,4,2,2,1
112320,5,5,5,5,5,5,5,5,5,5,5,4,2,2,1
112328,8,8,8,8,8,8,8,8,7,6,5,4,2,2,1
112341,1,1,1,1,1,1,1,1,1,1,1,1,1,1,1
112354,8,8,8,8,8,8,8,8,7,6,5,4,2,2,1
112365,4,4,4,4,4,4,4,4,4,4,4,4,2,2,1
112373,1,1,1,1,1,1,1,1,1,1,1,1,1,1,1
112376,1,1,1,1,1,1,1,1,1,1,1,1,1,1,1
112384,1,1,1,1,1,1,1,1,1,1,1,1,1,1,1
112391,3,3,3,3,3,3,3,3,3,3,3,3,3,2,1
112396,4,4,4,4,4,4,4,4,4,4,4,4,2,2,1
112407,12,12,12,11,11,7,7,7,7,6,5,4,2,2,1
112414,1,1,1,1,1,1,1,1,1,1,1,1,1,1,1
112416,1,1,1,1,1,1,1,1,1,1,1,1,1,1,1
112436,1,1,1,1,1,1,1,1,1,1,1,1,1,1,1
112441,1,1,1,1,1,1,1,1,1,1,1,1,1,1,1
112447,1,1,1,1,1,1,1,1,1,1,1,1,1,1,1
112455,,,,,,,,,,,,,,,
112456,,,,,,,,,,,,,,,
112473,,,,,,,,,,,,,,,
112477,3,3,3,3,3,3,3,3,3,3,3,3,3,2,1
112482,,,,,,,,,,,,,,,
112496,1,1,1,1,1,1,1,1,1,1,1,1,1,1,1
112518,3,3,3,3,3,3,3,3,3,3,3,3,3,2,1
112523,1,1,1,1,1,1,1,1,1,1,1,1,1,1,1
112525,1,1,1,1,1,1,1,1,1,1,1,1,1,1,1
112526,2,2,2,2,2,2,2,2,2,2,2,2,2,2,1
112532,1,1,1,1,1,1,1,1,1,1,1,1,1,1,1
112536,1,1,1,1,1,1,1,1,1,1,1,1,1,1,1
112561,3,3,3,3,3,3,3,3,3,3,3,3,3,2,1
112562,3,3,3,3,3,3,3,3,3,3,3,3,3,2,1
112571,2,2,2,2,2,2,2,2,2,2,2,2,2,2,1
112574,3,3,3,3,3,3,3,3,3,3,3,3,3,2,1
112577,8,8,8,8,8,8,8,8,7,6,5,4,2,2,1
112583,9,9,9,9,9,9,7,7,7,6,5,4,2,2,1
112607,3,3,3,3,3,3,3,3,3,3,3,3,3,2,1
112616,1,1,1,1,1,1,1,1,1,1,1,1,1,1,1
112621,3,3,3,3,3,3,3,3,3,3,3,3,3,2,1
112629,1,1,1,1,1,1,1,1,1,1,1,1,1,1,1
112635,1,1,1,1,1,1,1,1,1,1,1,1,1,1,1
112644,6,6,6,6,6,6,6,6,6,6,5,4,2,2,1
112657,1,1,1,1,1,1,1,1,1,1,1,1,1,1,1
112658,1,1,1,1,1,1,1,1,1,1,1,1,1,1,1
112663,4,4,4,4,4,4,4,4,4,4,4,4,2,2,1
112664,11,11,11,11,11,7,7,7,7,6,5,4,2,2,1
112668,,,,,,,,,,,,,,,
112669,2,2,2,2,2,2,2,2,2,2,2,2,2,2,1
112697,3,3,3,3,3,3,3,3,3,3,3,3,3,2,1
112706,1,1,1,1,1,1,1,1,1,1,1,1,1,1,1
112725,5,5,5,5,5,5,5,5,5,5,5,4,2,2,1
112735,3,3,3,3,3,3,3,3,3,3,3,3,3,2,1
112777,6,6,6,6,6,6,6,6,6,6,5,4,2,2,1
112781,3,3,3,3,3,3,3,3,3,3,3,3,3,2,1
112783,1,1,1,1,1,1,1,1,1,1,1,1,1,1,1
112795,1,1,1,1,1,1,1,1,1,1,1,1,1,1,1
112807,,,,,,,,,,,,,,,
112819,,,,,,,,,,,,,,,
112826,,,,,,,,,,,,,,,
112828,1,1,1,1,1,1,1,1,1,1,1,1,1,1,1
112831,3,3,3,3,3,3,3,3,3,3,3,3,3,2,1
112832,4,4,4,4,4,4,4,4,4,4,4,4,2,2,1
112840,1,1,1,1,1,1,1,1,1,1,1,1,1,1,1
112844,1,1,1,1,1,1,1,1,1,1,1,1,1,1,1
112849,3,3,3,3,3,3,3,3,3,3,3,3,3,2,1
112851,1,1,1,1,1,1,1,1,1,1,1,1,1,1,1
112859,2,2,2,2,2,2,2,2,2,2,2,2,2,2,1
112861,1,1,1,1,1,1,1,1,1,1,1,1,1,1,1
112864,2,2,2,2,2,2,2,2,2,2,2,2,2,2,1
112867,1,1,1,1,1,1,1,1,1,1,1,1,1,1,1
112868,1,1,1,1,1,1,1,1,1,1,1,1,1,1,1
112896,2,2,2,2,2,2,2,2,2,2,2,2,2,2,1
112899,4,4,4,4,4,4,4,4,4,4,4,4,2,2,1
112901,3,3,3,3,3,3,3,3,3,3,3,3,3,2,1
112904,1,1,1,1,1,1,1,1,1,1,1,1,1,1,1
112905,3,3,3,3,3,3,3,3,3,3,3,3,3,2,1
112911,1,1,1,1,1,1,1,1,1,1,1,1,1,1,1
112931,3,3,3,3,3,3,3,3,3,3,3,3,3,2,1
112944,1,1,1,1,1,1,1,1,1,1,1,1,1,1,1
112946,2,2,2,2,2,2,2,2,2,2,2,2,2,2,1
112960,6,6,6,6,6,6,6,6,6,6,5,4,2,2,1
112973,3,3,3,3,3,3,3,3,3,3,3,3,3,2,1
112980,3,3,3,3,3,3,3,3,3,3,3,3,3,2,1
112982,2,2,2,2,2,2,2,2,2,2,2,2,2,2,1
112992,,,,,,,,,,,,,,,
112995,4,4,4,4,4,4,4,4,4,4,4,4,2,2,1
113002,5,5,5,5,5,5,5,5,5,5,5,4,2,2,1
113013,2,2,2,2,2,2,2,2,2,2,2,2,2,2,1
113027,9,9,9,9,9,9,7,7,7,6,5,4,2,2,1
113031,2,2,2,2,2,2,2,2,2,2,2,2,2,2,1
113034,4,4,4,4,4,4,4,4,4,4,4,4,2,2,1
113036,1,1,1,1,1,1,1,1,1,1,1,1,1,1,1
113052,2,2,2,2,2,2,2,2,2,2,2,2,2,2,1
113057,1,1,1,1,1,1,1,1,1,1,1,1,1,1,1
113069,1,1,1,1,1,1,1,1,1,1,1,1,1,1,1
113081,1,1,1,1,1,1,1,1,1,1,1,1,1,1,1
113096,1,1,1,1,1,1,1,1,1,1,1,1,1,1,1
113113,3,3,3,3,3,3,3,3,3,3,3,3,3,2,1
113118,,,,,,,,,,,,,,,
113122,,,,,,,,,,,,,,,
113141,2,2,2,2,2,2,2,2,2,2,2,2,2,2,1
113145,2,2,2,2,2,2,2,2,2,2,2,2,2,2,1
113158,8,8,8,8,8,8,8,8,7,6,5,4,2,2,1
113174,3,3,3,3,3,3,3,3,3,3,3,3,3,2,1
113186,1,1,1,1,1,1,1,1,1,1,1,1,1,1,1
113201,,,,,,,,,,,,,,,
113208,1,1,1,1,1,1,1,1,1,1,1,1,1,1,1
113212,,,,,,,,,,,,,,,
113216,2,2,2,2,2,2,2,2,2,2,2,2,2,2,1
113238,4,4,4,4,4,4,4,4,4,4,4,4,2,2,1
113246,10,10,10,10,10,10,10,7,7,6,5,4,2,2,1
113254,,,,,,,,,,,,,,,
113259,4,4,4,4,4,4,4,4,4,4,4,4,2,2,1
113266,1,1,1,1,1,1,1,1,1,1,1,1,1,1,1
113267,1,1,1,1,1,1,1,1,1,1,1,1,1,1,1
113282,1,1,1,1,1,1,1,1,1,1,1,1,1,1,1
113286,1,1,1,1,1,1,1,1,1,1,1,1,1,1,1
113294,2,2,2,2,2,2,2,2,2,2,2,2,2,2,1
113295,1,1,1,1,1,1,1,1,1,1,1,1,1,1,1
113302,1,1,1,1,1,1,1,1,1,1,1,1,1,1,1
113307,2,2,2,2,2,2,2,2,2,2,2,2,2,2,1
113314,5,5,5,5,5,5,5,5,5,5,5,4,2,2,1
113321,1,1,1,1,1,1,1,1,1,1,1,1,1,1,1
113326,1,1,1,1,1,1,1,1,1,1,1,1,1,1,1
113334,2,2,2,2,2,2,2,2,2,2,2,2,2,2,1
113351,8,8,8,8,8,8,8,8,7,6,5,4,2,2,1
113363,3,3,3,3,3,3,3,3,3,3,3,3,3,2,1
113378,3,3,3,3,3,3,3,3,3,3,3,3,3,2,1
113386,6,6,6,6,6,6,6,6,6,6,5,4,2,2,1
113387,1,1,1,1,1,1,1,1,1,1,1,1,1,1,1
113391,1,1,1,1,1,1,1,1,1,1,1,1,1,1,1
113398,8,8,8,8,8,8,8,8,7,6,5,4,2,2,1
113403,1,1,1,1,1,1,1,1,1,1,1,1,1,1,1
113412,9,9,9,9,9,9,7,7,7,6,5,4,2,2,1
113419,1,1,1,1,1,1,1,1,1,1,1,1,1,1,1
113427,3,3,3,3,3,3,3,3,3,3,3,3,3,2,1
113430,1,1,1,1,1,1,1,1,1,1,1,1,1,1,1
113435,1,1,1,1,1,1,1,1,1,1,1,1,1,1,1
113438,3,3,3,3,3,3,3,3,3,3,3,3,3,2,1
113472,1,1,1,1,1,1,1,1,1,1,1,1,1,1,1
113475,4,4,4,4,4,4,4,4,4,4,4,4,2,2,1
113479,2,2,2,2,2,2,2,2,2,2,2,2,2,2,1
113484,1,1,1,1,1,1,1,1,1,1,1,1,1,1,1
113489,5,5,5,5,5,5,5,5,5,5,5,4,2,2,1
113493,1,1,1,1,1,1,1,1,1,1,1,1,1,1,1
113499,4,4,4,4,4,4,4,4,4,4,4,4,2,2,1
113501,1,1,1,1,1,1,1,1,1,1,1,1,1,1,1
113505,1,1,1,1,1,1,1,1,1,1,1,1,1,1,1
113507,1,1,1,1,1,1,1,1,1,1,1,1,1,1,1
113519,1,1,1,1,1,1,1,1,1,1,1,1,1,1,1
113552,4,4,4,4,4,4,4,4,4,4,4,4,2,2,1
113563,3,3,3,3,3,3,3,3,3,3,3,3,3,2,1
113570,1,1,1,1,1,1,1,1,1,1,1,1,1,1,1
113579,,,,,,,,,,,,,,,
113581,1,1,1,1,1,1,1,1,1,1,1,1,1,1,1
113583,2,2,2,2,2,2,2,2,2,2,2,2,2,2,1
113593,2,2,2,2,2,2,2,2,2,2,2,2,2,2,1
113595,,,,,,,,,,,,,,,
113596,1,1,1,1,1,1,1,1,1,1,1,1,1,1,1
113598,1,1,1,1,1,1,1,1,1,1,1,1,1,1,1
113612,1,1,1,1,1,1,1,1,1,1,1,1,1,1,1
113619,4,4,4,4,4,4,4,4,4,4,4,4,2,2,1
113635,1,1,1,1,1,1,1,1,1,1,1,1,1,1,1
113636,1,1,1,1,1,1,1,1,1,1,1,1,1,1,1
113638,1,1,1,1,1,1,1,1,1,1,1,1,1,1,1
113641,1,1,1,1,1,1,1,1,1,1,1,1,1,1,1
113643,,,,,,,,,,,,,,,
113659,,,,,,,,,,,,,,,
113661,1,1,1,1,1,1,1,1,1,1,1,1,1,1,1
113673,1,1,1,1,1,1,1,1,1,1,1,1,1,1,1
113704,2,2,2,2,2,2,2,2,2,2,2,2,2,2,1
113705,1,1,1,1,1,1,1,1,1,1,1,1,1,1,1
113709,2,2,2,2,2,2,2,2,2,2,2,2,2,2,1
113718,2,2,2,2,2,2,2,2,2,2,2,2,2,2,1
113728,1,1,1,1,1,1,1,1,1,1,1,1,1,1,1
113732,1,1,1,1,1,1,1,1,1,1,1,1,1,1,1
113738,11,11,11,11,11,7,7,7,7,6,5,4,2,2,1
113747,3,3,3,3,3,3,3,3,3,3,3,3,3,2,1
113766,3,3,3,3,3,3,3,3,3,3,3,3,3,2,1
113780,1,1,1,1,1,1,1,1,1,1,1,1,1,1,1
113789,1,1,1,1,1,1,1,1,1,1,1,1,1,1,1
113792,1,1,1,1,1,1,1,1,1,1,1,1,1,1,1
113804,5,5,5,5,5,5,5,5,5,5,5,4,2,2,1
113805,1,1,1,1,1,1,1,1,1,1,1,1,1,1,1
113808,1,1,1,1,1,1,1,1,1,1,1,1,1,1,1
113811,1,1,1,1,1,1,1,1,1,1,1,1,1,1,1
113824,1,1,1,1,1,1,1,1,1,1,1,1,1,1,1
113825,7,7,7,7,7,7,7,7,7,6,5,4,2,2,1
113828,1,1,1,1,1,1,1,1,1,1,1,1,1,1,1
113837,12,12,12,11,11,7,7,7,7,6,5,4,2,2,1
113840,1,1,1,1,1,1,1,1,1,1,1,1,1,1,1
113841,1,1,1,1,1,1,1,1,1,1,1,1,1,1,1
113879,9,9,9,9,9,9,7,7,7,6,5,4,2,2,1
113881,1,1,1,1,1,1,1,1,1,1,1,1,1,1,1
113882,1,1,1,1,1,1,1,1,1,1,1,1,1,1,1
113904,1,1,1,1,1,1,1,1,1,1,1,1,1,1,1
113906,1,1,1,1,1,1,1,1,1,1,1,1,1,1,1
113911,1,1,1,1,1,1,1,1,1,1,1,1,1,1,1
113912,1,1,1,1,1,1,1,1,1,1,1,1,1,1,1
113918,3,3,3,3,3,3,3,3,3,3,3,3,3,2,1
113920,1,1,1,1,1,1,1,1,1,1,1,1,1,1,1
113927,3,3,3,3,3,3,3,3,3,3,3,3,3,2,1
113930,7,7,7,7,7,7,7,7,7,6,5,4,2,2,1
113945,3,3,3,3,3,3,3,3,3,3,3,3,3,2,1
113946,1,1,1,1,1,1,1,1,1,1,1,1,1,1,1
113951,3,3,3,3,3,3,3,3,3,3,3,3,3,2,1
113953,2,2,2,2,2,2,2,2,2,2,2,2,2,2,1
113954,2,2,2,2,2,2,2,2,2,2,2,2,2,2,1
113960,3,3,3,3,3,3,3,3,3,3,3,3,3,2,1
113962,1,1,1,1,1,1,1,1,1,1,1,1,1,1,1
113968,7,7,7,7,7,7,7,7,7,6,5,4,2,2,1
113973,1,1,1,1,1,1,1,1,1,1,1,1,1,1,1
114008,1,1,1,1,1,1,1,1,1,1,1,1,1,1,1
114009,7,7,7,7,7,7,7,7,7,6,5,4,2,2,1
114013,4,4,4,4,4,4,4,4,4,4,4,4,2,2,1
114036,1,1,1,1,1,1,1,1,1,1,1,1,1,1,1
114038,1,1,1,1,1,1,1,1,1,1,1,1,1,1,1
114054,1,1,1,1,1,1,1,1,1,1,1,1,1,1,1
114061,1,1,1,1,1,1,1,1,1,1,1,1,1,1,1
114068,1,1,1,1,1,1,1,1,1,1,1,1,1,1,1
114074,1,1,1,1,1,1,1,1,1,1,1,1,1,1,1
114096,1,1,1,1,1,1,1,1,1,1,1,1,1,1,1
114097,3,3,3,3,3,3,3,3,3,3,3,3,3,2,1
114112,1,1,1,1,1,1,1,1,1,1,1,1,1,1,1
114113,1,1,1,1,1,1,1,1,1,1,1,1,1,1,1
114134,10,10,10,10,10,10,10,7,7,6,5,4,2,2,1
114139,1,1,1,1,1,1,1,1,1,1,1,1,1,1,1
114148,4,4,4,4,4,4,4,4,4,4,4,4,2,2,1
114151,1,1,1,1,1,1,1,1,1,1,1,1,1,1,1
114152,1,1,1,1,1,1,1,1,1,1,1,1,1,1,1
114186,,,,,,,,,,,,,,,
114187,2,2,2,2,2,2,2,2,2,2,2,2,2,2,1
114188,11,11,11,11,11,7,7,7,7,6,5,4,2,2,1
114194,,,,,,,,,,,,,,,
114208,1,1,1,1,1,1,1,1,1,1,1,1,1,1,1
114233,1,1,1,1,1,1,1,1,1,1,1,1,1,1,1
114235,4,4,4,4,4,4,4,4,4,4,4,4,2,2,1
114253,,,,,,,,,,,,,,,
114255,5,5,5,5,5,5,5,5,5,5,5,4,2,2,1
114258,4,4,4,4,4,4,4,4,4,4,4,4,2,2,1
114263,3,3,3,3,3,3,3,3,3,3,3,3,3,2,1
114269,1,1,1,1,1,1,1,1,1,1,1,1,1,1,1
114284,2,2,2,2,2,2,2,2,2,2,2,2,2,2,1
114290,1,1,1,1,1,1,1,1,1,1,1,1,1,1,1
114319,3,3,3,3,3,3,3,3,3,3,3,3,3,2,1
114321,,,,,,,,,,,,,,,
114332,,,,,,,,,,,,,,,
114333,2,2,2,2,2,2,2,2,2,2,2,2,2,2,1
114334,3,3,3,3,3,3,3,3,3,3,3,3,3,2,1
114350,1,1,1,1,1,1,1,1,1,1,1,1,1,1,1
114352,1,1,1,1,1,1,1,1,1,1,1,1,1,1,1
114355,1,1,1,1,1,1,1,1,1,1,1,1,1,1,1
114358,3,3,3,3,3,3,3,3,3,3,3,3,3,2,1
114361,9,9,9,9,9,9,7,7,7,6,5,4,2,2,1
114367,3,3,3,3,3,3,3,3,3,3,3,3,3,2,1
114380,,,,,,,,,,,,,,,
114385,4,4,4,4,4,4,4,4,4,4,4,4,2,2,1
114408,1,1,1,1,1,1,1,1,1,1,1,1,1,1,1
114418,4,4,4,4,4,4,4,4,4,4,4,4,2,2,1
114424,1,1,1,1,1,1,1,1,1,1,1,1,1,1,1
114431,1,1,1,1,1,1,1,1,1,1,1,1,1,1,1
114437,3,3,3,3,3,3,3,3,3,3,3,3,3,2,1
114449,,,,,,,,,,,,,,,
114478,2,2,2,2,2,2,2,2,2,2,2,2,2,2,1
114480,8,8,8,8,8,8,8,8,7,6,5,4,2,2,1
114490,4,4,4,4,4,4,4,4,4,4,4,4,2,2,1
114494,2,2,2,2,2,2,2,2,2,2,2,2,2,2,1
114495,1,1,1,1,1,1,1,1,1,1,1,1,1,1,1
114504,1,1,1,1,1,1,1,1,1,1,1,1,1,1,1
114509,3,3,3,3,3,3,3,3,3,3,3,3,3,2,1
114511,1,1,1,1,1,1,1,1,1,1,1,1,1,1,1
114520,,,,,,,,,,,,,,,
114522,1,1,1,1,1,1,1,1,1,1,1,1,1,1,1
114526,2,2,2,2,2,2,2,2,2,2,2,2,2,2,1
114527,1,1,1,1,1,1,1,1,1,1,1,1,1,1,1
114541,7,7,7,7,7,7,7,7,7,6,5,4,2,2,1
114553,1,1,1,1,1,1,1,1,1,1,1,1,1,1,1
114560,4,4,4,4,4,4,4,4,4,4,4,4,2,2,1
114588,3,3,3,3,3,3,3,3,3,3,3,3,3,2,1
114591,3,3,3,3,3,3,3,3,3,3,3,3,3,2,1
114592,2,2,2,2,2,2,2,2,2,2,2,2,2,2,1
114632,1,1,1,1,1,1,1,1,1,1,1,1,1,1,1
114641,1,1,1,1,1,1,1,1,1,1,1,1,1,1,1
114649,1,1,1,1,1,1,1,1,1,1,1,1,1,1,1
114658,1,1,1,1,1,1,1,1,1,1,1,1,1,1,1
114673,1,1,1,1,1,1,1,1,1,1,1,1,1,1,1
114675,3,3,3,3,3,3,3,3,3,3,3,3,3,2,1
114676,1,1,1,1,1,1,1,1,1,1,1,1,1,1,1
114681,2,2,2,2,2,2,2,2,2,2,2,2,2,2,1
114691,3,3,3,3,3,3,3,3,3,3,3,3,3,2,1
114696,,,,,,,,,,,,,,,
114698,1,1,1,1,1,1,1,1,1,1,1,1,1,1,1
114712,,,,,,,,,,,,,,,
114722,1,1,1,1,1,1,1,1,1,1,1,1,1,1,1
114725,1,1,1,1,1,1,1,1,1,1,1,1,1,1,1
114734,3,3,3,3,3,3,3,3,3,3,3,3,3,2,1
114766,1,1,1,1,1,1,1,1,1,1,1,1,1,1,1
114772,1,1,1,1,1,1,1,1,1,1,1,1,1,1,1
114777,2,2,2,2,2,2,2,2,2,2,2,2,2,2,1
114787,1,1,1,1,1,1,1,1,1,1,1,1,1,1,1
114815,1,1,1,1,1,1,1,1,1,1,1,1,1,1,1
114821,3,3,3,3,3,3,3,3,3,3,3,3,3,2,1
114833,1,1,1,1,1,1,1,1,1,1,1,1,1,1,1
114837,1,1,1,1,1,1,1,1,1,1,1,1,1,1,1
114840,1,1,1,1,1,1,1,1,1,1,1,1,1,1,1
114848,4,4,4,4,4,4,4,4,4,4,4,4,2,2,1
114850,1,1,1,1,1,1,1,1,1,1,1,1,1,1,1
114857,1,1,1,1,1,1,1,1,1,1,1,1,1,1,1
114861,2,2,2,2,2,2,2,2,2,2,2,2,2,2,1
114869,1,1,1,1,1,1,1,1,1,1,1,1,1,1,1
114874,3,3,3,3,3,3,3,3,3,3,3,3,3,2,1
114885,4,4,4,4,4,4,4,4,4,4,4,4,2,2,1
114888,1,1,1,1,1,1,1,1,1,1,1,1,1,1,1
114904,,,,,,,,,,,,,,,
114936,1,1,1,1,1,1,1,1,1,1,1,1,1,1,1
114944,1,1,1,1,1,1,1,1,1,1,1,1,1,1,1
114975,1,1,1,1,1,1,1,1,1,1,1,1,1,1,1
114985,14,14,14,14,9,9,7,7,7,6,5,4,2,2,1
114987,3,3,3,3,3,3,3,3,3,3,3,3,3,2,1
114994,1,1,1,1,1,1,1,1,1,1,1,1,1,1,1
114995,,,,,,,,,,,,,,,
114998,3,3,3,3,3,3,3,3,3,3,3,3,3,2,1
115032,,,,,,,,,,,,,,,
115034,4,4,4,4,4,4,4,4,4,4,4,4,2,2,1
115038,6,6,6,6,6,6,6,6,6,6,5,4,2,2,1
115042,1,1,1,1,1,1,1,1,1,1,1,1,1,1,1
115052,6,6,6,6,6,6,6,6,6,6,5,4,2,2,1
115082,1,1,1,1,1,1,1,1,1,1,1,1,1,1,1
115090,11,11,11,11,11,7,7,7,7,6,5,4,2,2,1
115091,1,1,1,1,1,1,1,1,1,1,1,1,1,1,1
115094,1,1,1,1,1,1,1,1,1,1,1,1,1,1,1
115096,1,1,1,1,1,1,1,1,1,1,1,1,1,1,1
115098,1,1,1,1,1,1,1,1,1,1,1,1,1,1,1
115105,9,9,9,9,9,9,7,7,7,6,5,4,2,2,1
115108,,,,,,,,,,,,,,,
115119,1,1,1,1,1,1,1,1,1,1,1,1,1,1,1
115128,3,3,3,3,3,3,3,3,3,3,3,3,3,2,1
115145,3,3,3,3,3,3,3,3,3,3,3,3,3,2,1
115146,8,8,8,8,8,8,8,8,7,6,5,4,2,2,1
115152,3,3,3,3,3,3,3,3,3,3,3,3,3,2,1
115157,1,1,1,1,1,1,1,1,1,1,1,1,1,1,1
115158,1,1,1,1,1,1,1,1,1,1,1,1,1,1,1
115164,1,1,1,1,1,1,1,1,1,1,1,1,1,1,1
115168,10,10,10,10,10,10,10,7,7,6,5,4,2,2,1
115172,3,3,3,3,3,3,3,3,3,3,3,3,3,2,1
115181,1,1,1,1,1,1,1,1,1,1,1,1,1,1,1
115182,1,1,1,1,1,1,1,1,1,1,1,1,1,1,1
115196,1,1,1,1,1,1,1,1,1,1,1,1,1,1,1
115198,10,10,10,10,10,10,10,7,7,6,5,4,2,2,1
115208,1,1,1,1,1,1,1,1,1,1,1,1,1,1,1
115210,1,1,1,1,1,1,1,1,1,1,1,1,1,1,1
115219,1,1,1,1,1,1,1,1,1,1,1,1,1,1,1
115220,3,3,3,3,3,3,3,3,3,3,3,3,3,2,1
115238,3,3,3,3,3,3,3,3,3,3,3,3,3,2,1
115248,3,3,3,3,3,3,3,3,3,3,3,3,3,2,1
115249,2,2,2,2,2,2,2,2,2,2,2,2,2,2,1
115263,2,2,2,2,2,2,2,2,2,2,2,2,2,2,1
115266,3,3,3,3,3,3,3,3,3,3,3,3,3,2,1
115279,1,1,1,1,1,1,1,1,1,1,1,1,1,1,1
115281,4,4,4,4,4,4,4,4,4,4,4,4,2,2,1
115282,2,2,2,2,2,2,2,2,2,2,2,2,2,2,1
115293,3,3,3,3,3,3,3,3,3,3,3,3,3,2,1
115312,1,1,1,1,1,1,1,1,1,1,1,1,1,1,1
115313,1,1,1,1,1,1,1,1,1,1,1,1,1,1,1
115324,,,,,,,,,,,,,,,
115325,1,1,1,1,1,1,1,1,1,1,1,1,1,1,1
115331,4,4,4,4,4,4,4,4,4,4,4,4,2,2,1
115338,1,1,1,1,1,1,1,1,1,1,1,1,1,1,1
115340,1,1,1,1,1,1,1,1,1,1,1,1,1,1,1
115342,3,3,3,3,3,3,3,3,3,3,3,3,3,2,1
115348,1,1,1,1,1,1,1,1,1,1,1,1,1,1,1
115352,1,1,1,1,1,1,1,1,1,1,1,1,1,1,1
115353,1,1,1,1,1,1,1,1,1,1,1,1,1,1,1
115371,1,1,1,1,1,1,1,1,1,1,1,1,1,1,1
115376,4,4,4,4,4,4,4,4,4,4,4,4,2,2,1
115381,1,1,1,1,1,1,1,1,1,1,1,1,1,1,1
115402,4,4,4,4,4,4,4,4,4,4,4,4,2,2,1
115407,1,1,1,1,1,1,1,1,1,1,1,1,1,1,1
115428,4,4,4,4,4,4,4,4,4,4,4,4,2,2,1
115432,1,1,1,1,1,1,1,1,1,1,1,1,1,1,1
115435,3,3,3,3,3,3,3,3,3,3,3,3,3,2,1
115436,1,1,1,1,1,1,1,1,1,1,1,1,1,1,1
115444,3,3,3,3,3,3,3,3,3,3,3,3,3,2,1
115445,,,,,,,,,,,,,,,
115447,3,3,3,3,3,3,3,3,3,3,3,3,3,2,1
115448,1,1,1,1,1,1,1,1,1,1,1,1,1,1,1
115452,,,,,,,,,,,,,,,
115457,1,1,1,1,1,1,1,1,1,1,1,1,1,1,1
115458,2,2,2,2,2,2,2,2,2,2,2,2,2,2,1
115459,5,5,5,5,5,5,5,5,5,5,5,4,2,2,1
115469,2,2,2,2,2,2,2,2,2,2,2,2,2,2,1
115474,4,4,4,4,4,4,4,4,4,4,4,4,2,2,1
115475,1,1,1,1,1,1,1,1,1,1,1,1,1,1,1
115496,9,9,9,9,9,9,7,7,7,6,5,4,2,2,1
115520,9,9,9,9,9,9,7,7,7,6,5,4,2,2,1
115523,1,1,1,1,1,1,1,1,1,1,1,1,1,1,1
115524,2,2,2,2,2,2,2,2,2,2,2,2,2,2,1
115531,4,4,4,4,4,4,4,4,4,4,4,4,2,2,1
115534,1,1,1,1,1,1,1,1,1,1,1,1,1,1,1
115550,1,1,1,1,1,1,1,1,1,1,1,1,1,1,1
115575,2,2,2,2,2,2,2,2,2,2,2,2,2,2,1
115587,3,3,3,3,3,3,3,3,3,3,3,3,3,2,1
115591,1,1,1,1,1,1,1,1,1,1,1,1,1,1,1
115592,1,1,1,1,1,1,1,1,1,1,1,1,1,1,1
115609,4,4,4,4,4,4,4,4,4,4,4,4,2,2,1
115613,1,1,1,1,1,1,1,1,1,1,1,1,1,1,1
115632,,,,,,,,,,,,,,,
115654,10,10,10,10,10,10,10,7,7,6,5,4,2,2,1
115663,4,4,4,4,4,4,4,4,4,4,4,4,2,2,1
115679,,,,,,,,,,,,,,,
115683,1,1,1,1,1,1,1,1,1,1,1,1,1,1,1
115684,3,3,3,3,3,3,3,3,3,3,3,3,3,2,1
115695,4,4,4,4,4,4,4,4,4,4,4,4,2,2,1
115710,,,,,,,,,,,,,,,
115718,1,1,1,1,1,1,1,1,1,1,1,1,1,1,1
115721,2,2,2,2,2,2,2,2,2,2,2,2,2,2,1
115722,1,1,1,1,1,1,1,1,1,1,1,1,1,1,1
115726,1,1,1,1,1,1,1,1,1,1,1,1,1,1,1
115735,3,3,3,3,3,3,3,3,3,3,3,3,3,2,1
115752,4,4,4,4,4,4,4,4,4,4,4,4,2,2,1
115764,1,1,1,1,1,1,1,1,1,1,1,1,1,1,1
115775,1,1,1,1,1,1,1,1,1,1,1,1,1,1,1
115785,,,,,,,,,,,,,,,
115786,,,,,,,,,,,,,,,
115797,6,6,6,6,6,6,6,6,6,6,5,4,2,2,1
115803,3,3,3,3,3,3,3,3,3,3,3,3,3,2,1
115808,1,1,1,1,1,1,1,1,1,1,1,1,1,1,1
115827,1,1,1,1,1,1,1,1,1,1,1,1,1,1,1
115829,6,6,6,6,6,6,6,6,6,6,5,4,2,2,1
115832,1,1,1,1,1,1,1,1,1,1,1,1,1,1,1
115836,3,3,3,3,3,3,3,3,3,3,3,3,3,2,1
115843,2,2,2,2,2,2,2,2,2,2,2,2,2,2,1
115846,1,1,1,1,1,1,1,1,1,1,1,1,1,1,1
115855,8,8,8,8,8,8,8,8,7,6,5,4,2,2,1
115857,12,12,12,11,11,7,7,7,7,6,5,4,2,2,1
115872,1,1,1,1,1,1,1,1,1,1,1,1,1,1,1
115898,,,,,,,,,,,,,,,
115901,1,1,1,1,1,1,1,1,1,1,1,1,1,1,1
115908,1,1,1,1,1,1,1,1,1,1,1,1,1,1,1
115937,1,1,1,1,1,1,1,1,1,1,1,1,1,1,1
115945,1,1,1,1,1,1,1,1,1,1,1,1,1,1,1
115966,3,3,3,3,3,3,3,3,3,3,3,3,3,2,1
115976,7,7,7,7,7,7,7,7,7,6,5,4,2,2,1
115978,1,1,1,1,1,1,1,1,1,1,1,1,1,1,1
115981,9,9,9,9,9,9,7,7,7,6,5,4,2,2,1
115988,2,2,2,2,2,2,2,2,2,2,2,2,2,2,1
115994,1,1,1,1,1,1,1,1,1,1,1,1,1,1,1
115999,1,1,1,1,1,1,1,1,1,1,1,1,1,1,1
116016,4,4,4,4,4,4,4,4,4,4,4,4,2,2,1
116038,1,1,1,1,1,1,1,1,1,1,1,1,1,1,1
116048,1,1,1,1,1,1,1,1,1,1,1,1,1,1,1
116071,,,,,,,,,,,,,,,
116072,1,1,1,1,1,1,1,1,1,1,1,1,1,1,1
116075,1,1,1,1,1,1,1,1,1,1,1,1,1,1,1
116079,,,,,,,,,,,,,,,
116100,3,3,3,3,3,3,3,3,3,3,3,3,3,2,1
116104,1,1,1,1,1,1,1,1,1,1,1,1,1,1,1
116108,2,2,2,2,2,2,2,2,2,2,2,2,2,2,1
116118,2,2,2,2,2,2,2,2,2,2,2,2,2,2,1
116127,3,3,3,3,3,3,3,3,3,3,3,3,3,2,1
116128,,,,,,,,,,,,,,,
116130,3,3,3,3,3,3,3,3,3,3,3,3,3,2,1
116138,1,1,1,1,1,1,1,1,1,1,1,1,1,1,1
116142,1,1,1,1,1,1,1,1,1,1,1,1,1,1,1
116153,2,2,2,2,2,2,2,2,2,2,2,2,2,2,1
116154,1,1,1,1,1,1,1,1,1,1,1,1,1,1,1
116168,1,1,1,1,1,1,1,1,1,1,1,1,1,1,1
116184,3,3,3,3,3,3,3,3,3,3,3,3,3,2,1
116202,1,1,1,1,1,1,1,1,1,1,1,1,1,1,1
116204,1,1,1,1,1,1,1,1,1,1,1,1,1,1,1
116207,1,1,1,1,1,1,1,1,1,1,1,1,1,1,1
116208,,,,,,,,,,,,,,,
116216,3,3,3,3,3,3,3,3,3,3,3,3,3,2,1
116231,1,1,1,1,1,1,1,1,1,1,1,1,1,1,1
116236,3,3,3,3,3,3,3,3,3,3,3,3,3,2,1
116242,1,1,1,1,1,1,1,1,1,1,1,1,1,1,1
116260,1,1,1,1,1,1,1,1,1,1,1,1,1,1,1
116261,2,2,2,2,2,2,2,2,2,2,2,2,2,2,1
116263,4,4,4,4,4,4,4,4,4,4,4,4,2,2,1
116270,5,5,5,5,5,5,5,5,5,5,5,4,2,2,1
116278,3,3,3,3,3,3,3,3,3,3,3,3,3,2,1
116281,1,1,1,1,1,1,1,1,1,1,1,1,1,1,1
116293,2,2,2,2,2,2,2,2,2,2,2,2,2,2,1
116295,2,2,2,2,2,2,2,2,2,2,2,2,2,2,1
116299,1,1,1,1,1,1,1,1,1,1,1,1,1,1,1
116316,8,8,8,8,8,8,8,8,7,6,5,4,2,2,1
116318,2,2,2,2,2,2,2,2,2,2,2,2,2,2,1
116343,4,4,4,4,4,4,4,4,4,4,4,4,2,2,1
116347,2,2,2,2,2,2,2,2,2,2,2,2,2,2,1
116352,3,3,3,3,3,3,3,3,3,3,3,3,3,2,1
116358,1,1,1,1,1,1,1,1,1,1,1,1,1,1,1
116366,8,8,8,8,8,8,8,8,7,6,5,4,2,2,1
116369,1,1,1,1,1,1,1,1,1,1,1,1,1,1,1
116381,5,5,5,5,5,5,5,5,5,5,5,4,2,2,1
116394,,,,,,,,,,,,,,,
116398,2,2,2,2,2,2,2,2,2,2,2,2,2,2,1
116412,2,2,2,2,2,2,2,2,2,2,2,2,2,2,1
116427,1,1,1,1,1,1,1,1,1,1,1,1,1,1,1
116430,4,4,4,4,4,4,4,4,4,4,4,4,2,2,1
116431,1,1,1,1,1,1,1,1,1,1,1,1,1,1,1
116434,4,4,4,4,4,4,4,4,4,4,4,4,2,2,1
116438,3,3,3,3,3,3,3,3,3,3,3,3,3,2,1
116443,3,3,3,3,3,3,3,3,3,3,3,3,3,2,1
116454,1,1,1,1,1,1,1,1,1,1,1,1,1,1,1
116457,1,1,1,1,1,1,1,1,1,1,1,1,1,1,1
116459,3,3,3,3,3,3,3,3,3,3,3,3,3,2,1
116461,2,2,2,2,2,2,2,2,2,2,2,2,2,2,1
116465,3,3,3,3,3,3,3,3,3,3,3,3,3,2,1
116475,4,4,4,4,4,4,4,4,4,4,4,4,2,2,1
116483,2,2,2,2,2,2,2,2,2,2,2,2,2,2,1
116484,2,2,2,2,2,2,2,2,2,2,2,2,2,2,1
116486,1,1,1,1,1,1,1,1,1,1,1,1,1,1,1
116488,1,1,1,1,1,1,1,1,1,1,1,1,1,1,1
116498,1,1,1,1,1,1,1,1,1,1,1,1,1,1,1
116499,10,10,10,10,10,10,10,7,7,6,5,4,2,2,1
116501,1,1,1,1,1,1,1,1,1,1,1,1,1,1,1
116506,5,5,5,5,5,5,5,5,5,5,5,4,2,2,1
116509,,,,,,,,,,,,,,,
116533,,,,,,,,,,,,,,,
116535,1,1,1,1,1,1,1,1,1,1,1,1,1,1,1
116536,3,3,3,3,3,3,3,3,3,3,3,3,3,2,1
116537,4,4,4,4,4,4,4,4,4,4,4,4,2,2,1
116547,1,1,1,1,1,1,1,1,1,1,1,1,1,1,1
116558,1,1,1,1,1,1,1,1,1,1,1,1,1,1,1
116566,,,,,,,,,,,,,,,
116577,1,1,1,1,1,1,1,1,1,1,1,1,1,1,1
116589,11,11,11,11,11,7,7,7,7,6,5,4,2,2,1
116595,1,1,1,1,1,1,1,1,1,1,1,1,1,1,1
116602,1,1,1,1,1,1,1,1,1,1,1,1,1,1,1
116606,1,1,1,1,1,1,1,1,1,1,1,1,1,1,1
116611,1,1,1,1,1,1,1,1,1,1,1,1,1,1,1
116621,1,1,1,1,1,1,1,1,1,1,1,1,1,1,1
116632,1,1,1,1,1,1,1,1,1,1,1,1,1,1,1
116635,2,2,2,2,2,2,2,2,2,2,2,2,2,2,1
116636,10,10,10,10,10,10,10,7,7,6,5,4,2,2,1
116652,1,1,1,1,1,1,1,1,1,1,1,1,1,1,1
116668,9,9,9,9,9,9,7,7,7,6,5,4,2,2,1
116677,1,1,1,1,1,1,1,1,1,1,1,1,1,1,1
116710,3,3,3,3,3,3,3,3,3,3,3,3,3,2,1
116712,1,1,1,1,1,1,1,1,1,1,1,1,1,1,1
116715,1,1,1,1,1,1,1,1,1,1,1,1,1,1,1
116721,1,1,1,1,1,1,1,1,1,1,1,1,1,1,1
116730,1,1,1,1,1,1,1,1,1,1,1,1,1,1,1
116731,4,4,4,4,4,4,4,4,4,4,4,4,2,2,1
116753,2,2,2,2,2,2,2,2,2,2,2,2,2,2,1
116772,1,1,1,1,1,1,1,1,1,1,1,1,1,1,1
116788,3,3,3,3,3,3,3,3,3,3,3,3,3,2,1
116811,2,2,2,2,2,2,2,2,2,2,2,2,2,2,1
116817,6,6,6,6,6,6,6,6,6,6,5,4,2,2,1
116828,1,1,1,1,1,1,1,1,1,1,1,1,1,1,1
116841,1,1,1,1,1,1,1,1,1,1,1,1,1,1,1
116845,1,1,1,1,1,1,1,1,1,1,1,1,1,1,1
116855,1,1,1,1,1,1,1,1,1,1,1,1,1,1,1
116861,1,1,1,1,1,1,1,1,1,1,1,1,1,1,1
116869,4,4,4,4,4,4,4,4,4,4,4,4,2,2,1
116896,1,1,1,1,1,1,1,1,1,1,1,1,1,1,1
116904,4,4,4,4,4,4,4,4,4,4,4,4,2,2,1
116937,1,1,1,1,1,1,1,1,1,1,1,1,1,1,1
116959,1,1,1,1,1,1,1,1,1,1,1,1,1,1,1
116976,4,4,4,4,4,4,4,4,4,4,4,4,2,2,1
116977,1,1,1,1,1,1,1,1,1,1,1,1,1,1,1
116984,,,,,,,,,,,,,,,
116987,3,3,3,3,3,3,3,3,3,3,3,3,3,2,1
116992,,,,,,,,,,,,,,,
117000,1,1,1,1,1,1,1,1,1,1,1,1,1,1,1
117009,1,1,1,1,1,1,1,1,1,1,1,1,1,1,1
117022,,,,,,,,,,,,,,,
117029,1,1,1,1,1,1,1,1,1,1,1,1,1,1,1
117041,1,1,1,1,1,1,1,1,1,1,1,1,1,1,1
117045,3,3,3,3,3,3,3,3,3,3,3,3,3,2,1
117048,,,,,,,,,,,,,,,
117059,4,4,4,4,4,4,4,4,4,4,4,4,2,2,1
117067,4,4,4,4,4,4,4,4,4,4,4,4,2,2,1
117076,3,3,3,3,3,3,3,3,3,3,3,3,3,2,1
117081,1,1,1,1,1,1,1,1,1,1,1,1,1,1,1
117082,4,4,4,4,4,4,4,4,4,4,4,4,2,2,1
117086,1,1,1,1,1,1,1,1,1,1,1,1,1,1,1
117089,1,1,1,1,1,1,1,1,1,1,1,1,1,1,1
117109,11,11,11,11,11,7,7,7,7,6,5,4,2,2,1
117110,1,1,1,1,1,1,1,1,1,1,1,1,1,1,1
117120,1,1,1,1,1,1,1,1,1,1,1,1,1,1,1
117129,1,1,1,1,1,1,1,1,1,1,1,1,1,1,1
117130,1,1,1,1,1,1,1,1,1,1,1,1,1,1,1
117131,,,,,,,,,,,,,,,
117139,1,1,1,1,1,1,1,1,1,1,1,1,1,1,1
117141,1,1,1,1,1,1,1,1,1,1,1,1,1,1,1
117145,3,3,3,3,3,3,3,3,3,3,3,3,3,2,1
117150,1,1,1,1,1,1,1,1,1,1,1,1,1,1,1
117160,1,1,1,1,1,1,1,1,1,1,1,1,1,1,1
117162,3,3,3,3,3,3,3,3,3,3,3,3,3,2,1
117168,1,1,1,1,1,1,1,1,1,1,1,1,1,1,1
117174,1,1,1,1,1,1,1,1,1,1,1,1,1,1,1
117181,1,1,1,1,1,1,1,1,1,1,1,1,1,1,1
117184,1,1,1,1,1,1,1,1,1,1,1,1,1,1,1
117188,1,1,1,1,1,1,1,1,1,1,1,1,1,1,1
117189,1,1,1,1,1,1,1,1,1,1,1,1,1,1,1
117194,1,1,1,1,1,1,1,1,1,1,1,1,1,1,1
117206,1,1,1,1,1,1,1,1,1,1,1,1,1,1,1
117241,1,1,1,1,1,1,1,1,1,1,1,1,1,1,1
117246,1,1,1,1,1,1,1,1,1,1,1,1,1,1,1
117249,1,1,1,1,1,1,1,1,1,1,1,1,1,1,1
117255,1,1,1,1,1,1,1,1,1,1,1,1,1,1,1
117261,1,1,1,1,1,1,1,1,1,1,1,1,1,1,1
117278,,,,,,,,,,,,,,,
117282,3,3,3,3,3,3,3,3,3,3,3,3,3,2,1
117283,2,2,2,2,2,2,2,2,2,2,2,2,2,2,1
117285,2,2,2,2,2,2,2,2,2,2,2,2,2,2,1
117286,1,1,1,1,1,1,1,1,1,1,1,1,1,1,1
117289,5,5,5,5,5,5,5,5,5,5,5,4,2,2,1
117298,2,2,2,2,2,2,2,2,2,2,2,2,2,2,1
117327,1,1,1,1,1,1,1,1,1,1,1,1,1,1,1
117330,1,1,1,1,1,1,1,1,1,1,1,1,1,1,1
117333,3,3,3,3,3,3,3,3,3,3,3,3,3,2,1
117347,1,1,1,1,1,1,1,1,1,1,1,1,1,1,1
117349,1,1,1,1,1,1,1,1,1,1,1,1,1,1,1
117351,1,1,1,1,1,1,1,1,1,1,1,1,1,1,1
117354,1,1,1,1,1,1,1,1,1,1,1,1,1,1,1
117357,,,,,,,,,,,,,,,
117358,1,1,1,1,1,1,1,1,1,1,1,1,1,1,1
117365,1,1,1,1,1,1,1,1,1,1,1,1,1,1,1
117366,1,1,1,1,1,1,1,1,1,1,1,1,1,1,1
117369,3,3,3,3,3,3,3,3,3,3,3,3,3,2,1
117374,3,3,3,3,3,3,3,3,3,3,3,3,3,2,1
117379,,,,,,,,,,,,,,,
117381,1,1,1,1,1,1,1,1,1,1,1,1,1,1,1
117389,4,4,4,4,4,4,4,4,4,4,4,4,2,2,1
117397,8,8,8,8,8,8,8,8,7,6,5,4,2,2,1
117399,4,4,4,4,4,4,4,4,4,4,4,4,2,2,1
117400,,,,,,,,,,,,,,,
117409,1,1,1,1,1,1,1,1,1,1,1,1,1,1,1
117427,,,,,,,,,,,,,,,
117437,1,1,1,1,1,1,1,1,1,1,1,1,1,1,1
117449,1,1,1,1,1,1,1,1,1,1,1,1,1,1,1
117450,,,,,,,,,,,,,,,
117454,2,2,2,2,2,2,2,2,2,2,2,2,2,2,1
117459,2,2,2,2,2,2,2,2,2,2,2,2,2,2,1
117466,1,1,1,1,1,1,1,1,1,1,1,1,1,1,1
117472,2,2,2,2,2,2,2,2,2,2,2,2,2,2,1
117478,1,1,1,1,1,1,1,1,1,1,1,1,1,1,1
117485,1,1,1,1,1,1,1,1,1,1,1,1,1,1,1
117492,1,1,1,1,1,1,1,1,1,1,1,1,1,1,1
117515,1,1,1,1,1,1,1,1,1,1,1,1,1,1,1
117517,3,3,3,3,3,3,3,3,3,3,3,3,3,2,1
117520,2,2,2,2,2,2,2,2,2,2,2,2,2,2,1
117522,10,10,10,10,10,10,10,7,7,6,5,4,2,2,1
117530,1,1,1,1,1,1,1,1,1,1,1,1,1,1,1
117540,1,1,1,1,1,1,1,1,1,1,1,1,1,1,1
117545,1,1,1,1,1,1,1,1,1,1,1,1,1,1,1
117564,6,6,6,6,6,6,6,6,6,6,5,4,2,2,1
117588,1,1,1,1,1,1,1,1,1,1,1,1,1,1,1
117594,1,1,1,1,1,1,1,1,1,1,1,1,1,1,1
117606,,,,,,,,,,,,,,,
117617,4,4,4,4,4,4,4,4,4,4,4,4,2,2,1
117618,7,7,7,7,7,7,7,7,7,6,5,4,2,2,1
117627,1,1,1,1,1,1,1,1,1,1,1,1,1,1,1
117650,4,4,4,4,4,4,4,4,4,4,4,4,2,2,1
117654,5,5,5,5,5,5,5,5,5,5,5,4,2,2,1
117657,1,1,1,1,1,1,1,1,1,1,1,1,1,1,1
117658,3,3,3,3,3,3,3,3,3,3,3,3,3,2,1
117663,10,10,10,10,10,10,10,7,7,6,5,4,2,2,1
117673,,,,,,,,,,,,,,,
117681,1,1,1,1,1,1,1,1,1,1,1,1,1,1,1
117684,1,1,1,1,1,1,1,1,1,1,1,1,1,1,1
117687,,,,,,,,,,,,,,,
117689,2,2,2,2,2,2,2,2,2,2,2,2,2,2,1
117707,1,1,1,1,1,1,1,1,1,1,1,1,1,1,1
117722,1,1,1,1,1,1,1,1,1,1,1,1,1,1,1
117753,5,5,5,5,5,5,5,5,5,5,5,4,2,2,1
117769,1,1,1,1,1,1,1,1,1,1,1,1,1,1,1
117777,6,6,6,6,6,6,6,6,6,6,5,4,2,2,1
117778,1,1,1,1,1,1,1,1,1,1,1,1,1,1,1
117786,1,1,1,1,1,1,1,1,1,1,1,1,1,1,1
117801,1,1,1,1,1,1,1,1,1,1,1,1,1,1,1
117814,4,4,4,4,4,4,4,4,4,4,4,4,2,2,1
117819,1,1,1,1,1,1,1,1,1,1,1,1,1,1,1
117830,5,5,5,5,5,5,5,5,5,5,5,4,2,2,1
117837,,,,,,,,,,,,,,,
117844,4,4,4,4,4,4,4,4,4,4,4,4,2,2,1
117846,,,,,,,,,,,,,,,
117854,1,1,1,1,1,1,1,1,1,1,1,1,1,1,1
117875,1,1,1,1,1,1,1,1,1,1,1,1,1,1,1
117882,6,6,6,6,6,6,6,6,6,6,5,4,2,2,1
117894,,,,,,,,,,,,,,,
117897,3,3,3,3,3,3,3,3,3,3,3,3,3,2,1
117906,2,2,2,2,2,2,2,2,2,2,2,2,2,2,1
117917,,,,,,,,,,,,,,,
117919,3,3,3,3,3,3,3,3,3,3,3,3,3,2,1
117924,1,1,1,1,1,1,1,1,1,1,1,1,1,1,1
117955,1,1,1,1,1,1,1,1,1,1,1,1,1,1,1
117962,,,,,,,,,,,,,,,
117964,1,1,1,1,1,1,1,1,1,1,1,1,1,1,1
117965,3,3,3,3,3,3,3,3,3,3,3,3,3,2,1
117971,1,1,1,1,1,1,1,1,1,1,1,1,1,1,1
117980,1,1,1,1,1,1,1,1,1,1,1,1,1,1,1
117981,1,1,1,1,1,1,1,1,1,1,1,1,1,1,1
117987,2,2,2,2,2,2,2,2,2,2,2,2,2,2,1
117988,5,5,5,5,5,5,5,5,5,5,5,4,2,2,1
117992,10,10,10,10,10,10,10,7,7,6,5,4,2,2,1
118008,5,5,5,5,5,5,5,5,5,5,5,4,2,2,1
118028,1,1,1,1,1,1,1,1,1,1,1,1,1,1,1
118040,1,1,1,1,1,1,1,1,1,1,1,1,1,1,1
118041,,,,,,,,,,,,,,,
118061,10,10,10,10,10,10,10,7,7,6,5,4,2,2,1
118085,1,1,1,1,1,1,1,1,1,1,1,1,1,1,1
118091,2,2,2,2,2,2,2,2,2,2,2,2,2,2,1
118092,7,7,7,7,7,7,7,7,7,6,5,4,2,2,1
118099,2,2,2,2,2,2,2,2,2,2,2,2,2,2,1
118101,,,,,,,,,,,,,,,
118112,9,9,9,9,9,9,7,7,7,6,5,4,2,2,1
118114,2,2,2,2,2,2,2,2,2,2,2,2,2,2,1
118117,3,3,3,3,3,3,3,3,3,3,3,3,3,2,1
118127,3,3,3,3,3,3,3,3,3,3,3,3,3,2,1
118136,6,6,6,6,6,6,6,6,6,6,5,4,2,2,1
118142,2,2,2,2,2,2,2,2,2,2,2,2,2,2,1
118144,,,,,,,,,,,,,,,
118152,1,1,1,1,1,1,1,1,1,1,1,1,1,1,1
118156,5,5,5,5,5,5,5,5,5,5,5,4,2,2,1
118169,1,1,1,1,1,1,1,1,1,1,1,1,1,1,1
118177,1,1,1,1,1,1,1,1,1,1,1,1,1,1,1
118193,6,6,6,6,6,6,6,6,6,6,5,4,2,2,1
118195,4,4,4,4,4,4,4,4,4,4,4,4,2,2,1
118199,9,9,9,9,9,9,7,7,7,6,5,4,2,2,1
118204,9,9,9,9,9,9,7,7,7,6,5,4,2,2,1
118206,1,1,1,1,1,1,1,1,1,1,1,1,1,1,1
118211,1,1,1,1,1,1,1,1,1,1,1,1,1,1,1
118220,1,1,1,1,1,1,1,1,1,1,1,1,1,1,1
118223,,,,,,,,,,,,,,,
118238,1,1,1,1,1,1,1,1,1,1,1,1,1,1,1
118245,1,1,1,1,1,1,1,1,1,1,1,1,1,1,1
118247,3,3,3,3,3,3,3,3,3,3,3,3,3,2,1
118248,1,1,1,1,1,1,1,1,1,1,1,1,1,1,1
118250,4,4,4,4,4,4,4,4,4,4,4,4,2,2,1
118264,10,10,10,10,10,10,10,7,7,6,5,4,2,2,1
118265,1,1,1,1,1,1,1,1,1,1,1,1,1,1,1
118277,1,1,1,1,1,1,1,1,1,1,1,1,1,1,1
118289,4,4,4,4,4,4,4,4,4,4,4,4,2,2,1
118292,1,1,1,1,1,1,1,1,1,1,1,1,1,1,1
118293,3,3,3,3,3,3,3,3,3,3,3,3,3,2,1
118296,1,1,1,1,1,1,1,1,1,1,1,1,1,1,1
118303,4,4,4,4,4,4,4,4,4,4,4,4,2,2,1
118321,2,2,2,2,2,2,2,2,2,2,2,2,2,2,1
118325,8,8,8,8,8,8,8,8,7,6,5,4,2,2,1
118329,1,1,1,1,1,1,1,1,1,1,1,1,1,1,1
118338,1,1,1,1,1,1,1,1,1,1,1,1,1,1,1
118356,1,1,1,1,1,1,1,1,1,1,1,1,1,1,1
118369,1,1,1,1,1,1,1,1,1,1,1,1,1,1,1
118372,3,3,3,3,3,3,3,3,3,3,3,3,3,2,1
118383,1,1,1,1,1,1,1,1,1,1,1,1,1,1,1
118392,5,5,5,5,5,5,5,5,5,5,5,4,2,2,1
118396,1,1,1,1,1,1,1,1,1,1,1,1,1,1,1
118398,1,1,1,1,1,1,1,1,1,1,1,1,1,1,1
118403,3,3,3,3,3,3,3,3,3,3,3,3,3,2,1
118405,7,7,7,7,7,7,7,7,7,6,5,4,2,2,1
118409,2,2,2,2,2,2,2,2,2,2,2,2,2,2,1
118411,14,14,14,14,9,9,7,7,7,6,5,4,2,2,1
118415,3,3,3,3,3,3,3,3,3,3,3,3,3,2,1
118417,1,1,1,1,1,1,1,1,1,1,1,1,1,1,1
118427,1,1,1,1,1,1,1,1,1,1,1,1,1,1,1
118432,1,1,1,1,1,1,1,1,1,1,1,1,1,1,1
118439,2,2,2,2,2,2,2,2,2,2,2,2,2,2,1
118451,5,5,5,5,5,5,5,5,5,5,5,4,2,2,1
118460,,,,,,,,,,,,,,,
118461,1,1,1,1,1,1,1,1,1,1,1,1,1,1,1
118470,4,4,4,4,4,4,4,4,4,4,4,4,2,2,1
118476,2,2,2,2,2,2,2,2,2,2,2,2,2,2,1
118485,3,3,3,3,3,3,3,3,3,3,3,3,3,2,1
118494,1,1,1,1,1,1,1,1,1,1,1,1,1,1,1
118506,3,3,3,3,3,3,3,3,3,3,3,3,3,2,1
118518,1,1,1,1,1,1,1,1,1,1,1,1,1,1,1
118519,3,3,3,3,3,3,3,3,3,3,3,3,3,2,1
118523,2,2,2,2,2,2,2,2,2,2,2,2,2,2,1
118528,1,1,1,1,1,1,1,1,1,1,1,1,1,1,1
118534,1,1,1,1,1,1,1,1,1,1,1,1,1,1,1
118541,4,4,4,4,4,4,4,4,4,4,4,4,2,2,1
118547,1,1,1,1,1,1,1,1,1,1,1,1,1,1,1
118555,1,1,1,1,1,1,1,1,1,1,1,1,1,1,1
118562,1,1,1,1,1,1,1,1,1,1,1,1,1,1,1
118565,4,4,4,4,4,4,4,4,4,4,4,4,2,2,1
118567,1,1,1,1,1,1,1,1,1,1,1,1,1,1,1
118578,9,9,9,9,9,9,7,7,7,6,5,4,2,2,1
118580,5,5,5,5,5,5,5,5,5,5,5,4,2,2,1
118586,4,4,4,4,4,4,4,4,4,4,4,4,2,2,1
118597,1,1,1,1,1,1,1,1,1,1,1,1,1,1,1
118602,2,2,2,2,2,2,2,2,2,2,2,2,2,2,1
118607,1,1,1,1,1,1,1,1,1,1,1,1,1,1,1
118626,1,1,1,1,1,1,1,1,1,1,1,1,1,1,1
118640,,,,,,,,,,,,,,,
118642,1,1,1,1,1,1,1,1,1,1,1,1,1,1,1
118644,1,1,1,1,1,1,1,1,1,1,1,1,1,1,1
118650,2,2,2,2,2,2,2,2,2,2,2,2,2,2,1
118656,1,1,1,1,1,1,1,1,1,1,1,1,1,1,1
118663,8,8,8,8,8,8,8,8,7,6,5,4,2,2,1
118684,1,1,1,1,1,1,1,1,1,1,1,1,1,1,1
118694,3,3,3,3,3,3,3,3,3,3,3,3,3,2,1
118696,,,,,,,,,,,,,,,
118711,1,1,1,1,1,1,1,1,1,1,1,1,1,1,1
118712,1,1,1,1,1,1,1,1,1,1,1,1,1,1,1
118719,5,5,5,5,5,5,5,5,5,5,5,4,2,2,1
118731,1,1,1,1,1,1,1,1,1,1,1,1,1,1,1
118733,3,3,3,3,3,3,3,3,3,3,3,3,3,2,1
118749,3,3,3,3,3,3,3,3,3,3,3,3,3,2,1
118757,1,1,1,1,1,1,1,1,1,1,1,1,1,1,1
118763,1,1,1,1,1,1,1,1,1,1,1,1,1,1,1
118765,1,1,1,1,1,1,1,1,1,1,1,1,1,1,1
118767,1,1,1,1,1,1,1,1,1,1,1,1,1,1,1
118781,8,8,8,8,8,8,8,8,7,6,5,4,2,2,1
118806,1,1,1,1,1,1,1,1,1,1,1,1,1,1,1
118807,3,3,3,3,3,3,3,3,3,3,3,3,3,2,1
118821,1,1,1,1,1,1,1,1,1,1,1,1,1,1,1
118825,1,1,1,1,1,1,1,1,1,1,1,1,1,1,1
118828,1,1,1,1,1,1,1,1,1,1,1,1,1,1,1
118837,1,1,1,1,1,1,1,1,1,1,1,1,1,1,1
118846,1,1,1,1,1,1,1,1,1,1,1,1,1,1,1
118848,15,12,12,11,11,7,7,7,7,6,5,4,2,2,1
118851,1,1,1,1,1,1,1,1,1,1,1,1,1,1,1
118861,3,3,3,3,3,3,3,3,3,3,3,3,3,2,1
118895,2,2,2,2,2,2,2,2,2,2,2,2,2,2,1
118896,1,1,1,1,1,1,1,1,1,1,1,1,1,1,1
118898,3,3,3,3,3,3,3,3,3,3,3,3,3,2,1
118929,3,3,3,3,3,3,3,3,3,3,3,3,3,2,1
118951,,,,,,,,,,,,,,,
118956,3,3,3,3,3,3,3,3,3,3,3,3,3,2,1
118962,1,1,1,1,1,1,1,1,1,1,1,1,1,1,1
118985,1,1,1,1,1,1,1,1,1,1,1,1,1,1,1
118987,6,6,6,6,6,6,6,6,6,6,5,4,2,2,1
118991,,,,,,,,,,,,,,,
118994,1,1,1,1,1,1,1,1,1,1,1,1,1,1,1
119000,4,4,4,4,4,4,4,4,4,4,4,4,2,2,1
119004,4,4,4,4,4,4,4,4,4,4,4,4,2,2,1
119008,1,1,1,1,1,1,1,1,1,1,1,1,1,1,1
119011,1,1,1,1,1,1,1,1,1,1,1,1,1,1,1
119013,1,1,1,1,1,1,1,1,1,1,1,1,1,1,1
119023,8,8,8,8,8,8,8,8,7,6,5,4,2,2,1
119028,,,,,,,,,,,,,,,
119059,9,9,9,9,9,9,7,7,7,6,5,4,2,2,1
119062,1,1,1,1,1,1,1,1,1,1,1,1,1,1,1
119075,1,1,1,1,1,1,1,1,1,1,1,1,1,1,1
119077,1,1,1,1,1,1,1,1,1,1,1,1,1,1,1
119083,,,,,,,,,,,,,,,
119085,1,1,1,1,1,1,1,1,1,1,1,1,1,1,1
119090,11,11,11,11,11,7,7,7,7,6,5,4,2,2,1
119096,1,1,1,1,1,1,1,1,1,1,1,1,1,1,1
119097,1,1,1,1,1,1,1,1,1,1,1,1,1,1,1
119100,1,1,1,1,1,1,1,1,1,1,1,1,1,1,1
119108,1,1,1,1,1,1,1,1,1,1,1,1,1,1,1
119115,2,2,2,2,2,2,2,2,2,2,2,2,2,2,1
119119,8,8,8,8,8,8,8,8,7,6,5,4,2,2,1
119121,1,1,1,1,1,1,1,1,1,1,1,1,1,1,1
119139,1,1,1,1,1,1,1,1,1,1,1,1,1,1,1
119153,3,3,3,3,3,3,3,3,3,3,3,3,3,2,1
119156,1,1,1,1,1,1,1,1,1,1,1,1,1,1,1
119163,11,11,11,11,11,7,7,7,7,6,5,4,2,2,1
119185,1,1,1,1,1,1,1,1,1,1,1,1,1,1,1
119196,1,1,1,1,1,1,1,1,1,1,1,1,1,1,1
119216,1,1,1,1,1,1,1,1,1,1,1,1,1,1,1
119217,8,8,8,8,8,8,8,8,7,6,5,4,2,2,1
119224,2,2,2,2,2,2,2,2,2,2,2,2,2,2,1
119236,,,,,,,,,,,,,,,
119242,2,2,2,2,2,2,2,2,2,2,2,2,2,2,1
119260,4,4,4,4,4,4,4,4,4,4,4,4,2,2,1
119265,4,4,4,4,4,4,4,4,4,4,4,4,2,2,1
119268,1,1,1,1,1,1,1,1,1,1,1,1,1,1,1
119275,1,1,1,1,1,1,1,1,1,1,1,1,1,1,1
119277,1,1,1,1,1,1,1,1,1,1,1,1,1,1,1
119283,2,2,2,2,2,2,2,2,2,2,2,2,2,2,1
119289,1,1,1,1,1,1,1,1,1,1,1,1,1,1,1
119294,1,1,1,1,1,1,1,1,1,1,1,1,1,1,1
119297,4,4,4,4,4,4,4,4,4,4,4,4,2,2,1
119299,1,1,1,1,1,1,1,1,1,1,1,1,1,1,1
119309,,,,,,,,,,,,,,,
119319,1,1,1,1,1,1,1,1,1,1,1,1,1,1,1
119327,1,1,1,1,1,1,1,1,1,1,1,1,1,1,1
119331,1,1,1,1,1,1,1,1,1,1,1,1,1,1,1
119346,2,2,2,2,2,2,2,2,2,2,2,2,2,2,1
119355,2,2,2,2,2,2,2,2,2,2,2,2,2,2,1
119356,,,,,,,,,,,,,,,
119364,1,1,1,1,1,1,1,1,1,1,1,1,1,1,1
119368,1,1,1,1,1,1,1,1,1,1,1,1,1,1,1
119371,1,1,1,1,1,1,1,1,1,1,1,1,1,1,1
119375,3,3,3,3,3,3,3,3,3,3,3,3,3,2,1
119383,5,5,5,5,5,5,5,5,5,5,5,4,2,2,1
119394,1,1,1,1,1,1,1,1,1,1,1,1,1,1,1
119400,11,11,11,11,11,7,7,7,7,6,5,4,2,2,1
119417,2,2,2,2,2,2,2,2,2,2,2,2,2,2,1
119425,1,1,1,1,1,1,1,1,1,1,1,1,1,1,1
119433,1,1,1,1,1,1,1,1,1,1,1,1,1,1,1
119438,2,2,2,2,2,2,2,2,2,2,2,2,2,2,1
119441,8,8,8,8,8,8,8,8,7,6,5,4,2,2,1
119452,1,1,1,1,1,1,1,1,1,1,1,1,1,1,1
119454,1,1,1,1,1,1,1,1,1,1,1,1,1,1,1
119458,1,1,1,1,1,1,1,1,1,1,1,1,1,1,1
119461,1,1,1,1,1,1,1,1,1,1,1,1,1,1,1
119466,3,3,3,3,3,3,3,3,3,3,3,3,3,2,1
119470,3,3,3,3,3,3,3,3,3,3,3,3,3,2,1
119486,1,1,1,1,1,1,1,1,1,1,1,1,1,1,1
119504,1,1,1,1,1,1,1,1,1,1,1,1,1,1,1
119522,2,2,2,2,2,2,2,2,2,2,2,2,2,2,1
119529,4,4,4,4,4,4,4,4,4,4,4,4,2,2,1
119542,1,1,1,1,1,1,1,1,1,1,1,1,1,1,1
119572,2,2,2,2,2,2,2,2,2,2,2,2,2,2,1
119582,6,6,6,6,6,6,6,6,6,6,5,4,2,2,1
119585,3,3,3,3,3,3,3,3,3,3,3,3,3,2,1
119586,10,10,10,10,10,10,10,7,7,6,5,4,2,2,1
119594,1,1,1,1,1,1,1,1,1,1,1,1,1,1,1
119599,2,2,2,2,2,2,2,2,2,2,2,2,2,2,1
119601,1,1,1,1,1,1,1,1,1,1,1,1,1,1,1
119628,1,1,1,1,1,1,1,1,1,1,1,1,1,1,1
119640,4,4,4,4,4,4,4,4,4,4,4,4,2,2,1
119642,1,1,1,1,1,1,1,1,1,1,1,1,1,1,1
119647,1,1,1,1,1,1,1,1,1,1,1,1,1,1,1
119648,3,3,3,3,3,3,3,3,3,3,3,3,3,2,1
119652,1,1,1,1,1,1,1,1,1,1,1,1,1,1,1
119678,1,1,1,1,1,1,1,1,1,1,1,1,1,1,1
119694,2,2,2,2,2,2,2,2,2,2,2,2,2,2,1
119723,1,1,1,1,1,1,1,1,1,1,1,1,1,1,1
119740,7,7,7,7,7,7,7,7,7,6,5,4,2,2,1
119750,1,1,1,1,1,1,1,1,1,1,1,1,1,1,1
119751,1,1,1,1,1,1,1,1,1,1,1,1,1,1,1
119755,1,1,1,1,1,1,1,1,1,1,1,1,1,1,1
119770,3,3,3,3,3,3,3,3,3,3,3,3,3,2,1
119774,1,1,1,1,1,1,1,1,1,1,1,1,1,1,1
119776,3,3,3,3,3,3,3,3,3,3,3,3,3,2,1
119781,3,3,3,3,3,3,3,3,3,3,3,3,3,2,1
119801,,,,,,,,,,,,,,,
119803,,,,,,,,,,,,,,,
119806,3,3,3,3,3,3,3,3,3,3,3,3,3,2,1
119819,1,1,1,1,1,1,1,1,1,1,1,1,1,1,1
119826,6,6,6,6,6,6,6,6,6,6,5,4,2,2,1
119828,1,1,1,1,1,1,1,1,1,1,1,1,1,1,1
119829,5,5,5,5,5,5,5,5,5,5,5,4,2,2,1
119831,3,3,3,3,3,3,3,3,3,3,3,3,3,2,1
119833,1,1,1,1,1,1,1,1,1,1,1,1,1,1,1
119842,2,2,2,2,2,2,2,2,2,2,2,2,2,2,1
119854,1,1,1,1,1,1,1,1,1,1,1,1,1,1,1
119855,1,1,1,1,1,1,1,1,1,1,1,1,1,1,1
119901,1,1,1,1,1,1,1,1,1,1,1,1,1,1,1
119902,1,1,1,1,1,1,1,1,1,1,1,1,1,1,1
119908,2,2,2,2,2,2,2,2,2,2,2,2,2,2,1
119912,1,1,1,1,1,1,1,1,1,1,1,1,1,1,1
119932,1,1,1,1,1,1,1,1,1,1,1,1,1,1,1
119946,2,2,2,2,2,2,2,2,2,2,2,2,2,2,1
119966,1,1,1,1,1,1,1,1,1,1,1,1,1,1,1
119974,1,1,1,1,1,1,1,1,1,1,1,1,1,1,1
119980,1,1,1,1,1,1,1,1,1,1,1,1,1,1,1
119998,1,1,1,1,1,1,1,1,1,1,1,1,1,1,1
120000,3,3,3,3,3,3,3,3,3,3,3,3,3,2,1
120005,1,1,1,1,1,1,1,1,1,1,1,1,1,1,1
120008,4,4,4,4,4,4,4,4,4,4,4,4,2,2,1
120049,1,1,1,1,1,1,1,1,1,1,1,1,1,1,1
120067,3,3,3,3,3,3,3,3,3,3,3,3,3,2,1
