hhnum,1002,1004,1006,1008
100012,3904.0,0.0,0.0,0.0
100015,0.0,3904.0,0.0,0.0
100024,0.0,0.0,3904.0,0.0
100028,3904.0,0.0,0.0,0.0
100040,0.0,1952.0,0.0,0.0
100049,3904.0,0.0,0.0,0.0
100054,0.0,0.0,0.0,0.0
100055,0.0,3904.0,0.0,0.0
100059,0.0,3904.0,0.0,0.0
100061,0.0,1952.0,0.0,0.0
100067,0.0,3904.0,0.0,0.0
100069,0.0,0.0,0.0,0.0
100076,0.0,0.0,1952.0,0.0
100083,0.0,1952.0,0.0,0.0
100088,979.2,7808.0,0.0,0.0
100093,0.0,0.0,3904.0,0.0
100095,3904.0,0.0,0.0,0.0
100104,0.0,0.0,976.0,0.0
100132,0.0,0.0,0.0,0.0
100135,0.0,7808.0,0.0,0.0
100138,0.0,23424.0,0.0,0.0
100148,0.0,3904.0,0.0,0.0
100150,1952.0,0.0,0.0,0.0
100151,0.0,1952.0,0.0,0.0
100155,0.0,3904.0,0.0,0.0
100158,0.0,7808.0,0.0,0.0
100159,0.0,3904.0,0.0,0.0
100163,0.0,7808.0,0.0,0.0
100174,3904.0,3904.0,0.0,0.0
100192,7808.0,7808.0,0.0,0.0
100194,0.0,0.0,0.0,0.0
100203,0.0,9760.0,0.0,0.0
100207,0.0,0.0,0.0,0.0
100210,0.0,3904.0,0.0,0.0
100214,0.0,0.0,0.0,0.0
100228,244.8,0.0,0.0,0.0
100229,0.0,7808.0,0.0,0.0
100238,0.0,0.0,0.0,0.0
100240,0.0,3904.0,0.0,0.0
100244,3904.0,0.0,0.0,0.0
100255,0.0,3904.0,0.0,0.0
100268,7808.0,7808.0,0.0,0.0
100273,0.0,7808.0,0.0,0.0
100274,0.0,0.0,0.0,1958.4
100276,0.0,0.0,0.0,3916.8
100292,0.0,0.0,0.0,11750.400000000001
100304,1952.0,0.0,0.0,0.0
100317,4880.0,0.0,0.0,0.0
100322,0.0,0.0,0.0,0.0
100323,0.0,976.0,0.0,0.0
100325,0.0,1952.0,0.0,0.0
100337,0.0,0.0,0.0,0.0
100360,3904.0,0.0,0.0,0.0
100363,0.0,23424.0,0.0,979.2
100373,3904.0,0.0,0.0,0.0
100381,0.0,7808.0,0.0,0.0
100384,0.0,7808.0,0.0,0.0
100391,0.0,0.0,3904.0,0.0
100406,0.0,1952.0,0.0,0.0
100419,0.0,11712.0,0.0,0.0
100426,11712.0,0.0,0.0,0.0
100436,0.0,0.0,0.0,0.0
100438,0.0,1952.0,0.0,3916.8
100442,0.0,0.0,0.0,5875.200000000001
100444,7808.0,3904.0,0.0,0.0
100446,0.0,0.0,0.0,3916.8
100457,0.0,1952.0,0.0,0.0
100459,0.0,1952.0,0.0,1958.4
100460,7808.0,0.0,0.0,0.0
100464,0.0,3904.0,0.0,0.0
100485,0.0,3904.0,0.0,0.0
100487,3904.0,0.0,0.0,0.0
100502,0.0,3904.0,0.0,0.0
100504,0.0,3904.0,0.0,0.0
100509,0.0,0.0,0.0,1958.4
100513,0.0,0.0,7808.0,0.0
100520,3904.0,0.0,0.0,0.0
100529,1952.0,0.0,0.0,0.0
100533,1952.0,0.0,0.0,3916.8
100539,0.0,1952.0,0.0,0.0
100545,1952.0,0.0,0.0,0.0
100554,1952.0,0.0,0.0,0.0
100558,0.0,3904.0,0.0,0.0
100562,0.0,0.0,3904.0,0.0
100568,15616.0,0.0,0.0,0.0
100580,0.0,0.0,0.0,0.0
100584,3904.0,0.0,0.0,0.0
100594,1958.4,7808.0,0.0,0.0
100622,3904.0,0.0,0.0,0.0
100623,0.0,0.0,0.0,15667.2
100633,0.0,7808.0,0.0,0.0
100641,7808.0,0.0,0.0,0.0
100649,0.0,3904.0,0.0,0.0
100664,0.0,0.0,0.0,3916.8
100666,3904.0,0.0,0.0,0.0
100681,0.0,0.0,0.0,0.0
100686,0.0,0.0,0.0,9792.0
100689,4883.2,976.0,0.0,0.0
100690,0.0,3904.0,0.0,0.0
100692,0.0,3904.0,0.0,0.0
100693,0.0,0.0,0.0,1958.4
100697,0.0,7808.0,0.0,0.0
100700,0.0,3904.0,0.0,0.0
100714,1952.0,0.0,0.0,0.0
100720,0.0,3904.0,0.0,0.0
100726,0.0,1952.0,0.0,0.0
100742,0.0,3904.0,0.0,0.0
100753,3904.0,0.0,0.0,0.0
100768,0.0,3898.418665554,0.0,0.0
100781,0.0,4880.0,0.0,384.0
100783,0.0,7808.0,0.0,0.0
100792,1952.0,1952.0,0.0,0.0
100796,0.0,976.0,0.0,0.0
100799,0.0,0.0,3904.0,0.0
100805,7808.0,0.0,0.0,0.0
100810,0.0,3904.0,0.0,0.0
100816,0.0,0.0,7808.0,0.0
100841,0.0,3904.0,0.0,0.0
100843,0.0,453.59,0.0,0.0
100845,0.0,3904.0,0.0,0.0
100857,0.0,0.0,0.0,7833.6
100875,1890.0,0.0,0.0,0.0
100885,0.0,3904.0,0.0,0.0
100888,7808.0,0.0,3904.0,0.0
100900,3904.0,0.0,0.0,0.0
100901,3904.0,0.0,0.0,0.0
100905,0.0,0.0,0.0,7833.6
100917,0.0,0.0,0.0,0.0
100929,3904.0,0.0,0.0,0.0
100934,0.0,3904.0,0.0,0.0
100953,0.0,0.0,0.0,3916.8
100958,0.0,0.0,0.0,3916.8
100974,0.0,3904.0,0.0,0.0
100984,0.0,3904.0,0.0,0.0
100985,0.0,0.0,0.0,0.0
100992,0.0,0.0,0.0,3916.8
101011,0.0,0.0,0.0,7833.6
101018,0.0,340.2,7808.0,384.0
101020,0.0,0.0,0.0,1958.4
101024,0.0,3904.0,0.0,0.0
101046,1134.0,0.0,0.0,0.0
101056,0.0,488.0,0.0,0.0
101061,0.0,0.0,0.0,0.0
101062,0.0,1952.0,0.0,0.0
101063,0.0,3904.0,0.0,0.0
101094,0.0,3904.0,0.0,0.0
101112,0.0,3904.0,0.0,0.0
101125,979.2,0.0,0.0,0.0
101130,3904.0,0.0,0.0,0.0
101134,976.0,0.0,0.0,0.0
101141,0.0,0.0,0.0,0.0
101148,0.0,0.0,0.0,0.0
101151,8148.2,0.0,0.0,0.0
101154,0.0,8784.0,0.0,0.0
101175,1952.0,0.0,0.0,0.0
101180,3904.0,3904.0,0.0,0.0
101195,0.0,0.0,0.0,0.0
101196,1952.0,0.0,0.0,0.0
101203,0.0,3904.0,0.0,0.0
101210,0.0,7808.0,1952.0,0.0
101218,0.0,1952.0,0.0,0.0
101228,0.0,11712.0,0.0,0.0
101236,0.0,0.0,3904.0,0.0
101244,0.0,7808.0,0.0,0.0
101253,0.0,7808.0,0.0,0.0
101267,0.0,0.0,1952.0,0.0
101268,0.0,11712.0,0.0,0.0
101291,1512.0,0.0,3904.0,0.0
101292,0.0,0.0,0.0,0.0
101323,5856.0,7808.0,0.0,0.0
101326,3904.0,3904.0,0.0,0.0
101339,0.0,1949.209332777,0.0,0.0
101343,0.0,0.0,3904.0,0.0
101347,0.0,7808.0,0.0,0.0
101359,0.0,0.0,0.0,3916.8
101372,0.0,3904.0,0.0,0.0
101374,0.0,0.0,0.0,0.0
101386,0.0,0.0,0.0,3916.8
101389,756.0,11712.0,0.0,0.0
101396,0.0,1464.0,0.0,0.0
101399,0.0,0.0,0.0,979.2
101400,0.0,0.0,0.0,0.0
101426,3904.0,0.0,0.0,0.0
101451,0.0,7808.0,0.0,0.0
101456,1952.0,976.0,0.0,1958.4
101460,5856.0,0.0,0.0,0.0
101469,0.0,0.0,4880.0,0.0
101481,3904.0,0.0,0.0,0.0
101494,0.0,0.0,0.0,1958.4
101499,0.0,1952.0,0.0,0.0
101501,0.0,3904.0,0.0,0.0
101502,0.0,7808.0,0.0,0.0
101503,7808.0,0.0,0.0,0.0
101521,0.0,0.0,0.0,3916.8
101525,0.0,0.0,0.0,7833.6
101531,0.0,0.0,0.0,0.0
101537,0.0,1952.0,0.0,0.0
101541,7808.0,0.0,0.0,0.0
101560,7808.0,7808.0,0.0,0.0
101570,3904.0,0.0,0.0,0.0
101574,3910.4,0.0,0.0,0.0
101580,7808.0,0.0,0.0,0.0
101581,0.0,3904.0,0.0,0.0
101590,7808.0,0.0,0.0,0.0
101591,1952.0,0.0,0.0,0.0
101599,7808.0,0.0,0.0,0.0
101602,3904.0,0.0,0.0,0.0
101603,0.0,0.0,1952.0,0.0
101609,0.0,0.0,0.0,979.2
101618,0.0,3904.0,0.0,0.0
101626,3904.0,0.0,0.0,0.0
101637,976.0,0.0,0.0,0.0
101640,0.0,3904.0,0.0,0.0
101663,0.0,0.0,0.0,0.0
101668,0.0,0.0,0.0,0.0
101670,0.0,3904.0,0.0,0.0
101678,12688.0,0.0,0.0,0.0
101680,1952.0,0.0,0.0,0.0
101713,3904.0,0.0,0.0,0.0
101719,1952.0,0.0,0.0,3916.8
101729,0.0,3904.0,0.0,0.0
101738,0.0,3904.0,0.0,0.0
101744,0.0,3904.0,0.0,0.0
101752,3904.0,3904.0,0.0,0.0
101756,1952.0,0.0,0.0,0.0
101758,0.0,3904.0,0.0,0.0
101759,976.0,0.0,0.0,0.0
101761,0.0,7808.0,0.0,0.0
101763,0.0,1952.0,0.0,0.0
101776,0.0,0.0,1952.0,0.0
101777,0.0,0.0,3904.0,0.0
101785,0.0,5856.0,0.0,0.0
101790,0.0,0.0,0.0,0.0
101797,0.0,11712.0,0.0,0.0
101803,0.0,0.0,0.0,0.0
101812,3904.0,0.0,0.0,0.0
101815,0.0,3904.0,0.0,0.0
101828,0.0,0.0,0.0,0.0
101829,0.0,3904.0,0.0,0.0
101831,0.0,3904.0,0.0,0.0
101833,0.0,0.0,0.0,7833.6
101844,0.0,0.0,0.0,0.0
101845,0.0,0.0,1952.0,0.0
101856,0.0,0.0,0.0,0.0
101857,3904.0,3904.0,0.0,0.0
101862,0.0,1952.0,0.0,0.0
101870,0.0,11712.0,0.0,0.0
101874,489.6,1952.0,0.0,0.0
101880,340.2,0.0,0.0,0.0
101881,1952.0,0.0,0.0,0.0
101888,0.0,976.0,0.0,0.0
101889,0.0,3904.0,0.0,0.0
101896,0.0,3904.0,0.0,0.0
101906,8787.2,0.0,0.0,0.0
101923,0.0,0.0,0.0,0.0
101932,0.0,3904.0,0.0,0.0
101935,0.0,3904.0,0.0,0.0
101941,0.0,7808.0,0.0,0.0
101945,0.0,7808.0,0.0,0.0
101953,0.0,7808.0,0.0,0.0
101955,3904.0,0.0,0.0,1958.4
101972,3904.0,0.0,0.0,0.0
101973,0.0,7808.0,0.0,0.0
101983,7808.0,0.0,0.0,0.0
102027,0.0,0.0,0.0,0.0
102045,756.0,0.0,0.0,0.0
102047,3904.0,3904.0,0.0,0.0
102056,0.0,0.0,0.0,0.0
102062,11712.0,0.0,0.0,0.0
102064,3904.0,0.0,0.0,0.0
102080,0.0,7808.0,3904.0,0.0
102086,0.0,0.0,0.0,3916.8
102089,0.0,0.0,0.0,7833.6
102092,976.0,976.0,3904.0,0.0
102098,0.0,7808.0,0.0,0.0
102106,0.0,3904.0,0.0,0.0
102115,0.0,7808.0,0.0,0.0
102121,0.0,0.0,5856.0,0.0
102123,0.0,3904.0,0.0,1958.4
102132,0.0,0.0,0.0,3916.8
102136,3904.0,0.0,0.0,0.0
102142,3904.0,3904.0,0.0,0.0
102144,0.0,0.0,7808.0,0.0
102149,0.0,3904.0,0.0,0.0
102158,3904.0,0.0,0.0,0.0
102161,0.0,3904.0,0.0,0.0
102163,0.0,0.0,0.0,0.0
102173,0.0,0.0,7808.0,0.0
102186,0.0,7808.0,0.0,0.0
102193,3904.0,0.0,0.0,0.0
102205,0.0,0.0,0.0,7833.6
102216,0.0,7808.0,0.0,0.0
102240,0.0,4880.0,0.0,0.0
102248,7808.0,0.0,0.0,0.0
102249,0.0,0.0,7808.0,0.0
102263,0.0,7808.0,0.0,0.0
102269,1952.0,0.0,0.0,1958.4
102277,0.0,3904.0,0.0,0.0
102283,0.0,1952.0,0.0,0.0
102293,0.0,0.0,0.0,3916.8
102295,0.0,0.0,0.0,1958.4
102299,0.0,3904.0,0.0,0.0
102304,0.0,0.0,3904.0,0.0
102313,0.0,1952.0,0.0,0.0
102316,0.0,0.0,0.0,3916.8
102318,0.0,0.0,7808.0,0.0
102329,0.0,1952.0,0.0,0.0
102336,3904.0,0.0,0.0,0.0
102341,0.0,3904.0,0.0,0.0
102345,0.0,1952.0,0.0,0.0
102360,0.0,0.0,0.0,320.0
102383,0.0,7808.0,0.0,0.0
102390,0.0,3904.0,0.0,0.0
102398,0.0,0.0,0.0,0.0
102411,0.0,7808.0,0.0,0.0
102412,0.0,0.0,0.0,3916.8
102418,0.0,3904.0,0.0,0.0
102419,3904.0,0.0,0.0,0.0
102423,1952.0,0.0,0.0,0.0
102431,0.0,0.0,0.0,3916.8
102434,0.0,3904.0,0.0,0.0
102442,0.0,0.0,0.0,0.0
102457,3904.0,0.0,0.0,0.0
102462,0.0,3904.0,0.0,0.0
102465,0.0,0.0,0.0,3916.8
102478,0.0,0.0,0.0,3916.8
102482,0.0,1952.0,0.0,0.0
102488,0.0,0.0,0.0,0.0
102500,0.0,0.0,0.0,3916.8
102503,0.0,0.0,0.0,0.0
102508,0.0,3904.0,0.0,0.0
102511,3904.0,0.0,0.0,0.0
102512,7808.0,0.0,0.0,1958.4
102530,0.0,0.0,0.0,0.0
102531,3904.0,3904.0,0.0,0.0
102536,3904.0,0.0,0.0,0.0
102539,0.0,5856.0,0.0,0.0
102580,0.0,0.0,0.0,1958.4
102583,0.0,0.0,0.0,7833.6
102584,0.0,12688.0,0.0,0.0
102585,0.0,976.0,0.0,0.0
102589,0.0,3904.0,0.0,18144.0
102600,488.0,0.0,0.0,0.0
102606,0.0,3904.0,0.0,0.0
102607,0.0,0.0,1952.0,0.0
102615,0.0,3904.0,0.0,0.0
102650,0.0,1952.0,0.0,0.0
102665,0.0,0.0,0.0,0.0
102681,0.0,3904.0,0.0,0.0
102693,3904.0,0.0,0.0,0.0
102703,0.0,0.0,0.0,7833.6
102726,157.5,0.0,0.0,0.0
102734,0.0,0.0,3904.0,0.0
102741,489.6,3904.0,1952.0,0.0
102747,0.0,0.0,0.0,1958.4
102753,11712.0,0.0,0.0,0.0
102758,0.0,0.0,0.0,1958.4
102759,0.0,0.0,0.0,3916.8
102769,0.0,3904.0,0.0,1958.4
102770,0.0,0.0,0.0,1958.4
102778,0.0,0.0,0.0,0.0
102791,8148.2,0.0,0.0,0.0
102794,0.0,0.0,0.0,0.0
102796,3904.0,0.0,0.0,0.0
102805,0.0,3904.0,0.0,0.0
102815,0.0,7808.0,0.0,0.0
102826,0.0,11712.0,0.0,0.0
102841,0.0,7808.0,0.0,0.0
102846,3904.0,3904.0,0.0,0.0
102862,0.0,0.0,1952.0,0.0
102865,0.0,0.0,0.0,1958.4
102868,0.0,0.0,0.0,979.2
102873,1952.0,0.0,0.0,979.2
102905,0.0,1952.0,0.0,0.0
102918,0.0,0.0,3904.0,0.0
102919,0.0,0.0,0.0,3916.8
102928,0.0,1952.0,0.0,0.0
102931,0.0,7808.0,0.0,0.0
102953,0.0,0.0,0.0,0.0
102976,3904.0,0.0,0.0,0.0
102986,3904.0,0.0,0.0,0.0
103007,0.0,3904.0,0.0,0.0
103008,0.0,3904.0,0.0,0.0
103013,0.0,3904.0,0.0,0.0
103036,0.0,0.0,0.0,1958.4
103037,0.0,0.0,0.0,0.0
103057,0.0,11712.0,0.0,0.0
103061,0.0,0.0,1952.0,1958.4
103068,0.0,0.0,0.0,0.0
103073,0.0,0.0,0.0,3916.8
103080,0.0,3904.0,0.0,0.0
103086,4880.0,0.0,0.0,0.0
103087,0.0,7808.0,976.0,0.0
103089,0.0,3904.0,0.0,0.0
103094,0.0,3904.0,0.0,0.0
103097,0.0,0.0,3904.0,0.0
103106,456.75,0.0,0.0,0.0
103115,378.0,0.0,0.0,0.0
103118,0.0,3904.0,0.0,0.0
103126,0.0,1952.0,0.0,0.0
103128,1952.0,0.0,0.0,0.0
103143,7808.0,0.0,0.0,0.0
103147,0.0,0.0,0.0,0.0
103152,0.0,0.0,0.0,23500.800000000003
103153,0.0,0.0,3904.0,0.0
103157,0.0,3904.0,0.0,0.0
103164,0.0,3904.0,0.0,0.0
103165,0.0,3904.0,0.0,0.0
103173,378.0,0.0,0.0,0.0
103186,0.0,0.0,0.0,0.0
103200,0.0,3904.0,0.0,0.0
103202,0.0,7808.0,0.0,0.0
103203,0.0,0.0,0.0,0.0
103211,0.0,7808.0,0.0,0.0
103216,3904.0,0.0,0.0,0.0
103218,0.0,9760.0,0.0,0.0
103234,0.0,0.0,976.0,0.0
103243,3904.0,0.0,0.0,0.0
103244,1020.6,0.0,0.0,0.0
103245,0.0,0.0,0.0,3916.8
103253,1952.0,0.0,0.0,0.0
103273,0.0,3904.0,0.0,0.0
103274,0.0,3904.0,0.0,0.0
103295,1952.0,0.0,0.0,0.0
103303,0.0,1952.0,0.0,0.0
103312,11712.0,0.0,0.0,0.0
103317,0.0,0.0,0.0,0.0
103318,0.0,0.0,3904.0,0.0
103331,0.0,3904.0,0.0,0.0
103333,0.0,3904.0,0.0,0.0
103334,3904.0,0.0,0.0,0.0
103338,0.0,3904.0,0.0,0.0
103345,3904.0,0.0,0.0,0.0
103347,0.0,0.0,0.0,0.0
103382,3904.0,0.0,0.0,0.0
103401,0.0,3904.0,0.0,0.0
103409,0.0,0.0,0.0,7833.6
103410,0.0,3904.0,0.0,0.0
103412,0.0,0.0,0.0,0.0
103413,0.0,0.0,0.0,0.0
103425,0.0,15616.0,0.0,0.0
103439,3904.0,0.0,0.0,0.0
103440,0.0,3904.0,0.0,0.0
103442,0.0,0.0,0.0,0.0
103447,0.0,0.0,0.0,3916.8
103458,0.0,3898.418665554,0.0,0.0
103474,0.0,3904.0,0.0,0.0
103478,0.0,3904.0,0.0,0.0
103488,0.0,0.0,0.0,0.0
103524,0.0,0.0,0.0,0.0
103531,0.0,0.0,0.0,3916.8
103534,0.0,3904.0,1952.0,0.0
103539,0.0,0.0,0.0,1958.4
103545,0.0,1952.0,0.0,0.0
103559,7808.0,0.0,0.0,0.0
103564,0.0,3904.0,976.0,0.0
103566,0.0,3904.0,3904.0,0.0
103568,0.0,0.0,1952.0,9792.0
103577,0.0,3904.0,0.0,0.0
103582,0.0,3904.0,0.0,0.0
103595,0.0,0.0,0.0,3916.8
103596,0.0,1952.0,0.0,0.0
103598,1952.0,0.0,0.0,0.0
103600,0.0,3904.0,0.0,0.0
103609,0.0,1952.0,0.0,0.0
103613,0.0,1952.0,0.0,0.0
103635,0.0,7808.0,0.0,0.0
103645,0.0,0.0,0.0,1958.4
103650,3904.0,0.0,0.0,0.0
103657,0.0,0.0,0.0,3916.8
103659,0.0,0.0,0.0,3916.8
103669,3904.0,0.0,0.0,0.0
103679,0.0,3904.0,0.0,0.0
103690,0.0,0.0,0.0,0.0
103698,0.0,1952.0,0.0,0.0
103713,0.0,27328.0,0.0,0.0
103715,378.0,0.0,0.0,0.0
103718,0.0,1952.0,0.0,0.0
103725,0.0,3904.0,0.0,0.0
103747,0.0,0.0,0.0,0.0
103773,0.0,0.0,19520.0,0.0
103781,979.2,0.0,0.0,0.0
103803,0.0,3904.0,0.0,0.0
103819,0.0,0.0,3904.0,0.0
103837,0.0,0.0,0.0,0.0
103848,0.0,0.0,0.0,0.0
103853,1958.4,3904.0,0.0,0.0
103870,0.0,7808.0,0.0,0.0
103890,1958.4,0.0,0.0,7833.6
103900,0.0,0.0,5856.0,0.0
103905,0.0,0.0,3904.0,3916.8
103917,0.0,3904.0,0.0,0.0
103923,0.0,0.0,0.0,0.0
103926,0.0,0.0,0.0,3916.8
103935,0.0,3904.0,0.0,0.0
103941,0.0,3904.0,0.0,0.0
103963,3904.0,0.0,0.0,0.0
103968,0.0,1952.0,0.0,0.0
103976,0.0,9272.0,0.0,0.0
103982,0.0,0.0,0.0,19584.0
103988,3904.0,0.0,0.0,0.0
104006,7808.0,0.0,0.0,0.0
104007,0.0,0.0,0.0,1958.4
104023,11712.0,0.0,0.0,0.0
104027,976.0,976.0,0.0,0.0
104030,1952.0,0.0,0.0,0.0
104036,1952.0,1952.0,0.0,0.0
104040,0.0,0.0,0.0,0.0
104052,0.0,0.0,0.0,0.0
104062,7808.0,0.0,0.0,0.0
104071,0.0,3904.0,0.0,0.0
104109,0.0,0.0,0.0,0.0
104115,5856.0,0.0,0.0,0.0
104137,4393.6,0.0,0.0,1958.4
104142,0.0,3904.0,0.0,0.0
104146,3904.0,0.0,0.0,0.0
104154,0.0,0.0,0.0,0.0
104162,0.0,0.0,1952.0,0.0
104180,3904.0,0.0,0.0,0.0
104185,7808.0,7808.0,0.0,0.0
104199,0.0,0.0,3904.0,0.0
104204,0.0,0.0,0.0,11750.400000000001
104205,0.0,3904.0,0.0,0.0
104213,7808.0,3904.0,0.0,0.0
104220,0.0,0.0,1952.0,0.0
104222,0.0,3904.0,0.0,0.0
104223,0.0,0.0,0.0,1958.4
104224,3904.0,0.0,0.0,0.0
104230,7808.0,0.0,0.0,0.0
104234,0.0,3904.0,0.0,0.0
104248,3904.0,0.0,0.0,0.0
104255,0.0,0.0,0.0,0.0
104263,3904.0,0.0,0.0,0.0
104280,0.0,5856.0,0.0,0.0
104282,0.0,2928.0,0.0,0.0
104283,979.2,3904.0,0.0,0.0
104302,0.0,0.0,0.0,2342.4
104306,0.0,0.0,0.0,0.0
104311,0.0,3904.0,0.0,0.0
104319,0.0,0.0,0.0,3916.8
104326,1958.4,0.0,0.0,0.0
104328,0.0,3904.0,0.0,0.0
104340,0.0,0.0,0.0,0.0
104348,0.0,0.0,11712.0,0.0
104349,3904.0,3904.0,0.0,0.0
104350,0.0,11712.0,0.0,0.0
104375,0.0,3904.0,0.0,0.0
104376,0.0,3904.0,0.0,0.0
104380,378.0,3904.0,0.0,0.0
104385,488.0,0.0,0.0,0.0
104389,0.0,0.0,0.0,0.0
104392,0.0,0.0,3904.0,0.0
104398,0.0,3904.0,0.0,0.0
104405,0.0,0.0,13664.0,0.0
104406,0.0,1952.0,0.0,0.0
104408,7808.0,0.0,0.0,0.0
104416,0.0,3904.0,0.0,0.0
104418,7808.0,0.0,0.0,0.0
104439,0.0,1952.0,0.0,0.0
104449,1952.0,0.0,0.0,0.0
104460,3904.0,0.0,0.0,0.0
104462,0.0,3904.0,0.0,0.0
104464,0.0,0.0,0.0,0.0
104475,0.0,3904.0,0.0,0.0
104482,0.0,1952.0,0.0,0.0
104483,0.0,0.0,0.0,3916.8
104492,1952.0,0.0,0.0,0.0
104496,979.2,15616.0,0.0,0.0
104499,976.0,3904.0,0.0,0.0
104513,1134.0,0.0,0.0,0.0
104514,0.0,1952.0,0.0,0.0
104525,0.0,0.0,0.0,0.0
104542,0.0,7808.0,0.0,0.0
104551,0.0,0.0,0.0,0.0
104553,0.0,0.0,0.0,0.0
104555,0.0,0.0,0.0,0.0
104564,680.4,7808.0,3904.0,0.0
104572,0.0,15616.0,0.0,0.0
104614,3904.0,3904.0,0.0,0.0
104663,3904.0,0.0,0.0,0.0
104667,0.0,7808.0,0.0,0.0
104668,0.0,0.0,0.0,0.0
104669,0.0,0.0,0.0,0.0
104671,1952.0,0.0,0.0,0.0
104676,0.0,0.0,0.0,5875.200000000001
104677,3904.0,0.0,0.0,0.0
104697,0.0,0.0,3904.0,3916.8
104699,0.0,0.0,0.0,3916.8
104701,1952.0,0.0,0.0,0.0
104719,0.0,7808.0,0.0,0.0
104730,0.0,1952.0,0.0,0.0
104731,3904.0,0.0,0.0,0.0
104734,0.0,0.0,3904.0,0.0
104751,0.0,1952.0,0.0,0.0
104757,0.0,488.0,0.0,0.0
104763,5856.0,0.0,0.0,0.0
104768,976.0,0.0,0.0,0.0
104770,7808.0,0.0,0.0,0.0
104789,0.0,0.0,0.0,0.0
104792,0.0,3904.0,3904.0,0.0
104818,1952.0,0.0,0.0,0.0
104825,1952.0,0.0,0.0,0.0
104827,0.0,3904.0,0.0,0.0
104828,0.0,0.0,0.0,0.0
104838,0.0,0.0,0.0,1958.4
104840,979.2,0.0,3904.0,0.0
104850,0.0,1952.0,0.0,0.0
104857,3904.0,3904.0,0.0,0.0
104863,0.0,3904.0,0.0,0.0
104864,7808.0,0.0,0.0,0.0
104869,0.0,0.0,0.0,3916.8
104879,0.0,1952.0,0.0,0.0
104917,0.0,0.0,0.0,3916.8
104924,0.0,0.0,0.0,3916.8
104938,0.0,5856.0,0.0,3916.8
104941,0.0,3904.0,0.0,0.0
104949,0.0,0.0,0.0,3916.8
104953,7808.0,7808.0,0.0,0.0
104960,0.0,0.0,35136.0,0.0
104972,3904.0,0.0,0.0,0.0
105000,0.0,7808.0,0.0,0.0
105006,0.0,1952.0,0.0,0.0
105016,0.0,1952.0,0.0,0.0
105023,0.0,1952.0,0.0,0.0
105034,0.0,7808.0,0.0,0.0
105058,3904.0,0.0,1952.0,0.0
105080,0.0,0.0,1952.0,0.0
105084,1952.0,0.0,0.0,0.0
105089,3904.0,0.0,0.0,0.0
105100,7808.0,0.0,0.0,0.0
105101,0.0,0.0,976.0,0.0
105113,0.0,3904.0,0.0,0.0
105142,0.0,0.0,0.0,3916.8
105163,0.0,3904.0,0.0,0.0
105167,7808.0,0.0,0.0,0.0
105168,0.0,0.0,0.0,0.0
105176,0.0,7808.0,0.0,0.0
105181,0.0,0.0,0.0,3916.8
105201,3904.0,0.0,0.0,0.0
105206,7808.0,515.66384465,0.0,0.0
105220,3904.0,0.0,0.0,0.0
105222,1952.0,0.0,0.0,0.0
105241,0.0,11712.0,0.0,0.0
105255,11712.0,0.0,0.0,0.0
105256,0.0,0.0,0.0,0.0
105272,0.0,3904.0,0.0,0.0
105284,0.0,0.0,3904.0,0.0
105285,0.0,3904.0,0.0,0.0
105288,979.2,0.0,0.0,0.0
105292,3904.0,0.0,0.0,0.0
105308,0.0,3904.0,0.0,0.0
105309,3904.0,4584.4,0.0,0.0
105311,0.0,0.0,3904.0,0.0
105331,0.0,3904.0,0.0,0.0
105335,0.0,7808.0,0.0,0.0
105361,7808.0,0.0,0.0,0.0
105364,3904.0,0.0,0.0,0.0
105377,7808.0,0.0,0.0,0.0
105378,756.0,0.0,0.0,0.0
105385,3904.0,0.0,0.0,0.0
105392,0.0,0.0,0.0,3916.8
105405,0.0,3904.0,0.0,0.0
105407,7808.0,0.0,0.0,0.0
105410,0.0,4584.4,0.0,0.0
105423,7808.0,0.0,0.0,0.0
105424,0.0,2928.0,0.0,0.0
105426,0.0,3904.0,0.0,0.0
105427,1952.0,0.0,1952.0,0.0
105460,0.0,0.0,7808.0,0.0
105461,0.0,0.0,976.0,384.0
105468,0.0,0.0,0.0,0.0
105477,0.0,1952.0,0.0,0.0
105479,756.0,976.0,0.0,0.0
105491,0.0,0.0,0.0,0.0
105500,0.0,3904.0,0.0,0.0
105522,0.0,1952.0,0.0,0.0
105554,0.0,3904.0,0.0,0.0
105564,0.0,0.0,0.0,7833.6
105576,0.0,0.0,0.0,3916.8
105600,0.0,0.0,976.0,0.0
105610,0.0,0.0,0.0,3916.8
105628,3904.0,0.0,0.0,0.0
105644,0.0,7808.0,0.0,0.0
105649,1958.4,0.0,0.0,0.0
105652,1952.0,0.0,0.0,1958.4
105657,0.0,1952.0,0.0,0.0
105680,0.0,7808.0,0.0,0.0
105686,0.0,1952.0,0.0,0.0
105689,0.0,1952.0,0.0,0.0
105716,3904.0,0.0,0.0,0.0
105731,1952.0,0.0,0.0,0.0
105732,0.0,0.0,0.0,0.0
105733,0.0,3904.0,0.0,0.0
105747,0.0,3904.0,0.0,0.0
105753,0.0,2928.0,0.0,0.0
105756,1952.0,0.0,0.0,0.0
105761,0.0,1952.0,0.0,0.0
105763,0.0,0.0,0.0,0.0
105764,0.0,0.0,3904.0,0.0
105765,0.0,3904.0,0.0,3916.8
105792,0.0,0.0,0.0,0.0
105796,3904.0,0.0,0.0,0.0
105799,0.0,0.0,0.0,1958.4
105812,0.0,15616.0,0.0,0.0
105832,0.0,0.0,0.0,0.0
105840,0.0,3904.0,0.0,0.0
105846,3904.0,0.0,0.0,0.0
105856,0.0,7808.0,0.0,0.0
105864,0.0,0.0,0.0,2721.6
105896,3904.0,0.0,0.0,0.0
105908,0.0,11712.0,0.0,1958.4
105933,7808.0,0.0,0.0,0.0
105940,0.0,3904.0,0.0,0.0
105946,0.0,7808.0,0.0,0.0
105947,0.0,3904.0,0.0,0.0
105950,0.0,0.0,0.0,0.0
105954,7808.0,0.0,0.0,0.0
105956,7808.0,0.0,0.0,0.0
105957,0.0,3904.0,0.0,0.0
105962,756.0,1952.0,0.0,0.0
105985,0.0,3904.0,3904.0,0.0
105994,7808.0,0.0,0.0,0.0
105995,0.0,7808.0,0.0,0.0
106001,0.0,3904.0,0.0,0.0
106010,0.0,0.0,0.0,0.0
106032,0.0,0.0,23424.0,0.0
106033,756.0,0.0,0.0,0.0
106035,0.0,3904.0,0.0,0.0
106043,3904.0,0.0,0.0,0.0
106046,0.0,976.0,0.0,0.0
106071,0.0,488.0,0.0,0.0
106098,0.0,3904.0,0.0,0.0
106102,15616.0,0.0,0.0,0.0
106110,3904.0,0.0,0.0,0.0
106138,0.0,0.0,0.0,0.0
106140,0.0,0.0,0.0,3916.8
106145,1952.0,0.0,0.0,0.0
106166,0.0,0.0,0.0,3916.8
106171,0.0,0.0,0.0,0.0
106182,0.0,0.0,0.0,1958.4
106186,3904.0,0.0,0.0,0.0
106202,7808.0,0.0,0.0,0.0
106228,244.8,3904.0,0.0,0.0
106255,0.0,0.0,0.0,1958.4
106256,0.0,3904.0,0.0,0.0
106265,0.0,0.0,0.0,0.0
106267,3904.0,0.0,0.0,0.0
106274,0.0,7808.0,0.0,0.0
106276,0.0,0.0,0.0,0.0
106278,0.0,7808.0,0.0,0.0
106280,0.0,3904.0,0.0,0.0
106293,7808.0,0.0,0.0,0.0
106294,0.0,0.0,0.0,3916.8
106327,0.0,0.0,3904.0,0.0
106356,0.0,3904.0,0.0,0.0
106357,0.0,0.0,366.0,0.0
106365,3904.0,0.0,0.0,0.0
106367,15.25,0.0,0.0,0.0
106382,0.0,5856.0,0.0,0.0
106384,0.0,3904.0,0.0,0.0
106388,0.0,11712.0,0.0,0.0
106390,0.0,0.0,11712.0,0.0
106396,0.0,13664.0,0.0,0.0
106419,0.0,0.0,0.0,7833.6
106422,0.0,3904.0,0.0,0.0
106425,0.0,3904.0,0.0,0.0
106432,3904.0,0.0,0.0,0.0
106442,0.0,3904.0,0.0,0.0
106443,0.0,0.0,0.0,3916.8
106462,0.0,976.0,0.0,0.0
106464,0.0,3904.0,0.0,0.0
106467,0.0,0.0,0.0,0.0
106471,0.0,7808.0,0.0,0.0
106475,0.0,7808.0,0.0,0.0
106477,0.0,3904.0,0.0,0.0
106486,0.0,0.0,0.0,0.0
106493,0.0,0.0,12688.0,0.0
106507,0.0,1952.0,0.0,0.0
106508,0.0,2928.0,0.0,0.0
106518,0.0,11712.0,0.0,0.0
106534,0.0,7808.0,0.0,0.0
106550,0.0,0.0,3904.0,0.0
106562,0.0,0.0,0.0,7833.6
106589,0.0,7808.0,0.0,0.0
106614,0.0,3904.0,0.0,0.0
106615,0.0,0.0,3904.0,0.0
106623,0.0,7808.0,0.0,0.0
106624,0.0,0.0,0.0,3916.8
106625,0.0,3904.0,0.0,0.0
106629,0.0,0.0,7808.0,7833.6
106630,1464.0,0.0,0.0,0.0
106663,0.0,0.0,0.0,3916.8
106672,378.0,19520.0,0.0,0.0
106683,0.0,0.0,0.0,0.0
106693,756.0,0.0,0.0,0.0
106705,0.0,7808.0,0.0,0.0
106715,0.0,0.0,0.0,0.0
106717,0.0,3904.0,0.0,0.0
106721,0.0,3904.0,0.0,0.0
106727,3904.0,0.0,0.0,0.0
106733,0.0,0.0,0.0,3916.8
106741,0.0,3904.0,0.0,0.0
106743,0.0,0.0,0.0,0.0
106747,0.0,1952.0,0.0,0.0
106750,1952.0,0.0,0.0,0.0
106766,0.0,1952.0,0.0,0.0
106772,0.0,5856.0,0.0,0.0
106776,0.0,3904.0,0.0,0.0
106781,0.0,0.0,0.0,3916.8
106782,0.0,0.0,0.0,3916.8
106784,0.0,3904.0,0.0,0.0
106796,0.0,0.0,0.0,0.0
106802,0.0,1952.0,0.0,0.0
106804,0.0,976.0,0.0,0.0
106805,0.0,0.0,0.0,0.0
106806,0.0,7808.0,0.0,0.0
106813,976.0,0.0,0.0,0.0
106816,0.0,3904.0,0.0,0.0
106838,4880.0,3904.0,0.0,0.0
106853,8942.0,1952.0,4880.0,0.0
106854,3904.0,0.0,0.0,0.0
106862,0.0,0.0,0.0,0.0
106888,0.0,3904.0,0.0,0.0
106896,340.2,5856.0,0.0,0.0
106912,7808.0,0.0,0.0,0.0
106916,0.0,7808.0,0.0,0.0
106917,3904.0,7808.0,0.0,0.0
106920,0.0,1464.0,0.0,0.0
106934,1952.0,0.0,0.0,0.0
106973,0.0,7808.0,0.0,0.0
106975,3904.0,0.0,0.0,0.0
106981,0.0,1952.0,0.0,0.0
106983,7808.0,0.0,0.0,0.0
107002,0.0,7808.0,0.0,0.0
107010,0.0,0.0,0.0,0.0
107011,0.0,0.0,0.0,0.0
107017,11712.0,0.0,0.0,0.0
107019,0.0,7808.0,0.0,0.0
107021,0.0,0.0,0.0,0.0
107022,0.0,3904.0,0.0,0.0
107026,0.0,0.0,1464.0,0.0
107042,0.0,0.0,0.0,0.0
107045,979.2,0.0,0.0,0.0
107047,0.0,7808.0,0.0,0.0
107055,0.0,3904.0,0.0,0.0
107069,3904.0,0.0,0.0,0.0
107071,3904.0,0.0,0.0,0.0
107078,0.0,0.0,0.0,0.0
107118,680.4,0.0,1952.0,0.0
107123,0.0,0.0,0.0,0.0
107124,0.0,7808.0,0.0,0.0
107125,0.0,0.0,0.0,384.0
107141,0.0,3904.0,0.0,0.0
107174,0.0,1952.0,0.0,0.0
107182,1952.0,0.0,0.0,0.0
107187,0.0,31232.0,0.0,0.0
107190,0.0,3904.0,0.0,1958.4
107195,7808.0,0.0,0.0,0.0
107205,0.0,3904.0,0.0,0.0
107220,0.0,7808.0,0.0,0.0
107226,0.0,3904.0,0.0,0.0
107236,3904.0,0.0,0.0,0.0
107259,3904.0,0.0,0.0,0.0
107260,340.2,0.0,0.0,5875.200000000001
107263,0.0,0.0,0.0,0.0
107265,0.0,7808.0,0.0,0.0
107279,0.0,0.0,0.0,1958.4
107284,0.0,3904.0,0.0,0.0
107296,3904.0,0.0,0.0,0.0
107302,3904.0,0.0,0.0,0.0
107304,3904.0,0.0,0.0,0.0
107310,0.0,3904.0,0.0,0.0
107311,756.0,1952.0,3904.0,0.0
107314,3904.0,11712.0,0.0,0.0
107323,3904.0,0.0,0.0,0.0
107330,0.0,0.0,0.0,7833.6
107331,1598.4,3904.0,0.0,0.0
107335,0.0,7808.0,0.0,0.0
107341,0.0,0.0,0.0,0.0
107343,0.0,0.0,0.0,1958.4
107388,0.0,3904.0,0.0,1958.4
107395,0.0,0.0,0.0,3916.8
107400,7808.0,0.0,0.0,0.0
107410,0.0,0.0,0.0,0.0
107411,0.0,3904.0,0.0,0.0
107412,0.0,1952.0,3904.0,0.0
107414,0.0,0.0,0.0,7833.6
107416,3904.0,0.0,0.0,3916.8
107423,0.0,3904.0,0.0,3916.8
107435,0.0,3904.0,0.0,0.0
107444,0.0,3904.0,0.0,0.0
107455,0.0,0.0,3904.0,0.0
107462,0.0,976.0,0.0,0.0
107463,0.0,0.0,3904.0,0.0
107478,0.0,3904.0,0.0,0.0
107488,0.0,0.0,0.0,0.0
107520,0.0,3904.0,0.0,0.0
107522,3904.0,0.0,0.0,0.0
107524,0.0,3904.0,0.0,0.0
107543,0.0,1952.0,0.0,0.0
107546,0.0,3904.0,0.0,0.0
107555,11712.0,0.0,0.0,0.0
107557,0.0,3904.0,0.0,0.0
107561,7808.0,0.0,0.0,0.0
107568,3904.0,0.0,0.0,0.0
107573,0.0,8784.0,0.0,0.0
107586,0.0,3904.0,0.0,0.0
107589,0.0,7808.0,0.0,0.0
107603,0.0,1708.0,0.0,0.0
107604,0.0,7808.0,0.0,0.0
107613,0.0,1952.0,0.0,0.0
107619,0.0,1952.0,0.0,0.0
107621,0.0,0.0,0.0,0.0
107627,976.0,0.0,0.0,0.0
107632,3904.0,0.0,0.0,1958.4
107638,0.0,3904.0,0.0,0.0
107641,3904.0,0.0,0.0,0.0
107647,976.0,0.0,0.0,0.0
107653,3904.0,0.0,0.0,0.0
107656,15616.0,0.0,0.0,0.0
107661,0.0,3904.0,0.0,0.0
107662,0.0,976.0,0.0,0.0
107666,7808.0,0.0,0.0,0.0
107671,9320.0,0.0,0.0,0.0
107678,0.0,3904.0,0.0,0.0
107681,0.0,0.0,0.0,7833.6
107693,0.0,0.0,0.0,3916.8
107698,0.0,3904.0,0.0,3916.8
107699,0.0,0.0,3904.0,0.0
107710,15616.0,3904.0,0.0,0.0
107712,0.0,3904.0,0.0,0.0
107713,0.0,0.0,3904.0,0.0
107730,0.0,1952.0,0.0,0.0
107735,0.0,0.0,0.0,7833.6
107737,0.0,7808.0,0.0,0.0
107749,3904.0,11712.0,0.0,0.0
107754,7808.0,0.0,0.0,0.0
107770,0.0,3904.0,0.0,0.0
107783,0.0,1952.0,0.0,0.0
107785,0.0,3904.0,0.0,0.0
107789,1952.0,0.0,0.0,0.0
107793,0.0,0.0,0.0,7833.6
107794,0.0,11712.0,0.0,0.0
107795,0.0,3904.0,0.0,0.0
107799,0.0,0.0,0.0,0.0
107802,7808.0,0.0,0.0,0.0
107810,3904.0,0.0,0.0,0.0
107815,3904.0,0.0,0.0,0.0
107819,0.0,0.0,1952.0,0.0
107826,0.0,0.0,3904.0,0.0
107828,0.0,3904.0,0.0,0.0
107829,0.0,3904.0,0.0,0.0
107836,1952.0,3904.0,0.0,0.0
107851,1134.0,0.0,0.0,0.0
107866,1958.4,0.0,0.0,50918.4
107885,0.0,0.0,0.0,0.0
107888,15616.0,0.0,0.0,0.0
107892,0.0,3904.0,0.0,0.0
107909,0.0,19520.0,0.0,0.0
107923,0.0,0.0,0.0,0.0
107925,0.0,15616.0,0.0,0.0
107933,3904.0,0.0,0.0,0.0
107937,2330.0,0.0,0.0,0.0
107939,0.0,0.0,0.0,0.0
107946,0.0,3904.0,0.0,0.0
107957,85888.0,3904.0,0.0,0.0
107966,0.0,0.0,0.0,3916.8
107974,0.0,3904.0,0.0,0.0
107977,0.0,0.0,0.0,3916.8
107984,1952.0,0.0,0.0,0.0
107986,4584.4,0.0,0.0,0.0
107996,0.0,0.0,0.0,0.0
108007,0.0,5856.0,0.0,0.0
108009,3904.0,0.0,0.0,3916.8
108023,0.0,0.0,3904.0,0.0
108034,0.0,0.0,0.0,0.0
108035,0.0,3904.0,0.0,0.0
108041,0.0,0.0,0.0,3916.8
108045,15616.0,0.0,0.0,0.0
108047,0.0,0.0,0.0,3916.8
108052,0.0,3904.0,0.0,0.0
108059,3904.0,0.0,0.0,0.0
108087,0.0,3904.0,0.0,0.0
108091,7808.0,0.0,0.0,0.0
108103,1952.0,0.0,0.0,0.0
108106,0.0,7808.0,0.0,0.0
108115,0.0,3904.0,0.0,0.0
108120,0.0,7808.0,0.0,0.0
108123,3904.0,0.0,0.0,0.0
108138,0.0,3904.0,0.0,0.0
108142,0.0,1952.0,0.0,0.0
108150,0.0,3904.0,0.0,0.0
108154,378.0,0.0,0.0,0.0
108165,3904.0,0.0,0.0,0.0
108172,7808.0,0.0,0.0,0.0
108176,3904.0,0.0,0.0,0.0
108195,3904.0,0.0,15616.0,0.0
108212,0.0,3904.0,0.0,0.0
108213,976.0,0.0,0.0,0.0
108221,0.0,0.0,0.0,0.0
108228,7808.0,3904.0,0.0,0.0
108235,0.0,0.0,0.0,7833.6
108236,3904.0,0.0,0.0,0.0
108239,3904.0,0.0,0.0,0.0
108244,0.0,7808.0,0.0,0.0
108266,0.0,1952.0,0.0,0.0
108282,0.0,0.0,0.0,0.0
108283,0.0,366.0,0.0,0.0
108294,0.0,7808.0,0.0,0.0
108300,0.0,7808.0,0.0,0.0
108302,0.0,3904.0,0.0,0.0
108309,0.0,0.0,0.0,0.0
108316,1952.0,0.0,0.0,0.0
108320,7808.0,0.0,0.0,0.0
108327,0.0,0.0,0.0,0.0
108329,1952.0,0.0,0.0,0.0
108331,0.0,0.0,3904.0,0.0
108341,0.0,1952.0,0.0,0.0
108353,488.0,0.0,0.0,0.0
108377,3904.0,20496.0,0.0,0.0
108383,3904.0,0.0,0.0,0.0
108395,3904.0,0.0,0.0,0.0
108417,7808.0,0.0,0.0,1958.4
108424,0.0,3904.0,0.0,0.0
108426,0.0,3904.0,0.0,0.0
108432,0.0,3904.0,0.0,0.0
108438,0.0,0.0,3904.0,1958.4
108446,0.0,3904.0,0.0,0.0
108473,1020.6,0.0,0.0,0.0
108497,7808.0,0.0,0.0,0.0
108502,0.0,5856.0,0.0,0.0
108503,1958.4,7808.0,0.0,0.0
108504,3904.0,0.0,0.0,0.0
108510,0.0,3904.0,0.0,0.0
108519,11712.0,0.0,0.0,0.0
108540,0.0,0.0,0.0,0.0
108565,0.0,0.0,7808.0,0.0
108566,0.0,3904.0,0.0,0.0
108567,0.0,7808.0,0.0,0.0
108570,0.0,0.0,0.0,0.0
108572,0.0,3904.0,0.0,0.0
108583,0.0,0.0,5856.0,0.0
108591,0.0,3904.0,0.0,0.0
108601,3904.0,0.0,0.0,0.0
108603,0.0,0.0,3904.0,0.0
108606,0.0,3904.0,0.0,0.0
108607,0.0,7808.0,0.0,0.0
108610,1952.0,0.0,0.0,0.0
108618,0.0,0.0,0.0,0.0
108622,0.0,3904.0,0.0,0.0
108640,0.0,0.0,0.0,0.0
108649,0.0,0.0,0.0,0.0
108651,0.0,3904.0,0.0,0.0
108660,19520.0,0.0,0.0,0.0
108677,0.0,0.0,0.0,0.0
108708,0.0,0.0,3904.0,3916.8
108710,3904.0,0.0,0.0,0.0
108721,3904.0,0.0,0.0,0.0
108724,0.0,0.0,0.0,0.0
108735,0.0,0.0,1952.0,0.0
108742,0.0,976.0,0.0,0.0
108744,0.0,0.0,0.0,0.0
108745,3904.0,0.0,0.0,0.0
108752,0.0,0.0,0.0,0.0
108754,0.0,0.0,0.0,3916.8
108757,0.0,5856.0,0.0,0.0
108762,1952.0,0.0,0.0,0.0
108774,7808.0,0.0,0.0,0.0
108790,0.0,0.0,7808.0,0.0
108809,0.0,0.0,0.0,0.0
108816,0.0,3904.0,0.0,0.0
108824,0.0,3904.0,0.0,0.0
108834,0.0,3904.0,0.0,0.0
108850,0.0,0.0,7808.0,0.0
108851,0.0,3904.0,0.0,0.0
108860,0.0,0.0,0.0,1958.4
108873,0.0,0.0,3904.0,3916.8
108899,0.0,11712.0,0.0,0.0
108900,0.0,1952.0,0.0,0.0
108910,0.0,1952.0,0.0,0.0
108913,0.0,3904.0,0.0,0.0
108914,1952.0,0.0,0.0,0.0
108925,979.2,0.0,0.0,0.0
108927,19520.0,0.0,0.0,0.0
108939,0.0,3904.0,0.0,0.0
108942,0.0,3904.0,0.0,1958.4
108945,378.0,0.0,0.0,0.0
108950,0.0,0.0,11712.0,0.0
108962,7808.0,0.0,0.0,0.0
108971,1952.0,0.0,0.0,0.0
108976,0.0,1952.0,0.0,0.0
108988,0.0,0.0,0.0,0.0
109013,0.0,1952.0,0.0,0.0
109022,0.0,3904.0,0.0,0.0
109027,0.0,3904.0,0.0,0.0
109029,0.0,0.0,0.0,3916.8
109038,0.0,0.0,0.0,0.0
109041,0.0,3904.0,0.0,0.0
109046,3904.0,0.0,0.0,0.0
109061,7808.0,0.0,0.0,0.0
109063,0.0,0.0,0.0,1958.4
109064,976.0,0.0,7808.0,0.0
109075,0.0,0.0,0.0,0.0
109080,7808.0,0.0,0.0,0.0
109090,0.0,0.0,7808.0,0.0
109103,0.0,0.0,0.0,1958.4
109106,0.0,1952.0,0.0,0.0
109118,0.0,3904.0,0.0,0.0
109121,3904.0,0.0,0.0,0.0
109122,0.0,3904.0,0.0,0.0
109123,5856.0,0.0,0.0,0.0
109128,0.0,7808.0,0.0,0.0
109131,0.0,7808.0,0.0,0.0
109135,3904.0,0.0,0.0,0.0
109141,0.0,0.0,15616.0,0.0
109146,3904.0,0.0,0.0,0.0
109153,0.0,0.0,0.0,3916.8
109155,0.0,7808.0,0.0,0.0
109175,3904.0,0.0,0.0,0.0
109181,3904.0,0.0,0.0,0.0
109208,5856.0,0.0,0.0,0.0
109210,3904.0,0.0,0.0,0.0
109218,0.0,0.0,0.0,0.0
109231,0.0,3904.0,0.0,0.0
109235,0.0,1952.0,0.0,0.0
109253,0.0,7808.0,0.0,0.0
109255,0.0,3904.0,0.0,0.0
109258,3904.0,4880.0,0.0,0.0
109283,0.0,0.0,0.0,0.0
109290,3904.0,0.0,0.0,0.0
109294,0.0,3904.0,0.0,0.0
109296,0.0,0.0,3904.0,0.0
109307,0.0,1952.0,0.0,0.0
109311,0.0,0.0,976.0,11750.400000000001
109324,0.0,3904.0,0.0,0.0
109329,0.0,0.0,7808.0,0.0
109333,3904.0,0.0,0.0,0.0
109341,0.0,3904.0,0.0,0.0
109354,0.0,3904.0,0.0,0.0
109356,0.0,0.0,0.0,19584.0
109368,0.0,7808.0,9760.0,0.0
109386,0.0,15616.0,0.0,0.0
109424,0.0,11712.0,0.0,0.0
109443,3904.0,0.0,0.0,0.0
109469,7808.0,0.0,0.0,0.0
109471,680.4,0.0,0.0,0.0
109496,0.0,0.0,0.0,0.0
109498,0.0,7808.0,0.0,9792.0
109505,680.4,7808.0,0.0,0.0
109506,1952.0,0.0,0.0,0.0
109518,0.0,0.0,0.0,3916.8
109522,0.0,3904.0,0.0,0.0
109523,0.0,3904.0,0.0,0.0
109536,0.0,3904.0,0.0,0.0
109538,3904.0,0.0,0.0,0.0
109547,23424.0,0.0,0.0,0.0
109551,0.0,0.0,0.0,0.0
109590,0.0,3904.0,0.0,0.0
109593,340.2,3904.0,7808.0,0.0
109594,0.0,0.0,0.0,3916.8
109616,756.0,0.0,0.0,0.0
109621,0.0,11712.0,0.0,0.0
109624,3904.0,0.0,0.0,0.0
109628,0.0,1952.0,0.0,0.0
109637,2928.0,4880.0,0.0,0.0
109644,3904.0,0.0,0.0,0.0
109666,0.0,3904.0,0.0,0.0
109671,0.0,1952.0,3904.0,0.0
109675,0.0,3904.0,0.0,0.0
109683,3904.0,0.0,0.0,0.0
109700,0.0,732.0,976.0,0.0
109707,0.0,7808.0,0.0,0.0
109708,0.0,1952.0,0.0,0.0
109714,3904.0,3904.0,0.0,0.0
109728,1952.0,0.0,0.0,0.0
109730,0.0,0.0,0.0,0.0
109764,0.0,3904.0,0.0,0.0
109779,0.0,0.0,1952.0,0.0
109785,0.0,0.0,976.0,0.0
109789,1952.0,0.0,0.0,0.0
109822,0.0,0.0,0.0,1958.4
109823,15616.0,0.0,0.0,0.0
109831,5533.92,0.0,0.0,0.0
109835,3904.0,0.0,0.0,0.0
109836,1952.0,5856.0,0.0,0.0
109850,0.0,0.0,0.0,3916.8
109852,0.0,3904.0,0.0,0.0
109853,0.0,0.0,0.0,0.0
109862,0.0,0.0,0.0,7833.6
109869,0.0,4270.0,0.0,0.0
109876,11712.0,0.0,0.0,0.0
109879,0.0,0.0,3904.0,0.0
109882,0.0,1952.0,0.0,0.0
109884,0.0,0.0,0.0,0.0
109885,0.0,1952.0,0.0,0.0
109897,0.0,0.0,0.0,1958.4
109898,0.0,0.0,0.0,3916.8
109911,1952.0,0.0,0.0,0.0
109914,0.0,1952.0,0.0,0.0
109915,0.0,0.0,0.0,3916.8
109920,0.0,0.0,0.0,0.0
109943,0.0,3904.0,0.0,0.0
109950,12090.0,0.0,0.0,0.0
109962,0.0,0.0,0.0,7833.6
109979,0.0,366.0,0.0,0.0
109981,0.0,0.0,0.0,3916.8
109987,0.0,3904.0,0.0,0.0
110000,0.0,3904.0,0.0,0.0
110004,3904.0,0.0,0.0,0.0
110005,0.0,0.0,1952.0,0.0
110009,5856.0,0.0,0.0,0.0
110018,0.0,3904.0,0.0,0.0
110028,0.0,7808.0,0.0,0.0
110030,0.0,7808.0,0.0,0.0
110040,0.0,0.0,0.0,0.0
110046,0.0,3904.0,7808.0,0.0
110052,340.2,1952.0,1952.0,0.0
110079,0.0,3904.0,0.0,0.0
110084,15616.0,2928.0,0.0,0.0
110089,0.0,3904.0,0.0,0.0
110091,3904.0,7808.0,0.0,0.0
110094,0.0,0.0,0.0,3916.8
110098,3904.0,0.0,0.0,0.0
110115,3904.0,0.0,0.0,0.0
110122,0.0,0.0,15616.0,0.0
110130,3904.0,0.0,0.0,0.0
110190,0.0,1952.0,0.0,0.0
110193,0.0,3904.0,0.0,0.0
110205,0.0,1952.0,0.0,0.0
110207,0.0,0.0,0.0,3916.8
110212,0.0,0.0,7808.0,0.0
110228,0.0,7808.0,0.0,0.0
110229,3904.0,0.0,0.0,0.0
110244,0.0,5856.0,0.0,0.0
110245,0.0,0.0,3904.0,0.0
110253,0.0,0.0,0.0,1958.4
110257,0.0,0.0,0.0,3916.8
110268,11712.0,0.0,0.0,0.0
110281,3904.0,0.0,0.0,0.0
110285,0.0,0.0,3904.0,0.0
110295,0.0,1952.0,0.0,0.0
110300,3904.0,0.0,0.0,0.0
110301,0.0,0.0,3904.0,0.0
110308,0.0,6832.0,0.0,0.0
110311,7808.0,0.0,0.0,0.0
110336,3904.0,0.0,0.0,0.0
110349,0.0,3904.0,0.0,0.0
110355,0.0,7808.0,0.0,0.0
110360,0.0,1952.0,0.0,0.0
110370,7808.0,3904.0,0.0,0.0
110373,0.0,0.0,0.0,0.0
110374,3904.0,0.0,0.0,0.0
110375,0.0,15616.0,0.0,0.0
110376,0.0,0.0,3904.0,0.0
110380,0.0,1952.0,0.0,0.0
110383,0.0,0.0,0.0,0.0
110399,0.0,3904.0,0.0,0.0
110401,756.0,3904.0,0.0,0.0
110411,1952.0,1952.0,0.0,0.0
110417,0.0,3904.0,0.0,0.0
110435,3904.0,0.0,0.0,0.0
110439,3904.0,6997.983067900001,0.0,0.0
110442,0.0,7808.0,0.0,0.0
110443,489.6,3904.0,3904.0,0.0
110445,0.0,0.0,0.0,0.0
110456,0.0,488.0,0.0,0.0
110461,0.0,0.0,0.0,3916.8
110462,0.0,3904.0,0.0,7257.6
110468,0.0,0.0,0.0,0.0
110475,0.0,0.0,3904.0,0.0
110481,0.0,1952.0,0.0,0.0
110490,15616.0,976.0,0.0,0.0
110501,0.0,0.0,0.0,3916.8
110504,0.0,0.0,0.0,7833.6
110526,0.0,3904.0,0.0,0.0
110529,1952.0,0.0,0.0,0.0
110532,0.0,7808.0,0.0,0.0
110544,0.0,0.0,7808.0,0.0
110547,3904.0,0.0,0.0,3916.8
110550,3904.0,0.0,0.0,0.0
110575,0.0,0.0,3904.0,0.0
110579,3904.0,0.0,0.0,0.0
110589,0.0,0.0,0.0,0.0
110604,0.0,3904.0,0.0,0.0
110611,0.0,0.0,0.0,0.0
110618,0.0,0.0,0.0,0.0
110625,0.0,1952.0,0.0,0.0
110635,0.0,0.0,0.0,7833.6
110640,0.0,0.0,7808.0,0.0
110653,0.0,3904.0,0.0,0.0
110658,0.0,7808.0,0.0,0.0
110662,0.0,0.0,0.0,5875.200000000001
110666,0.0,0.0,0.0,1958.4
110673,0.0,3904.0,0.0,0.0
110675,3904.0,0.0,0.0,0.0
110680,0.0,3904.0,0.0,0.0
110707,0.0,1952.0,0.0,0.0
110710,0.0,3904.0,0.0,0.0
110720,0.0,11712.0,0.0,3916.8
110724,3904.0,0.0,0.0,0.0
110729,0.0,0.0,3904.0,0.0
110740,0.0,3904.0,0.0,0.0
110741,0.0,3904.0,0.0,0.0
110758,0.0,0.0,0.0,0.0
110772,7808.0,0.0,0.0,0.0
110775,0.0,0.0,0.0,3916.8
110780,0.0,15616.0,0.0,0.0
110793,0.0,7808.0,0.0,0.0
110796,0.0,0.0,0.0,0.0
110819,0.0,0.0,1952.0,0.0
110827,0.0,0.0,0.0,0.0
110836,0.0,3904.0,0.0,0.0
110846,0.0,19520.0,0.0,0.0
110854,0.0,0.0,0.0,0.0
110864,0.0,7808.0,0.0,0.0
110868,1952.0,0.0,0.0,0.0
110870,0.0,1952.0,0.0,979.2
110883,0.0,0.0,7808.0,0.0
110884,0.0,0.0,0.0,0.0
110894,0.0,3904.0,0.0,0.0
110900,3904.0,0.0,0.0,0.0
110916,7808.0,0.0,0.0,0.0
110919,0.0,0.0,0.0,0.0
110924,0.0,0.0,3904.0,0.0
110931,0.0,1952.0,0.0,0.0
110954,0.0,0.0,3904.0,0.0
110968,0.0,3904.0,0.0,0.0
110969,0.0,7808.0,0.0,0.0
110989,0.0,0.0,0.0,0.0
110990,979.2,0.0,0.0,3916.8
110997,0.0,9760.0,0.0,0.0
111013,4282.0,3904.0,0.0,0.0
111023,0.0,0.0,0.0,3916.8
111037,340.2,0.0,3904.0,0.0
111053,0.0,0.0,7808.0,0.0
111069,0.0,0.0,0.0,3916.8
111071,0.0,15616.0,0.0,0.0
111084,976.0,0.0,0.0,0.0
111093,0.0,1952.0,0.0,0.0
111096,8488.4,0.0,0.0,0.0
111101,3904.0,0.0,0.0,0.0
111110,3904.0,0.0,0.0,0.0
111121,0.0,1952.0,0.0,0.0
111139,3904.0,0.0,0.0,0.0
111145,0.0,0.0,0.0,3916.8
111146,11712.0,0.0,0.0,0.0
111148,0.0,1952.0,0.0,0.0
111161,15616.0,0.0,0.0,0.0
111177,0.0,0.0,0.0,0.0
111196,7808.0,0.0,0.0,0.0
111202,0.0,3904.0,0.0,0.0
111214,0.0,1952.0,0.0,0.0
111236,7808.0,0.0,0.0,0.0
111238,0.0,7808.0,0.0,0.0
111239,0.0,1952.0,0.0,0.0
111262,3904.0,0.0,0.0,0.0
111266,0.0,0.0,0.0,0.0
111267,1952.0,0.0,0.0,0.0
111272,0.0,976.0,0.0,0.0
111282,0.0,1952.0,0.0,0.0
111297,378.0,1952.0,0.0,0.0
111302,0.0,7808.0,0.0,0.0
111317,0.0,0.0,0.0,3916.8
111329,0.0,0.0,0.0,0.0
111334,0.0,0.0,0.0,0.0
111335,3904.0,0.0,0.0,0.0
111353,0.0,7808.0,0.0,0.0
111367,0.0,19520.0,0.0,0.0
111371,3904.0,3904.0,0.0,0.0
111391,3904.0,0.0,0.0,0.0
111395,0.0,0.0,5856.0,0.0
111450,0.0,3904.0,0.0,0.0
111455,0.0,0.0,7808.0,0.0
111457,3904.0,0.0,0.0,0.0
111469,3904.0,3904.0,0.0,0.0
111477,1952.0,0.0,0.0,0.0
111482,0.0,7808.0,0.0,0.0
111496,0.0,3904.0,0.0,0.0
111523,0.0,0.0,0.0,0.0
111535,0.0,0.0,0.0,3916.8
111536,3904.0,0.0,0.0,0.0
111541,0.0,0.0,3904.0,0.0
111543,3904.0,0.0,0.0,0.0
111558,0.0,0.0,0.0,3916.8
111562,0.0,0.0,0.0,0.0
111565,0.0,3904.0,0.0,0.0
111566,0.0,0.0,0.0,0.0
111573,0.0,0.0,0.0,0.0
111575,7808.0,0.0,0.0,0.0
111577,0.0,0.0,0.0,0.0
111588,3904.0,0.0,0.0,0.0
111589,2318.0,0.0,0.0,0.0
111591,0.0,0.0,0.0,3916.8
111592,0.0,0.0,0.0,0.0
111612,0.0,15616.0,976.0,0.0
111613,0.0,3904.0,0.0,0.0
111620,0.0,3904.0,0.0,0.0
111627,0.0,0.0,0.0,0.0
111632,0.0,19520.0,0.0,0.0
111635,976.0,7808.0,0.0,0.0
111651,0.0,1952.0,0.0,0.0
111654,0.0,3904.0,0.0,0.0
111656,0.0,0.0,12688.0,0.0
111663,0.0,1952.0,0.0,768.0
111672,7808.0,0.0,0.0,0.0
111683,0.0,3904.0,0.0,0.0
111686,0.0,3904.0,0.0,0.0
111694,0.0,0.0,0.0,0.0
111698,3904.0,0.0,0.0,0.0
111710,0.0,1952.0,0.0,0.0
111718,1952.0,0.0,3904.0,3916.8
111719,3904.0,0.0,0.0,0.0
111729,0.0,1952.0,0.0,0.0
111730,0.0,7808.0,0.0,0.0
111740,0.0,0.0,0.0,1958.4
111745,7808.0,0.0,0.0,0.0
111748,3904.0,0.0,0.0,0.0
111753,0.0,3904.0,0.0,0.0
111769,0.0,3904.0,0.0,0.0
111774,7808.0,0.0,3904.0,0.0
111797,0.0,0.0,0.0,1958.4
111805,0.0,1952.0,0.0,1958.4
111823,3904.0,0.0,0.0,0.0
111825,0.0,0.0,0.0,0.0
111826,0.0,0.0,3904.0,0.0
111834,0.0,3904.0,0.0,0.0
111835,3904.0,0.0,0.0,0.0
111855,0.0,0.0,0.0,3916.8
111859,0.0,0.0,0.0,0.0
111867,1134.0,0.0,0.0,0.0
111892,2972.6,0.0,0.0,0.0
111893,378.0,3904.0,0.0,0.0
111896,0.0,1952.0,0.0,0.0
111898,0.0,0.0,3904.0,0.0
111899,1952.0,0.0,0.0,0.0
111926,0.0,0.0,0.0,0.0
111942,3904.0,0.0,0.0,3916.8
111944,0.0,3904.0,0.0,0.0
111945,0.0,7808.0,0.0,0.0
111956,0.0,3904.0,0.0,0.0
111960,0.0,7808.0,0.0,0.0
111971,0.0,7808.0,0.0,0.0
112000,0.0,0.0,976.0,0.0
112001,7808.0,0.0,0.0,0.0
112003,0.0,0.0,3904.0,0.0
112006,0.0,0.0,0.0,0.0
112019,0.0,3904.0,0.0,0.0
112022,0.0,3904.0,0.0,0.0
112034,0.0,7808.0,0.0,0.0
112051,0.0,2928.0,1952.0,0.0
112062,0.0,0.0,0.0,3916.8
112063,0.0,0.0,0.0,1958.4
112065,0.0,0.0,976.0,0.0
112081,0.0,7808.0,0.0,0.0
112085,11712.0,0.0,0.0,0.0
112091,0.0,0.0,3904.0,0.0
112096,0.0,0.0,3904.0,0.0
112102,0.0,0.0,0.0,3916.8
112115,0.0,3904.0,0.0,0.0
112127,0.0,3904.0,0.0,0.0
112132,0.0,0.0,0.0,3916.8
112138,0.0,3904.0,0.0,0.0
112151,0.0,0.0,15616.0,0.0
112158,0.0,0.0,0.0,0.0
112159,0.0,1952.0,0.0,0.0
112171,0.0,5856.0,0.0,0.0
112187,0.0,0.0,0.0,0.0
112200,0.0,3904.0,0.0,0.0
112204,0.0,4880.0,0.0,3916.8
112210,0.0,0.0,0.0,3916.8
112221,0.0,0.0,0.0,0.0
112224,0.0,0.0,0.0,0.0
112241,0.0,0.0,19520.0,0.0
112245,0.0,0.0,0.0,0.0
112255,0.0,1952.0,0.0,0.0
112261,0.0,0.0,0.0,0.0
112281,976.0,0.0,0.0,0.0
112291,0.0,0.0,0.0,1958.4
112305,0.0,0.0,0.0,0.0
112308,0.0,3904.0,0.0,0.0
112319,0.0,0.0,0.0,1958.4
112320,756.0,7808.0,0.0,0.0
112328,0.0,0.0,0.0,7833.6
112341,0.0,7808.0,0.0,0.0
112354,0.0,0.0,0.0,7833.6
112365,0.0,0.0,0.0,1958.4
112373,0.0,3904.0,0.0,0.0
112376,0.0,3904.0,0.0,0.0
112384,0.0,1952.0,0.0,0.0
112391,756.0,0.0,3904.0,0.0
112396,3904.0,11712.0,0.0,0.0
112407,0.0,0.0,3904.0,0.0
112414,0.0,4392.0,0.0,0.0
112416,3904.0,0.0,0.0,0.0
112436,0.0,1952.0,0.0,0.0
112441,0.0,3904.0,0.0,0.0
112447,0.0,3904.0,0.0,0.0
112455,0.0,0.0,0.0,0.0
112456,0.0,0.0,0.0,0.0
112473,0.0,0.0,0.0,0.0
112477,0.0,3904.0,0.0,7833.6
112482,0.0,0.0,0.0,0.0
112496,0.0,3904.0,0.0,0.0
112518,0.0,9760.0,0.0,0.0
112523,0.0,3904.0,0.0,0.0
112525,0.0,0.0,0.0,3916.8
112526,0.0,7808.0,0.0,0.0
112532,0.0,0.0,0.0,7833.6
112536,1952.0,0.0,0.0,0.0
112561,4883.2,0.0,0.0,0.0
112562,3904.0,0.0,0.0,0.0
112571,0.0,7808.0,0.0,0.0
112574,0.0,7808.0,0.0,0.0
112577,0.0,0.0,0.0,3916.8
112583,7808.0,0.0,0.0,0.0
112607,3904.0,0.0,0.0,0.0
112616,1952.0,0.0,0.0,0.0
112621,3904.0,0.0,0.0,0.0
112629,0.0,3904.0,0.0,0.0
112635,0.0,0.0,0.0,7833.6
112644,1952.0,3904.0,0.0,1958.4
112657,11712.0,0.0,0.0,0.0
112658,0.0,1952.0,0.0,0.0
112663,7808.0,0.0,0.0,0.0
112664,0.0,3904.0,7808.0,0.0
112668,0.0,0.0,0.0,0.0
112669,0.0,7808.0,0.0,0.0
112697,3904.0,0.0,0.0,0.0
112706,0.0,3904.0,0.0,0.0
112725,0.0,7808.0,3904.0,0.0
112735,0.0,3904.0,0.0,3916.8
112777,3904.0,3904.0,0.0,0.0
112781,3904.0,0.0,0.0,0.0
112783,0.0,0.0,3904.0,0.0
112795,1952.0,0.0,0.0,0.0
112807,0.0,0.0,0.0,0.0
112819,0.0,0.0,0.0,0.0
112826,0.0,0.0,0.0,0.0
112828,0.0,3904.0,0.0,0.0
112831,0.0,3904.0,3904.0,0.0
112832,0.0,0.0,3904.0,0.0
112840,0.0,0.0,0.0,3916.8
112844,0.0,3904.0,0.0,0.0
112849,3904.0,0.0,0.0,0.0
112851,0.0,3904.0,0.0,0.0
112859,0.0,1952.0,0.0,0.0
112861,3904.0,0.0,0.0,0.0
112864,0.0,7808.0,0.0,0.0
112867,0.0,3904.0,0.0,0.0
112868,11712.0,0.0,0.0,0.0
112896,0.0,5856.0,0.0,0.0
112899,0.0,0.0,0.0,1958.4
112901,0.0,0.0,1952.0,0.0
112904,2109.5,0.0,0.0,0.0
112905,3904.0,0.0,0.0,0.0
112911,3904.0,0.0,0.0,0.0
112931,3904.0,0.0,12688.0,0.0
112944,0.0,3904.0,0.0,0.0
112946,0.0,7808.0,0.0,0.0
112960,0.0,3904.0,0.0,0.0
112973,0.0,7808.0,0.0,0.0
112980,3904.0,0.0,0.0,0.0
112982,0.0,976.0,0.0,0.0
112992,0.0,0.0,0.0,0.0
112995,7808.0,0.0,0.0,0.0
113002,756.0,0.0,0.0,0.0
113013,0.0,1952.0,0.0,0.0
113027,1020.5999999999999,3904.0,0.0,0.0
113031,0.0,1952.0,0.0,0.0
113034,7808.0,0.0,0.0,0.0
113036,0.0,3904.0,0.0,0.0
113052,0.0,7808.0,0.0,0.0
113057,0.0,3904.0,0.0,0.0
113069,0.0,3904.0,0.0,0.0
113081,15616.0,0.0,0.0,0.0
113096,0.0,7808.0,0.0,0.0
113113,0.0,0.0,1952.0,0.0
113118,0.0,0.0,0.0,0.0
113122,0.0,0.0,0.0,0.0
113141,0.0,976.0,0.0,0.0
113145,0.0,1952.0,3904.0,0.0
113158,0.0,0.0,0.0,1958.4
113174,0.0,3904.0,0.0,3916.8
113186,0.0,0.0,7808.0,0.0
113201,0.0,0.0,0.0,0.0
113208,3904.0,0.0,0.0,0.0
113212,0.0,0.0,0.0,0.0
113216,0.0,1952.0,1952.0,0.0
113238,0.0,0.0,0.0,1958.4
113246,0.0,3904.0,0.0,0.0
113254,0.0,0.0,0.0,0.0
113259,3904.0,0.0,0.0,5875.200000000001
113266,0.0,3904.0,0.0,0.0
113267,7808.0,0.0,0.0,0.0
113282,0.0,7808.0,0.0,0.0
113286,0.0,15616.0,0.0,0.0
113294,0.0,11712.0,0.0,0.0
113295,1952.0,0.0,0.0,0.0
113302,0.0,3904.0,0.0,0.0
113307,0.0,1952.0,0.0,0.0
113314,0.0,0.0,15616.0,0.0
113321,0.0,3904.0,0.0,0.0
113326,0.0,7808.0,0.0,0.0
113334,0.0,1952.0,0.0,0.0
113351,0.0,0.0,0.0,5875.200000000001
113363,4393.6,0.0,0.0,0.0
113378,3904.0,0.0,0.0,0.0
113386,3904.0,3904.0,0.0,0.0
113387,0.0,3904.0,0.0,0.0
113391,0.0,27328.0,0.0,0.0
113398,0.0,0.0,0.0,1958.4
113403,0.0,3904.0,0.0,0.0
113412,756.0,3904.0,0.0,0.0
113419,0.0,3904.0,0.0,0.0
113427,11712.0,0.0,0.0,0.0
113430,0.0,3904.0,0.0,0.0
113435,0.0,0.0,3904.0,0.0
113438,3904.0,0.0,0.0,0.0
113472,7808.0,0.0,0.0,0.0
113475,7808.0,0.0,0.0,0.0
113479,0.0,1952.0,0.0,0.0
113484,0.0,3904.0,0.0,0.0
113489,1958.4,0.0,15616.0,0.0
113493,0.0,0.0,0.0,3916.8
113499,0.0,0.0,3904.0,0.0
113501,0.0,3904.0,0.0,0.0
113505,0.0,7808.0,0.0,0.0
113507,3904.0,0.0,0.0,0.0
113519,0.0,7808.0,0.0,0.0
113552,0.0,0.0,0.0,3916.8
113563,11712.0,0.0,0.0,0.0
113570,1952.0,0.0,0.0,0.0
113579,0.0,0.0,0.0,0.0
113581,0.0,3904.0,0.0,0.0
113583,0.0,1952.0,0.0,0.0
113593,0.0,488.0,0.0,0.0
113595,0.0,0.0,0.0,0.0
113596,0.0,5856.0,0.0,0.0
113598,0.0,7808.0,0.0,0.0
113612,0.0,3904.0,0.0,0.0
113619,0.0,0.0,0.0,1958.4
113635,0.0,7808.0,0.0,0.0
113636,0.0,0.0,3904.0,0.0
113638,0.0,976.0,0.0,0.0
113641,0.0,3904.0,0.0,0.0
113643,0.0,0.0,0.0,0.0
113659,0.0,0.0,0.0,0.0
113661,0.0,3904.0,0.0,0.0
113673,3904.0,0.0,0.0,0.0
113704,0.0,1952.0,0.0,0.0
113705,0.0,19520.0,0.0,0.0
113709,0.0,1952.0,0.0,0.0
113718,0.0,1952.0,0.0,0.0
113728,0.0,3904.0,0.0,0.0
113732,3904.0,0.0,0.0,0.0
113738,0.0,0.0,7808.0,0.0
113747,3904.0,0.0,0.0,0.0
113766,3904.0,0.0,0.0,0.0
113780,0.0,0.0,0.0,1958.4
113789,0.0,0.0,0.0,3916.8
113792,0.0,3904.0,0.0,0.0
113804,756.0,0.0,0.0,0.0
113805,0.0,3904.0,0.0,0.0
113808,0.0,0.0,0.0,3916.8
113811,0.0,3904.0,0.0,0.0
113824,0.0,7808.0,0.0,0.0
113825,6832.0,1952.0,0.0,0.0
113828,0.0,7808.0,0.0,0.0
113837,0.0,0.0,1952.0,0.0
113840,0.0,3904.0,0.0,0.0
113841,0.0,3904.0,0.0,0.0
113879,3024.0,0.0,0.0,0.0
113881,0.0,0.0,0.0,3916.8
113882,0.0,3904.0,0.0,0.0
113904,7808.0,0.0,0.0,0.0
113906,0.0,0.0,1952.0,0.0
113911,0.0,0.0,0.0,3916.8
113912,7808.0,0.0,0.0,0.0
113918,3904.0,0.0,0.0,0.0
113920,0.0,3904.0,0.0,0.0
113927,3904.0,0.0,0.0,0.0
113930,2230.2,0.0,0.0,0.0
113945,0.0,3904.0,0.0,3916.8
113946,0.0,15616.0,0.0,0.0
113951,0.0,0.0,1952.0,0.0
113953,0.0,976.0,0.0,0.0
113954,0.0,7808.0,0.0,0.0
113960,0.0,0.0,1952.0,0.0
113962,0.0,3904.0,0.0,0.0
113968,2646.0,0.0,0.0,0.0
113973,0.0,3904.0,0.0,0.0
114008,0.0,3904.0,0.0,0.0
114009,1952.0,0.0,0.0,0.0
114013,3904.0,3904.0,0.0,0.0
114036,0.0,3904.0,0.0,0.0
114038,0.0,0.0,3904.0,0.0
114054,0.0,0.0,0.0,3916.8
114061,3904.0,0.0,0.0,0.0
114068,3904.0,7808.0,0.0,0.0
114074,0.0,0.0,3904.0,0.0
114096,0.0,0.0,0.0,3916.8
114097,3904.0,0.0,0.0,0.0
114112,0.0,7808.0,0.0,0.0
114113,1952.0,0.0,0.0,0.0
114134,0.0,976.0,0.0,0.0
114139,0.0,11712.0,0.0,0.0
114148,0.0,0.0,0.0,1958.4
114151,0.0,1952.0,0.0,0.0
114152,0.0,3904.0,0.0,0.0
114186,0.0,0.0,0.0,0.0
114187,0.0,1952.0,0.0,0.0
114188,0.0,3904.0,1952.0,1958.4
114194,0.0,0.0,0.0,0.0
114208,3904.0,0.0,0.0,0.0
114233,0.0,3904.0,0.0,0.0
114235,7808.0,3904.0,0.0,0.0
114253,0.0,0.0,0.0,0.0
114255,979.2,0.0,0.0,0.0
114258,488.0,0.0,0.0,0.0
114263,3904.0,0.0,0.0,0.0
114269,3904.0,0.0,0.0,0.0
114284,0.0,7808.0,0.0,0.0
114290,3904.0,0.0,0.0,0.0
114319,0.0,0.0,1952.0,0.0
114321,0.0,0.0,0.0,0.0
114332,0.0,0.0,0.0,0.0
114333,0.0,7808.0,0.0,0.0
114334,3904.0,0.0,0.0,0.0
114350,1952.0,0.0,0.0,0.0
114352,0.0,0.0,19520.0,0.0
114355,0.0,3904.0,0.0,0.0
114358,4584.4,0.0,0.0,0.0
114361,976.0,0.0,0.0,0.0
114367,3904.0,3904.0,0.0,0.0
114380,0.0,0.0,0.0,0.0
114385,0.0,0.0,0.0,1958.4
114408,0.0,0.0,7808.0,0.0
114418,378.0,0.0,0.0,0.0
114424,1952.0,0.0,0.0,0.0
114431,0.0,0.0,7808.0,0.0
114437,3904.0,0.0,0.0,0.0
114449,0.0,0.0,0.0,0.0
114478,0.0,1952.0,0.0,0.0
114480,0.0,0.0,0.0,7833.6
114490,0.0,0.0,3904.0,0.0
114494,0.0,7808.0,1952.0,0.0
114495,0.0,3904.0,0.0,0.0
114504,0.0,0.0,0.0,3916.8
114509,3904.0,0.0,0.0,0.0
114511,0.0,3904.0,0.0,0.0
114520,0.0,0.0,0.0,0.0
114522,0.0,3904.0,0.0,0.0
114526,0.0,1952.0,0.0,0.0
114527,0.0,3904.0,0.0,0.0
114541,3024.0,0.0,0.0,7833.6
114553,0.0,3904.0,0.0,0.0
114560,0.0,0.0,0.0,1958.4
114588,3904.0,0.0,0.0,0.0
114591,3904.0,0.0,0.0,0.0
114592,0.0,1952.0,0.0,0.0
114632,0.0,11712.0,0.0,0.0
114641,0.0,0.0,3904.0,3916.8
114649,0.0,1952.0,0.0,0.0
114658,0.0,3904.0,0.0,0.0
114673,0.0,0.0,0.0,3916.8
114675,3904.0,0.0,0.0,0.0
114676,0.0,3904.0,0.0,0.0
114681,0.0,1952.0,0.0,0.0
114691,3904.0,0.0,0.0,0.0
114696,0.0,0.0,0.0,0.0
114698,0.0,3904.0,0.0,0.0
114712,0.0,0.0,0.0,0.0
114722,0.0,3904.0,0.0,0.0
114725,0.0,3904.0,0.0,0.0
114734,3904.0,0.0,0.0,0.0
114766,0.0,0.0,0.0,1958.4
114772,1952.0,0.0,0.0,0.0
114777,0.0,7808.0,0.0,0.0
114787,0.0,7808.0,0.0,0.0
114815,0.0,7808.0,0.0,0.0
114821,3904.0,0.0,0.0,0.0
114833,0.0,3904.0,0.0,0.0
114837,3904.0,7808.0,0.0,0.0
114840,340.2,0.0,0.0,0.0
114848,340.2,0.0,0.0,0.0
114850,0.0,3904.0,0.0,0.0
114857,0.0,0.0,0.0,3916.8
114861,0.0,7808.0,0.0,0.0
114869,0.0,0.0,0.0,384.0
114874,756.0,3904.0,0.0,0.0
114885,488.0,0.0,0.0,5875.200000000001
114888,0.0,0.0,0.0,1958.4
114904,0.0,0.0,0.0,0.0
114936,0.0,1952.0,0.0,3916.8
114944,0.0,3904.0,0.0,0.0
114975,0.0,1952.0,0.0,0.0
114985,3904.0,0.0,0.0,3916.8
114987,3904.0,0.0,0.0,0.0
114994,3904.0,0.0,0.0,0.0
114995,0.0,0.0,0.0,0.0
114998,0.0,0.0,0.0,3916.8
115032,0.0,0.0,0.0,0.0
115034,0.0,0.0,3904.0,0.0
115038,3904.0,3904.0,0.0,0.0
115042,0.0,0.0,0.0,3916.8
115052,0.0,0.0,0.0,979.2
115082,0.0,3904.0,0.0,0.0
115090,0.0,3904.0,0.0,1958.4
115091,0.0,3904.0,0.0,0.0
115094,0.0,0.0,3904.0,0.0
115096,0.0,3904.0,0.0,0.0
115098,0.0,0.0,15616.0,0.0
115105,6928.0,0.0,0.0,0.0
115108,0.0,0.0,0.0,0.0
115119,0.0,7808.0,0.0,0.0
115128,11712.0,0.0,0.0,0.0
115145,3904.0,0.0,0.0,0.0
115146,0.0,0.0,0.0,1958.4
115152,3904.0,0.0,0.0,0.0
115157,0.0,3904.0,0.0,0.0
115158,0.0,7808.0,0.0,0.0
115164,3904.0,0.0,0.0,0.0
115168,0.0,3904.0,0.0,0.0
115172,0.0,0.0,1952.0,0.0
115181,3904.0,0.0,0.0,0.0
115182,0.0,15616.0,0.0,0.0
115196,0.0,3904.0,0.0,0.0
115198,0.0,7808.0,0.0,0.0
115208,0.0,11712.0,0.0,0.0
115210,0.0,0.0,0.0,1275.75
115219,0.0,0.0,0.0,7833.6
115220,0.0,0.0,1952.0,0.0
115238,5856.0,0.0,0.0,0.0
115248,3904.0,0.0,0.0,0.0
115249,0.0,7808.0,0.0,0.0
115263,0.0,1952.0,0.0,0.0
115266,0.0,0.0,1952.0,0.0
115279,0.0,0.0,7808.0,0.0
115281,976.0,0.0,0.0,0.0
115282,0.0,7808.0,0.0,0.0
115293,0.0,5856.0,0.0,0.0
115312,0.0,3904.0,0.0,0.0
115313,0.0,19520.0,0.0,0.0
115324,0.0,0.0,0.0,0.0
115325,0.0,3904.0,0.0,0.0
115331,315.0,7808.0,0.0,0.0
115338,0.0,7808.0,0.0,0.0
115340,0.0,3904.0,0.0,0.0
115342,3904.0,0.0,0.0,0.0
115348,0.0,3904.0,0.0,0.0
115352,0.0,0.0,0.0,3916.8
115353,0.0,3904.0,0.0,0.0
115371,0.0,3904.0,0.0,0.0
115376,976.0,0.0,0.0,0.0
115381,11712.0,0.0,0.0,0.0
115402,979.2,7808.0,0.0,0.0
115407,0.0,0.0,0.0,1958.4
115428,340.2,7808.0,0.0,0.0
115432,0.0,7808.0,0.0,0.0
115435,0.0,0.0,1952.0,0.0
115436,0.0,0.0,3904.0,0.0
115444,5856.0,0.0,0.0,0.0
115445,0.0,0.0,0.0,0.0
115447,0.0,0.0,1952.0,0.0
115448,3904.0,0.0,0.0,0.0
115452,0.0,0.0,0.0,0.0
115457,0.0,3904.0,0.0,0.0
115458,0.0,19520.0,0.0,0.0
115459,0.0,0.0,0.0,7833.6
115469,0.0,7808.0,0.0,0.0
115474,979.2,3904.0,0.0,0.0
115475,0.0,0.0,0.0,7833.6
115496,3904.0,0.0,0.0,0.0
115520,1952.0,0.0,0.0,0.0
115523,0.0,3904.0,0.0,0.0
115524,0.0,488.0,0.0,0.0
115531,0.0,0.0,3904.0,0.0
115534,0.0,7808.0,0.0,0.0
115550,0.0,3904.0,0.0,0.0
115575,0.0,7808.0,0.0,0.0
115587,0.0,7808.0,0.0,0.0
115591,0.0,0.0,0.0,1958.4
115592,0.0,3904.0,0.0,0.0
115609,488.0,0.0,0.0,0.0
115613,0.0,3904.0,0.0,0.0
115632,0.0,0.0,0.0,0.0
115654,0.0,3904.0,0.0,0.0
115663,7808.0,3904.0,0.0,0.0
115679,0.0,0.0,0.0,0.0
115683,0.0,3904.0,0.0,0.0
115684,0.0,0.0,7808.0,3916.8
115695,0.0,0.0,0.0,3916.8
115710,0.0,0.0,0.0,0.0
115718,0.0,3904.0,0.0,0.0
115721,0.0,1952.0,0.0,0.0
115722,0.0,7808.0,0.0,0.0
115726,0.0,3904.0,0.0,0.0
115735,0.0,7808.0,0.0,0.0
115752,0.0,0.0,0.0,1958.4
115764,0.0,1952.0,0.0,0.0
115775,0.0,0.0,3904.0,0.0
115785,0.0,0.0,0.0,0.0
115786,0.0,0.0,0.0,0.0
115797,1952.0,3904.0,0.0,0.0
115803,3904.0,0.0,0.0,0.0
115808,0.0,3904.0,0.0,0.0
115827,0.0,0.0,7808.0,0.0
115829,5856.0,3904.0,0.0,0.0
115832,0.0,3904.0,0.0,0.0
115836,3904.0,0.0,0.0,0.0
115843,0.0,1952.0,0.0,0.0
115846,7808.0,0.0,0.0,0.0
115855,0.0,1464.0,0.0,13708.800000000001
115857,0.0,0.0,4880.0,0.0
115872,3904.0,7808.0,0.0,0.0
115898,0.0,0.0,0.0,0.0
115901,0.0,3904.0,0.0,0.0
115908,5875.200000000001,7808.0,0.0,0.0
115937,3904.0,7808.0,0.0,0.0
115945,0.0,3904.0,0.0,0.0
115966,0.0,7808.0,0.0,0.0
115976,1952.0,0.0,1952.0,0.0
115978,0.0,3904.0,0.0,0.0
115981,7808.0,0.0,0.0,0.0
115988,0.0,17568.0,0.0,0.0
115994,1952.0,0.0,0.0,0.0
115999,0.0,3904.0,0.0,0.0
116016,7808.0,0.0,0.0,0.0
116038,0.0,3904.0,0.0,0.0
116048,0.0,19520.0,15616.0,0.0
116071,0.0,0.0,0.0,0.0
116072,11712.0,0.0,0.0,0.0
116075,0.0,7808.0,0.0,0.0
116079,0.0,0.0,0.0,0.0
116100,3904.0,0.0,0.0,0.0
116104,0.0,0.0,15616.0,0.0
116108,0.0,1952.0,0.0,0.0
116118,0.0,7808.0,0.0,0.0
116127,3904.0,0.0,0.0,0.0
116128,0.0,0.0,0.0,0.0
116130,0.0,7808.0,0.0,0.0
116138,7808.0,0.0,0.0,0.0
116142,0.0,0.0,3904.0,0.0
116153,0.0,488.0,0.0,0.0
116154,0.0,3904.0,0.0,0.0
116168,0.0,0.0,0.0,3916.8
116184,3904.0,0.0,0.0,0.0
116202,0.0,3904.0,0.0,0.0
116204,0.0,976.0,0.0,3916.8
116207,1952.0,0.0,0.0,0.0
116208,0.0,0.0,0.0,0.0
116216,0.0,7808.0,0.0,0.0
116231,2268.0,0.0,0.0,0.0
116236,0.0,0.0,1952.0,0.0
116242,0.0,3904.0,0.0,0.0
116260,0.0,0.0,3904.0,0.0
116261,0.0,976.0,0.0,0.0
116263,7808.0,7808.0,0.0,0.0
116270,680.4,0.0,0.0,0.0
116278,3904.0,0.0,0.0,0.0
116281,0.0,3904.0,0.0,0.0
116293,0.0,7808.0,0.0,0.0
116295,0.0,976.0,0.0,0.0
116299,3904.0,3904.0,3904.0,3916.8
116316,0.0,0.0,0.0,3916.8
116318,0.0,1952.0,0.0,0.0
116343,756.0,3904.0,0.0,0.0
116347,0.0,5856.0,0.0,0.0
116352,3904.0,0.0,0.0,0.0
116358,0.0,3904.0,0.0,0.0
116366,0.0,0.0,0.0,1958.4
116369,0.0,7808.0,0.0,0.0
116381,0.0,0.0,0.0,3916.8
116394,0.0,0.0,0.0,0.0
116398,0.0,1952.0,0.0,0.0
116412,0.0,1952.0,0.0,0.0
116427,0.0,3904.0,0.0,0.0
116430,0.0,0.0,3904.0,0.0
116431,0.0,3904.0,0.0,0.0
116434,976.0,0.0,0.0,0.0
116438,11712.0,0.0,0.0,0.0
116443,3904.0,0.0,0.0,0.0
116454,13664.0,0.0,0.0,0.0
116457,0.0,7808.0,0.0,0.0
116459,0.0,0.0,1952.0,0.0
116461,0.0,5856.0,0.0,0.0
116465,0.0,0.0,0.0,979.2
116475,979.2,3904.0,0.0,0.0
116483,0.0,5856.0,0.0,0.0
116484,0.0,1952.0,0.0,0.0
116486,1952.0,0.0,0.0,0.0
116488,1952.0,0.0,0.0,0.0
116498,0.0,1952.0,0.0,0.0
116499,0.0,3904.0,0.0,0.0
116501,0.0,0.0,3904.0,0.0
116506,3904.0,0.0,0.0,3916.8
116509,0.0,0.0,0.0,0.0
116533,0.0,0.0,0.0,0.0
116535,0.0,3904.0,0.0,0.0
116536,6832.0,0.0,0.0,0.0
116537,0.0,0.0,11712.0,0.0
116547,0.0,0.0,3904.0,0.0
116558,0.0,3904.0,0.0,0.0
116566,0.0,0.0,0.0,0.0
116577,7808.0,3904.0,0.0,0.0
116589,0.0,0.0,1952.0,0.0
116595,3904.0,0.0,0.0,0.0
116602,0.0,3904.0,0.0,0.0
116606,11712.0,0.0,0.0,0.0
116611,0.0,0.0,0.0,7833.6
116621,0.0,3904.0,0.0,0.0
116632,0.0,1952.0,0.0,0.0
116635,0.0,1952.0,0.0,0.0
116636,0.0,3904.0,0.0,0.0
116652,1952.0,0.0,0.0,0.0
116668,1464.0,0.0,0.0,0.0
116677,0.0,7808.0,0.0,0.0
116710,0.0,0.0,0.0,3916.8
116712,0.0,3904.0,0.0,0.0
116715,0.0,3904.0,0.0,0.0
116721,0.0,0.0,0.0,3916.8
116730,0.0,3904.0,0.0,0.0
116731,0.0,0.0,3904.0,0.0
116753,0.0,1952.0,0.0,0.0
116772,0.0,0.0,976.0,0.0
116788,3910.4,0.0,0.0,0.0
116811,0.0,7808.0,0.0,0.0
116817,0.0,3904.0,0.0,0.0
116828,1952.0,0.0,0.0,0.0
116841,0.0,0.0,3904.0,0.0
116845,0.0,0.0,0.0,3916.8
116855,0.0,3904.0,0.0,0.0
116861,0.0,3904.0,0.0,0.0
116869,378.0,0.0,0.0,0.0
116896,3904.0,7808.0,0.0,0.0
116904,0.0,0.0,0.0,1958.4
116937,0.0,3904.0,0.0,0.0
116959,0.0,3904.0,0.0,0.0
116976,0.0,0.0,0.0,1958.4
116977,3904.0,0.0,0.0,0.0
116984,0.0,0.0,0.0,0.0
116987,3904.0,0.0,0.0,0.0
116992,0.0,0.0,0.0,0.0
117000,1952.0,0.0,0.0,0.0
117009,0.0,3904.0,0.0,0.0
117022,0.0,0.0,0.0,0.0
117029,0.0,0.0,0.0,3916.8
117041,0.0,0.0,0.0,3916.8
117045,3904.0,0.0,0.0,0.0
117048,0.0,0.0,0.0,0.0
117059,976.0,3904.0,0.0,0.0
117067,1134.0,0.0,0.0,7833.6
117076,3904.0,0.0,0.0,0.0
117081,0.0,7808.0,0.0,0.0
117082,0.0,4880.0,7808.0,0.0
117086,3904.0,0.0,0.0,0.0
117089,0.0,3904.0,0.0,0.0
117109,0.0,0.0,3904.0,1958.4
117110,1952.0,0.0,0.0,0.0
117120,0.0,1952.0,0.0,0.0
117129,0.0,0.0,0.0,3916.8
117130,0.0,0.0,3904.0,0.0
117131,0.0,0.0,0.0,0.0
117139,7808.0,0.0,0.0,0.0
117141,0.0,3904.0,0.0,0.0
117145,0.0,0.0,1952.0,0.0
117150,0.0,3904.0,0.0,0.0
117160,0.0,3904.0,0.0,0.0
117162,0.0,0.0,0.0,979.2
117168,0.0,7808.0,0.0,0.0
117174,3904.0,0.0,0.0,0.0
117181,0.0,366.0,3904.0,0.0
117184,0.0,3904.0,0.0,0.0
117188,0.0,7808.0,0.0,0.0
117189,0.0,3904.0,0.0,0.0
117194,3904.0,0.0,0.0,0.0
117206,0.0,15616.0,0.0,0.0
117241,0.0,3904.0,0.0,0.0
117246,0.0,3904.0,0.0,0.0
117249,0.0,0.0,3904.0,0.0
117255,1958.4,0.0,0.0,7833.6
117261,7808.0,0.0,0.0,0.0
117278,0.0,0.0,0.0,0.0
117282,3904.0,0.0,0.0,0.0
117283,0.0,976.0,0.0,0.0
117285,0.0,7808.0,0.0,0.0
117286,0.0,0.0,11712.0,0.0
117289,340.2,0.0,0.0,0.0
117298,0.0,1952.0,0.0,0.0
117327,5856.0,3904.0,0.0,0.0
117330,0.0,0.0,0.0,3916.8
117333,0.0,0.0,0.0,3916.8
117347,0.0,3904.0,0.0,0.0
117349,1952.0,0.0,0.0,0.0
117351,3904.0,340.2,0.0,0.0
117354,0.0,1952.0,0.0,0.0
117357,0.0,0.0,0.0,0.0
117358,0.0,0.0,3904.0,0.0
117365,0.0,0.0,0.0,3916.8
117366,0.0,1952.0,0.0,0.0
117369,0.0,0.0,0.0,3916.8
117374,3904.0,0.0,0.0,0.0
117379,0.0,0.0,0.0,0.0
117381,7808.0,0.0,0.0,0.0
117389,0.0,0.0,0.0,1958.4
117397,0.0,0.0,0.0,1958.4
117399,0.0,0.0,0.0,1958.4
117400,0.0,0.0,0.0,0.0
117409,0.0,3904.0,0.0,0.0
117427,0.0,0.0,0.0,0.0
117437,0.0,3904.0,0.0,0.0
117449,0.0,976.0,0.0,0.0
117450,0.0,0.0,0.0,0.0
117454,0.0,7808.0,0.0,0.0
117459,0.0,1952.0,0.0,0.0
117466,0.0,0.0,0.0,3916.8
117472,0.0,13664.0,0.0,0.0
117478,7808.0,0.0,0.0,0.0
117485,7808.0,0.0,0.0,0.0
117492,0.0,3904.0,0.0,0.0
117515,0.0,7808.0,0.0,0.0
117517,0.0,3904.0,0.0,7833.6
117520,0.0,7808.0,0.0,0.0
117522,0.0,3904.0,0.0,0.0
117530,0.0,3904.0,0.0,0.0
117540,0.0,3904.0,0.0,0.0
117545,0.0,7808.0,0.0,0.0
117564,0.0,0.0,0.0,979.2
117588,0.0,7808.0,0.0,2721.6
117594,3904.0,0.0,0.0,0.0
117606,0.0,0.0,0.0,0.0
117617,0.0,0.0,0.0,1958.4
117618,1952.0,0.0,1952.0,0.0
117627,0.0,0.0,0.0,3916.8
117650,340.2,7808.0,0.0,0.0
117654,3904.0,3904.0,0.0,0.0
117657,0.0,7808.0,0.0,0.0
117658,3904.0,0.0,0.0,0.0
117663,0.0,976.0,0.0,0.0
117673,0.0,0.0,0.0,0.0
117681,0.0,3904.0,0.0,0.0
117684,0.0,3904.0,0.0,0.0
117687,0.0,0.0,0.0,0.0
117689,0.0,7808.0,0.0,0.0
117707,0.0,0.0,7808.0,0.0
117722,1952.0,0.0,0.0,0.0
117753,3904.0,3904.0,0.0,0.0
117769,0.0,0.0,0.0,7833.6
117777,0.0,3904.0,0.0,0.0
117778,7808.0,0.0,0.0,0.0
117786,0.0,15616.0,0.0,0.0
117801,0.0,3904.0,0.0,0.0
117814,976.0,8784.0,0.0,0.0
117819,0.0,0.0,3904.0,0.0
117830,1958.4,0.0,0.0,0.0
117837,0.0,0.0,0.0,0.0
117844,0.0,0.0,0.0,1958.4
117846,0.0,0.0,0.0,0.0
117854,3904.0,0.0,0.0,0.0
117875,0.0,0.0,7808.0,0.0
117882,0.0,1952.0,0.0,0.0
117894,0.0,0.0,0.0,0.0
117897,3904.0,0.0,0.0,0.0
117906,0.0,3904.0,1952.0,0.0
117917,0.0,0.0,0.0,0.0
117919,0.0,0.0,3904.0,0.0
117924,0.0,3904.0,0.0,0.0
117955,0.0,0.0,3904.0,0.0
117962,0.0,0.0,0.0,0.0
117964,0.0,1952.0,0.0,0.0
117965,0.0,0.0,0.0,19584.0
117971,1952.0,0.0,0.0,0.0
117980,0.0,3904.0,0.0,0.0
117981,1952.0,0.0,0.0,0.0
117987,0.0,1952.0,0.0,0.0
117988,680.4,0.0,0.0,0.0
117992,0.0,4880.0,0.0,0.0
118008,0.0,0.0,0.0,3916.8
118028,7808.0,3904.0,0.0,0.0
118040,0.0,3904.0,1952.0,0.0
118041,0.0,0.0,0.0,0.0
118061,0.0,3904.0,0.0,0.0
118085,0.0,0.0,0.0,7833.6
118091,0.0,5856.0,0.0,0.0
118092,2934.4,0.0,0.0,0.0
118099,0.0,1952.0,0.0,0.0
118101,0.0,0.0,0.0,0.0
118112,7808.0,0.0,0.0,0.0
118114,0.0,1952.0,0.0,0.0
118117,0.0,0.0,0.0,3916.8
118127,0.0,0.0,1952.0,0.0
118136,3402.0,5856.0,0.0,0.0
118142,0.0,1952.0,0.0,0.0
118144,0.0,0.0,0.0,0.0
118152,0.0,3904.0,0.0,0.0
118156,976.0,0.0,0.0,1958.4
118169,0.0,3904.0,0.0,0.0
118177,0.0,0.0,3904.0,0.0
118193,0.0,3904.0,3904.0,0.0
118195,488.0,0.0,0.0,0.0
118199,5856.0,0.0,0.0,0.0
118204,756.0,3904.0,0.0,0.0
118206,0.0,3904.0,0.0,0.0
118211,3904.0,0.0,0.0,0.0
118220,0.0,3904.0,0.0,0.0
118223,0.0,0.0,0.0,0.0
118238,0.0,3904.0,0.0,0.0
118245,1952.0,0.0,0.0,0.0
118247,1952.0,0.0,0.0,3916.8
118248,1952.0,0.0,0.0,0.0
118250,1952.0,3904.0,0.0,0.0
118264,3904.0,976.0,0.0,0.0
118265,0.0,0.0,0.0,1958.4
118277,0.0,0.0,7808.0,0.0
118289,340.2,0.0,0.0,0.0
118292,3904.0,0.0,0.0,0.0
118293,3904.0,0.0,0.0,0.0
118296,0.0,976.0,0.0,0.0
118303,3904.0,0.0,7808.0,0.0
118321,0.0,976.0,0.0,0.0
118325,0.0,0.0,0.0,799.47
118329,0.0,0.0,0.0,3916.8
118338,0.0,7808.0,0.0,0.0
118356,0.0,0.0,0.0,3916.8
118369,3904.0,0.0,0.0,0.0
118372,5856.0,0.0,0.0,0.0
118383,0.0,3904.0,0.0,0.0
118392,1952.0,0.0,0.0,2968.2
118396,0.0,3904.0,0.0,0.0
118398,1952.0,0.0,0.0,0.0
118403,3904.0,0.0,0.0,0.0
118405,0.0,0.0,976.0,0.0
118409,0.0,1952.0,0.0,0.0
118411,1848.8,0.0,0.0,0.0
118415,6832.0,0.0,0.0,0.0
118417,11712.0,0.0,0.0,0.0
118427,0.0,3904.0,0.0,0.0
118432,1952.0,0.0,0.0,0.0
118439,0.0,7808.0,0.0,0.0
118451,976.0,0.0,0.0,0.0
118460,0.0,0.0,0.0,0.0
118461,0.0,0.0,0.0,1958.4
118470,0.0,0.0,0.0,3916.8
118476,0.0,1952.0,0.0,0.0
118485,0.0,0.0,1952.0,0.0
118494,0.0,3904.0,0.0,0.0
118506,340.2,3904.0,0.0,0.0
118518,0.0,1952.0,0.0,0.0
118519,11712.0,0.0,0.0,0.0
118523,0.0,1952.0,0.0,0.0
118528,0.0,3904.0,0.0,0.0
118534,0.0,3904.0,0.0,0.0
118541,1952.0,0.0,3904.0,0.0
118547,0.0,7808.0,0.0,0.0
118555,1952.0,0.0,0.0,0.0
118562,0.0,3904.0,0.0,0.0
118565,488.0,0.0,0.0,0.0
118567,0.0,1952.0,0.0,0.0
118578,3904.0,0.0,0.0,0.0
118580,718.2,0.0,0.0,0.0
118586,3904.0,3904.0,0.0,0.0
118597,0.0,312.32,0.0,0.0
118602,0.0,1952.0,0.0,0.0
118607,0.0,0.0,3904.0,0.0
118626,3904.0,0.0,0.0,0.0
118640,0.0,0.0,0.0,0.0
118642,0.0,11712.0,0.0,0.0
118644,7808.0,0.0,0.0,0.0
118650,3904.0,11712.0,0.0,0.0
118656,0.0,3904.0,0.0,0.0
118663,0.0,0.0,0.0,1958.4
118684,0.0,1952.0,0.0,0.0
118694,0.0,0.0,1952.0,0.0
118696,0.0,0.0,0.0,0.0
118711,1952.0,0.0,0.0,0.0
118712,0.0,7808.0,0.0,0.0
118719,0.0,0.0,0.0,7833.6
118731,1952.0,0.0,0.0,0.0
118733,3904.0,0.0,0.0,0.0
118749,3904.0,0.0,0.0,0.0
118757,0.0,3904.0,0.0,0.0
118763,7808.0,0.0,0.0,0.0
118765,0.0,3904.0,0.0,0.0
118767,0.0,0.0,0.0,1958.4
118781,0.0,0.0,0.0,979.2
118806,0.0,3904.0,0.0,0.0
118807,0.0,7808.0,0.0,0.0
118821,0.0,7808.0,0.0,3916.8
118825,0.0,11712.0,0.0,0.0
118828,0.0,1952.0,0.0,0.0
118837,340.2,0.0,0.0,0.0
118846,0.0,0.0,0.0,3916.8
118848,0.0,0.0,1952.0,1958.4
118851,0.0,3904.0,0.0,0.0
118861,3904.0,0.0,0.0,0.0
118895,0.0,7808.0,3904.0,0.0
118896,0.0,0.0,3904.0,3916.8
118898,1952.0,0.0,0.0,3916.8
118929,3904.0,0.0,0.0,0.0
118951,0.0,0.0,0.0,0.0
118956,3904.0,0.0,0.0,0.0
118962,35136.0,0.0,0.0,0.0
118985,0.0,3904.0,0.0,0.0
118987,0.0,4575.0,0.0,0.0
118991,0.0,0.0,0.0,0.0
118994,0.0,3904.0,0.0,0.0
119000,0.0,0.0,3904.0,0.0
119004,979.2,7808.0,0.0,0.0
119008,0.0,0.0,0.0,1958.4
119011,0.0,3904.0,0.0,0.0
119013,0.0,0.0,3904.0,5875.200000000001
119023,0.0,0.0,0.0,5875.200000000001
119028,0.0,0.0,0.0,0.0
119059,2766.96,0.0,0.0,0.0
119062,0.0,1952.0,0.0,0.0
119075,0.0,3904.0,0.0,0.0
119077,0.0,3904.0,0.0,0.0
119083,0.0,0.0,0.0,0.0
119085,0.0,3904.0,0.0,0.0
119090,3904.0,3904.0,1464.0,0.0
119096,0.0,11712.0,0.0,0.0
119097,11712.0,0.0,0.0,0.0
119100,0.0,3904.0,0.0,0.0
119108,0.0,11712.0,0.0,0.0
119115,0.0,1952.0,0.0,0.0
119119,0.0,0.0,0.0,3916.8
119121,0.0,3904.0,0.0,0.0
119139,0.0,3904.0,0.0,0.0
119153,0.0,0.0,1952.0,0.0
119156,0.0,3904.0,0.0,0.0
119163,0.0,0.0,976.0,0.0
119185,0.0,7808.0,0.0,0.0
119196,1952.0,0.0,0.0,0.0
119216,0.0,3904.0,0.0,0.0
119217,0.0,0.0,0.0,11750.400000000001
119224,0.0,976.0,0.0,0.0
119236,0.0,0.0,0.0,0.0
119242,0.0,7808.0,0.0,0.0
119260,1958.4,3904.0,0.0,0.0
119265,7808.0,0.0,0.0,0.0
119268,0.0,3904.0,0.0,0.0
119275,0.0,3904.0,0.0,0.0
119277,3904.0,0.0,0.0,0.0
119283,0.0,1952.0,0.0,0.0
119289,0.0,0.0,0.0,3916.8
119294,0.0,0.0,0.0,3916.8
119297,0.0,0.0,0.0,2937.6000000000004
119299,0.0,3904.0,0.0,0.0
119309,0.0,0.0,0.0,0.0
119319,1952.0,0.0,0.0,0.0
119327,0.0,3904.0,0.0,0.0
119331,7808.0,0.0,0.0,0.0
119346,0.0,7808.0,0.0,0.0
119355,0.0,5856.0,0.0,0.0
119356,0.0,0.0,0.0,0.0
119364,0.0,0.0,7808.0,0.0
119368,0.0,3904.0,0.0,0.0
119371,0.0,3904.0,0.0,0.0
119375,0.0,0.0,0.0,384.0
119383,0.0,0.0,0.0,7833.6
119394,0.0,0.0,0.0,3916.8
119400,0.0,0.0,7808.0,0.0
119417,0.0,1952.0,0.0,0.0
119425,0.0,1952.0,0.0,0.0
119433,0.0,3904.0,0.0,0.0
119438,0.0,5856.0,0.0,0.0
119441,979.2,0.0,0.0,7833.6
119452,0.0,3904.0,0.0,0.0
119454,1952.0,0.0,0.0,0.0
119458,0.0,3904.0,0.0,0.0
119461,0.0,1952.0,0.0,0.0
119466,0.0,0.0,3904.0,0.0
119470,3904.0,0.0,0.0,0.0
119486,0.0,0.0,0.0,3916.8
119504,0.0,3904.0,0.0,0.0
119522,3904.0,8784.0,0.0,979.2
119529,378.0,7808.0,0.0,0.0
119542,0.0,3904.0,0.0,0.0
119572,0.0,340.2,0.0,0.0
119582,0.0,1952.0,0.0,1958.4
119585,3904.0,0.0,0.0,0.0
119586,0.0,3904.0,0.0,0.0
119594,3904.0,0.0,0.0,0.0
119599,0.0,7808.0,0.0,0.0
119601,0.0,1952.0,0.0,0.0
119628,0.0,3904.0,0.0,0.0
119640,0.0,0.0,3904.0,0.0
119642,15994.0,0.0,0.0,0.0
119647,0.0,7808.0,0.0,0.0
119648,5264.8,0.0,0.0,0.0
119652,0.0,7808.0,0.0,0.0
119678,0.0,1952.0,0.0,0.0
119694,0.0,1952.0,0.0,0.0
119723,0.0,3904.0,0.0,0.0
119740,0.0,0.0,5856.0,0.0
119750,0.0,3904.0,0.0,0.0
119751,0.0,3904.0,0.0,0.0
119755,3904.0,0.0,0.0,0.0
119770,0.0,0.0,0.0,3916.8
119774,0.0,3904.0,0.0,0.0
119776,3904.0,0.0,0.0,0.0
119781,3904.0,0.0,0.0,0.0
119801,0.0,0.0,0.0,0.0
119803,0.0,0.0,0.0,0.0
119806,3904.0,0.0,0.0,0.0
119819,0.0,3904.0,0.0,0.0
119826,0.0,680.4,1952.0,0.0
119828,5856.0,3904.0,0.0,1958.4
119829,976.0,0.0,0.0,0.0
119831,0.0,0.0,1952.0,0.0
119833,0.0,1952.0,0.0,0.0
119842,5856.0,340.2,0.0,0.0
119854,0.0,3904.0,0.0,0.0
119855,0.0,3904.0,0.0,0.0
119901,0.0,3904.0,0.0,0.0
119902,0.0,1952.0,0.0,0.0
119908,0.0,976.0,0.0,0.0
119912,0.0,0.0,7808.0,0.0
119932,0.0,0.0,1952.0,1958.4
119946,0.0,7808.0,0.0,0.0
119966,11712.0,0.0,0.0,0.0
119974,0.0,11712.0,0.0,0.0
119980,1952.0,0.0,0.0,0.0
119998,1952.0,0.0,0.0,0.0
120000,3904.0,0.0,0.0,0.0
120005,0.0,3904.0,0.0,0.0
120008,0.0,0.0,3904.0,0.0
120049,1952.0,0.0,0.0,0.0
120067,3904.0,0.0,0.0,0.0
