hhnum,k1,k2,k3,k4,k5,k6,k7,k8,k9,k10,k11,k12,k13,k14,k15
100012,1,1,1,2,4,4,2,2,2,2,2,1,1,1,2
100015,1,2,1,2,1,2,1,1,1,1,1,2,4,2,1
100024,1,2,1,1,1,1,2,2,2,2,2,3,1,1,1
100028,1,1,1,1,2,3,2,2,2,2,2,1,1,1,2
100040,1,1,1,2,2,1,1,1,1,1,1,2,8,3,3
100049,1,2,2,1,1,1,6,6,6,6,6,1,1,1,2
100054,,,,,,,,,,,,,,,
100055,1,2,1,1,1,1,1,1,1,1,1,3,1,2,1
100059,1,1,1,2,3,4,1,1,1,1,1,2,1,1,1
100061,1,1,1,1,1,1,4,4,4,4,4,2,2,3,3
100067,1,1,2,2,1,4,1,1,1,1,1,2,1,1,1
100069,,,,,,,,,,,,,,,
100076,1,1,2,2,2,3,2,2,2,2,2,4,5,5,2
100083,1,2,2,2,2,1,1,1,1,1,1,9,2,3,3
100088,1,2,1,1,3,3,1,1,1,1,1,3,1,2,4
100093,1,2,2,2,2,1,7,7,7,7,7,3,1,1,1
100095,1,2,1,1,4,3,4,4,4,4,4,3,1,1,2
100104,1,1,1,2,1,4,5,5,5,5,5,8,7,5,11
100132,,,,,,,,,,,,,,,
100135,1,2,2,2,1,3,1,1,1,1,1,2,1,1,1
100138,1,2,1,1,4,6,1,1,1,1,1,3,1,1,1
100148,1,2,1,4,1,2,1,1,1,1,1,5,4,6,10
100150,1,2,1,1,2,3,2,2,2,2,2,7,3,1,1
100151,1,2,2,2,1,3,1,1,1,1,1,3,2,3,3
100155,1,1,1,2,2,1,2,2,2,2,2,2,2,2,1
100158,1,2,2,1,1,2,1,1,1,1,1,3,1,1,1
100159,1,1,1,1,1,5,5,5,5,5,5,1,1,1,1
100163,1,1,1,2,1,1,3,3,3,3,3,1,1,1,1
100174,1,1,1,1,2,1,1,1,1,1,1,2,4,6,3
100192,1,2,1,2,2,3,1,1,1,1,1,3,1,1,3
100194,,,,,,,,,,,,,,,
100203,1,1,1,1,4,1,2,2,2,2,2,1,4,6,5
100207,,,,,,,,,,,,,,,
100210,1,1,1,2,1,1,2,2,2,2,2,9,1,2,1
100214,,,,,,,,,,,,,,,
100228,1,1,1,2,1,1,1,1,1,1,1,3,1,1,4
100229,1,1,1,2,4,1,6,6,6,6,6,1,2,1,1
100238,,,,,,,,,,,,,,,
100240,1,1,1,1,4,1,1,1,1,1,1,5,4,2,1
100244,1,2,2,2,3,3,7,7,7,7,7,1,1,1,2
100255,1,1,1,1,1,1,1,1,1,1,1,4,4,6,10
100268,1,1,1,1,1,2,6,6,6,6,6,3,1,1,4
100273,1,1,3,2,1,1,1,1,1,1,1,5,2,1,3
100274,1,1,2,4,1,3,3,3,3,3,3,1,1,2,4
100276,1,1,1,1,1,2,3,3,3,3,3,3,1,1,1
100292,1,1,1,1,2,6,1,1,1,1,1,2,1,1,1
100304,1,1,1,1,3,3,2,2,2,2,2,5,1,1,1
100317,1,1,1,1,2,3,2,2,2,2,2,4,6,4,2
100322,,,,,,,,,,,,,,,
100323,1,1,1,2,2,1,1,1,1,1,1,2,4,2,3
100325,1,1,1,2,1,2,1,1,1,1,1,9,2,3,3
100337,,,,,,,,,,,,,,,
100360,1,2,2,1,2,3,7,7,7,7,7,1,3,4,2
100363,1,1,1,1,1,1,5,5,5,5,5,3,1,1,1
100373,1,1,1,2,2,1,2,2,2,2,2,3,1,1,1
100381,1,1,1,1,2,2,3,3,3,3,3,6,1,1,1
100384,1,1,2,2,2,1,2,2,2,2,2,1,1,1,1
100391,1,1,1,2,1,2,2,2,2,2,2,6,1,1,1
100406,1,1,1,1,3,4,2,2,2,2,2,2,2,3,1
100419,1,1,1,1,2,3,3,3,3,3,3,3,2,2,1
100426,1,1,1,1,3,2,1,1,1,1,1,6,1,4,2
100436,,,,,,,,,,,,,,,
100438,1,2,2,2,2,2,3,3,3,3,3,11,10,2,11
100442,1,1,1,2,2,2,2,2,2,2,2,2,2,3,11
100444,1,1,2,2,1,1,1,1,1,1,1,3,4,3,3
100446,1,1,2,2,2,5,3,3,3,3,3,6,9,3,2
100457,1,1,1,1,1,4,1,1,1,1,1,1,1,1,1
100459,1,2,1,1,1,1,1,1,1,1,1,4,4,2,6
100460,1,2,2,3,4,1,3,3,3,3,3,5,1,1,1
100464,1,2,1,1,2,2,1,1,1,1,1,1,1,2,1
100485,1,2,1,1,1,1,1,1,1,1,1,3,1,2,1
100487,1,1,3,2,2,1,7,7,7,7,7,7,1,1,1
100502,1,2,1,1,1,2,6,6,6,6,6,4,1,2,1
100504,1,1,3,1,4,1,1,1,1,1,1,1,1,1,1
100509,1,2,2,2,3,3,3,3,3,3,3,6,9,2,4
100513,1,2,1,2,2,1,2,2,2,2,2,8,7,5,1
100520,1,2,2,2,1,1,2,2,2,2,2,10,1,1,2
100529,1,1,1,2,3,5,7,7,7,7,7,6,3,1,1
100533,1,1,1,1,1,5,2,2,2,2,2,6,9,1,2
100539,1,1,2,2,2,1,1,1,1,1,1,2,1,1,1
100545,1,2,1,1,1,2,4,4,4,4,4,6,3,1,1
100554,1,2,1,1,2,2,4,4,4,4,4,5,3,1,1
100558,1,1,3,2,1,1,5,5,5,5,5,2,2,1,1
100562,1,2,1,1,2,1,2,2,2,2,2,2,7,5,12
100568,1,2,3,2,4,6,2,2,2,2,2,2,2,1,1
100580,,,,,,,,,,,,,,,
100584,1,2,1,2,2,2,4,4,4,4,4,4,1,1,2
100594,1,2,1,1,2,1,2,2,2,2,2,4,2,1,1
100622,1,1,3,1,2,4,2,2,2,2,2,7,1,1,2
100623,1,1,1,1,2,2,2,2,2,2,2,1,1,1,1
100633,1,2,2,1,3,1,6,6,6,6,6,4,2,1,3
100641,1,1,2,1,3,2,1,1,1,1,1,1,6,4,4
100649,1,2,1,2,1,5,2,2,2,2,2,2,1,1,1
100664,1,2,3,2,4,2,3,3,3,3,3,2,2,3,5
100666,1,1,2,2,2,3,2,2,2,2,2,1,1,1,2
100681,,,,,,,,,,,,,,,
100686,1,1,1,2,1,1,3,3,3,3,3,1,2,1,1
100689,1,2,1,1,1,4,1,1,1,1,1,2,5,8,3
100690,1,1,1,2,2,3,2,2,2,2,2,3,1,2,1
100692,1,1,2,2,1,2,1,1,1,1,1,5,4,2,1
100693,1,2,1,2,4,6,3,3,3,3,3,10,1,2,4
100697,1,2,2,1,3,4,6,6,6,6,6,6,3,2,3
100700,1,1,1,1,2,1,1,1,1,1,1,2,1,1,1
100714,1,1,2,2,2,2,2,2,2,2,2,1,3,1,1
100720,1,2,2,1,4,1,2,2,2,2,2,1,1,1,1
100726,1,2,3,1,2,2,1,1,1,1,1,2,2,1,1
100742,1,1,1,2,2,1,1,1,1,1,1,2,4,6,10
100753,1,2,1,2,1,3,4,4,4,4,4,10,6,4,7
100768,1,1,2,1,2,2,2,2,2,2,2,2,4,2,1
100781,1,2,1,2,2,4,1,1,1,1,1,1,1,2,6
100783,1,2,1,2,1,2,1,1,1,1,1,5,1,1,2
100792,1,1,1,3,1,3,6,6,6,6,6,1,1,4,5
100796,1,1,2,2,2,2,1,1,1,1,1,9,6,3,3
100799,1,1,2,1,3,1,2,2,2,2,2,2,1,1,1
100805,1,2,2,2,3,2,1,1,1,1,1,1,1,1,4
100810,1,2,2,1,1,1,1,1,1,1,1,2,4,6,10
100816,1,1,3,1,1,1,3,3,3,3,3,3,1,1,1
100841,1,1,1,2,1,1,2,2,2,2,2,3,1,2,1
100843,1,1,2,2,4,1,1,1,1,1,1,2,8,9,3
100845,1,1,1,2,1,1,2,2,2,2,2,2,1,1,1
100857,1,2,1,1,1,3,5,5,5,5,5,3,1,1,1
100875,1,2,2,3,2,3,4,4,4,4,4,8,3,4,13
100885,1,1,1,1,1,2,2,2,2,2,2,4,1,2,1
100888,1,2,3,1,2,1,1,1,1,1,1,6,5,4,2
100900,1,1,1,2,3,3,4,4,4,4,4,3,1,1,1
100901,1,1,1,1,1,5,6,6,6,6,6,7,1,4,2
100905,1,1,3,1,4,6,1,1,1,1,1,11,10,7,5
100917,,,,,,,,,,,,,,,
100929,1,1,2,2,1,1,2,2,2,2,2,1,1,1,2
100934,1,1,1,1,2,4,1,1,1,1,1,5,4,2,1
100953,1,2,1,1,1,4,3,3,3,3,3,6,1,1,2
100958,1,1,3,2,2,6,3,3,3,3,3,2,2,2,2
100974,1,1,1,2,2,4,1,1,1,1,1,3,1,1,1
100984,1,1,2,1,2,4,5,5,5,5,5,2,1,1,1
100985,,,,,,,,,,,,,,,
100992,1,1,2,2,2,2,3,3,3,3,3,6,1,1,1
101011,1,1,1,1,1,2,3,3,3,3,3,3,1,1,1
101018,1,1,1,3,4,1,1,1,1,1,1,5,3,6,5
101020,1,1,1,1,3,3,2,2,2,2,2,4,1,1,1
101024,1,1,3,1,1,2,2,2,2,2,2,1,1,2,1
101046,1,1,1,2,2,3,5,5,5,5,5,7,3,4,5
101056,1,2,1,2,4,1,1,1,1,1,1,3,4,2,3
101061,,,,,,,,,,,,,,,
101062,1,2,1,1,1,1,2,2,2,2,2,3,2,3,3
101063,1,2,1,1,4,1,1,1,1,1,1,2,1,2,1
101094,1,2,3,2,1,2,1,1,1,1,1,4,4,2,1
101112,1,1,1,1,1,2,5,5,5,5,5,2,1,1,1
101125,1,1,1,3,2,2,5,5,5,5,5,6,1,1,4
101130,1,2,1,2,2,1,2,2,2,2,2,3,1,1,1
101134,1,2,3,2,2,4,2,2,2,2,2,1,3,4,5
101141,,,,,,,,,,,,,,,
101148,,,,,,,,,,,,,,,
101151,1,1,1,1,1,2,6,6,6,6,6,2,1,1,1
101154,1,2,2,2,1,1,6,6,6,6,6,5,4,6,2
101175,1,2,2,1,2,2,2,2,2,2,2,4,3,1,1
101180,1,2,2,2,1,2,1,1,1,1,1,3,1,8,4
101195,,,,,,,,,,,,,,,
101196,1,1,1,2,5,2,4,4,4,4,4,1,3,4,5
101203,1,1,1,2,4,1,1,1,1,1,1,2,4,2,1
101210,1,1,1,1,3,3,1,1,1,1,1,2,5,9,3
101218,1,1,1,1,2,1,1,1,1,1,1,2,2,3,3
101228,1,1,1,2,4,2,1,1,1,1,1,2,2,2,1
101236,1,2,2,2,2,3,2,2,2,2,2,3,1,1,1
101244,1,1,1,2,1,4,1,1,1,1,1,5,2,1,3
101253,1,1,3,2,1,1,1,1,1,1,1,5,2,2,3
101267,1,1,1,3,1,2,5,5,5,5,5,5,5,1,2
101268,1,1,2,1,3,1,1,1,1,1,1,3,2,1,1
101291,1,2,1,1,1,3,2,2,2,2,2,2,8,10,12
101292,,,,,,,,,,,,,,,
101323,1,1,2,1,1,1,1,1,1,1,1,9,4,8,4
101326,1,1,2,1,1,2,1,1,1,1,1,3,2,1,2
101339,1,2,1,1,3,1,1,1,1,1,1,2,2,1,2
101343,1,2,1,1,1,1,3,3,3,3,3,1,1,1,1
101347,1,1,2,1,2,1,3,3,3,3,3,5,1,1,1
101359,1,1,3,2,1,1,3,3,3,3,3,2,1,1,1
101372,1,2,1,3,3,2,1,1,1,1,1,1,1,2,1
101374,,,,,,,,,,,,,,,
101386,1,1,3,1,2,4,2,2,2,2,2,2,2,3,5
101389,1,1,1,3,1,4,2,2,2,2,2,2,6,2,1
101396,1,2,1,4,2,1,1,1,1,1,1,9,4,9,10
101399,1,2,2,2,1,4,3,3,3,3,3,4,2,6,6
101400,,,,,,,,,,,,,,,
101426,1,2,3,1,1,1,2,2,2,2,2,3,1,1,2
101451,1,1,1,1,2,3,1,1,1,1,1,6,1,1,1
101456,1,2,2,1,3,1,3,3,3,3,3,4,1,2,13
101460,1,2,1,2,2,2,3,3,3,3,3,1,1,1,2
101469,1,2,2,1,2,3,2,2,2,2,2,6,5,5,3
101481,1,1,3,2,2,3,4,4,4,4,4,1,6,4,7
101494,1,1,1,2,1,3,2,2,2,2,2,5,1,2,1
101499,1,1,1,1,2,3,1,1,1,1,1,2,1,1,1
101501,1,1,1,2,2,1,2,2,2,2,2,5,4,2,1
101502,1,2,2,1,3,2,6,6,6,6,6,2,2,2,3
101503,1,1,1,1,2,1,4,4,4,4,4,1,1,1,4
101521,1,2,2,1,2,6,2,2,2,2,2,2,2,3,5
101525,1,1,2,2,2,2,1,1,1,1,1,3,1,1,1
101531,,,,,,,,,,,,,,,
101537,1,1,2,2,3,3,1,1,1,1,1,2,2,3,3
101541,1,1,2,1,3,5,5,5,5,5,5,6,1,4,7
101560,1,1,1,1,3,2,1,1,1,1,1,2,1,1,2
101570,1,1,1,1,2,3,5,5,5,5,5,4,1,4,2
101574,1,1,2,1,1,1,6,6,6,6,6,3,1,1,2
101580,1,1,2,2,2,1,2,2,2,2,2,6,1,3,4
101581,1,1,3,1,4,2,1,1,1,1,1,12,4,2,1
101590,1,1,1,3,1,1,1,1,1,1,1,3,3,1,1
101591,1,1,3,1,1,2,4,4,4,4,4,5,3,1,1
101599,1,2,3,1,4,6,1,1,1,1,1,2,1,1,1
101602,1,1,2,1,1,4,4,4,4,4,4,4,1,1,1
101603,1,1,1,2,1,4,2,2,2,2,2,4,5,1,2
101609,1,2,1,2,1,3,3,3,3,3,3,9,2,6,6
101618,1,2,2,2,2,4,1,1,1,1,1,3,1,1,1
101626,1,2,2,2,1,1,2,2,2,2,2,1,1,1,2
101637,1,2,3,1,1,3,2,2,2,2,2,10,1,1,4
101640,1,1,1,1,2,1,1,1,1,1,1,2,1,2,1
101663,,,,,,,,,,,,,,,
101668,,,,,,,,,,,,,,,
101670,1,1,2,2,2,2,1,1,1,1,1,3,1,1,1
101678,1,1,2,1,1,2,1,1,1,1,1,1,10,8,9
101680,1,1,1,2,2,5,2,2,2,2,2,7,3,1,1
101713,1,1,1,1,2,1,2,2,2,2,2,1,1,1,2
101719,1,1,1,1,3,1,3,3,3,3,3,1,1,1,2
101729,1,1,2,2,1,2,2,2,2,2,2,2,1,1,1
101738,1,2,1,2,1,1,1,1,1,1,1,3,1,1,1
101744,1,1,2,2,3,2,4,4,4,4,4,5,1,2,1
101752,1,2,1,1,2,3,1,1,1,1,1,2,1,8,1
101756,1,1,3,1,2,3,4,4,4,4,4,7,3,4,13
101758,1,1,1,2,2,1,4,4,4,4,4,1,1,2,1
101759,1,1,3,2,1,2,4,4,4,4,4,5,1,1,4
101761,1,1,1,1,2,1,1,1,1,1,1,5,2,1,3
101763,1,2,2,1,1,2,1,1,1,1,1,3,2,3,3
101776,1,1,1,1,1,3,4,4,4,4,4,1,5,1,2
101777,1,1,2,2,2,1,5,5,5,5,5,6,5,5,4
101785,1,2,1,2,3,1,1,1,1,1,1,1,1,1,3
101790,,,,,,,,,,,,,,,
101797,1,2,2,2,4,1,5,5,5,5,5,2,4,2,3
101803,,,,,,,,,,,,,,,
101812,1,1,1,1,1,3,2,2,2,2,2,7,1,1,1
101815,1,2,1,2,2,4,2,2,2,2,2,4,1,1,1
101828,,,,,,,,,,,,,,,
101829,1,2,1,2,1,4,2,2,2,2,2,3,1,2,1
101831,1,2,1,2,1,2,1,1,1,1,1,2,9,2,1
101833,1,1,3,2,2,3,1,1,1,1,1,2,2,7,5
101844,,,,,,,,,,,,,,,
101845,1,2,1,1,1,2,4,4,4,4,4,5,5,5,2
101856,,,,,,,,,,,,,,,
101857,1,1,2,2,1,3,1,1,1,1,1,12,13,8,6
101862,1,1,2,1,3,3,1,1,1,1,1,2,8,6,3
101870,1,1,1,1,1,6,3,3,3,3,3,3,4,1,3
101874,1,1,3,2,3,4,2,2,2,2,2,6,2,4,1
101880,1,2,2,1,1,4,2,2,2,2,2,7,3,1,4
101881,1,2,2,2,1,2,6,6,6,6,6,6,3,1,1
101888,1,2,1,1,4,1,1,1,1,1,1,3,6,2,3
101889,1,2,1,1,3,1,1,1,1,1,1,4,1,1,1
101896,1,2,1,3,2,1,2,2,2,2,2,4,11,2,1
101906,1,2,2,1,2,1,3,3,3,3,3,10,6,3,7
101923,,,,,,,,,,,,,,,
101932,1,1,3,1,4,2,2,2,2,2,2,3,1,2,1
101935,1,2,1,1,1,1,2,2,2,2,2,4,1,2,1
101941,1,1,2,1,2,1,2,2,2,2,2,1,1,1,1
101945,1,2,1,1,3,1,1,1,1,1,1,4,2,2,3
101953,1,2,3,2,2,3,1,1,1,1,1,1,1,1,1
101955,1,1,1,2,1,3,4,4,4,4,4,1,9,4,7
101972,1,1,2,1,1,5,2,2,2,2,2,4,1,4,2
101973,1,1,1,1,1,2,1,1,1,1,1,2,3,1,1
101983,1,1,2,2,2,1,5,5,5,5,5,3,1,1,1
102027,,,,,,,,,,,,,,,
102045,1,1,1,1,1,5,2,2,2,2,2,5,1,1,4
102047,1,2,1,2,1,1,1,1,1,1,1,7,1,8,4
102056,,,,,,,,,,,,,,,
102062,1,2,1,2,1,1,1,1,1,1,1,1,1,1,2
102064,1,2,2,1,3,4,2,2,2,2,2,7,1,1,2
102080,1,1,3,1,2,3,1,1,1,1,1,2,4,6,5
102086,1,1,1,2,1,1,3,3,3,3,3,11,2,3,5
102089,1,1,2,2,3,3,3,3,3,3,3,8,1,1,1
102092,1,2,2,3,2,3,6,6,6,6,6,8,3,5,5
102098,1,1,1,2,2,1,1,1,1,1,1,6,2,1,1
102106,1,1,2,2,1,1,5,5,5,5,5,4,1,2,1
102115,1,1,2,2,2,2,3,3,3,3,3,1,1,1,1
102121,1,2,3,1,1,3,1,1,1,1,1,2,11,5,15
102123,1,1,1,2,2,3,3,3,3,3,3,9,9,7,11
102132,1,2,1,1,1,1,2,2,2,2,2,2,1,1,1
102136,1,2,3,2,1,3,2,2,2,2,2,3,1,1,1
102142,1,1,2,2,1,1,3,3,3,3,3,2,4,1,6
102144,1,1,1,1,1,3,2,2,2,2,2,8,7,5,11
102149,1,2,2,1,3,1,1,1,1,1,1,5,1,2,1
102158,1,2,1,1,1,1,2,2,2,2,2,3,1,1,1
102161,1,1,1,1,1,1,1,1,1,1,1,4,4,6,10
102163,,,,,,,,,,,,,,,
102173,1,1,2,1,2,3,2,2,2,2,2,8,7,5,1
102186,1,2,1,2,2,2,1,1,1,1,1,2,1,1,1
102193,1,2,2,1,2,2,7,7,7,7,7,3,1,4,2
102205,1,2,1,1,1,1,3,3,3,3,3,8,3,1,1
102216,1,1,1,1,1,1,3,3,3,3,3,4,1,1,1
102240,1,2,1,2,3,2,6,6,6,6,6,2,12,6,6
102248,1,1,1,1,2,1,3,3,3,3,3,1,6,4,4
102249,1,1,1,1,2,3,1,1,1,1,1,2,3,1,1
102263,1,2,2,2,2,1,3,3,3,3,3,5,1,1,1
102269,1,1,1,1,4,2,2,2,2,2,2,1,3,4,2
102277,1,1,2,1,2,1,4,4,4,4,4,3,1,1,1
102283,1,1,1,2,1,1,1,1,1,1,1,2,8,3,3
102293,1,1,1,1,2,4,2,2,2,2,2,2,2,3,4
102295,1,1,1,2,1,2,2,2,2,2,2,5,1,2,4
102299,1,1,2,4,2,1,1,1,1,1,1,2,1,1,1
102304,1,2,1,1,2,2,2,2,2,2,2,4,1,1,1
102313,1,1,1,1,2,1,1,1,1,1,1,3,2,1,1
102316,1,1,1,1,1,3,3,3,3,3,3,6,1,1,1
102318,1,2,1,1,3,1,3,3,3,3,3,4,1,1,1
102329,1,1,1,1,2,4,4,4,4,4,4,3,1,1,1
102336,1,2,1,1,3,5,2,2,2,2,2,4,1,1,2
102341,1,2,1,4,3,4,1,1,1,1,1,4,4,2,6
102345,1,1,3,1,4,1,1,1,1,1,1,5,2,3,6
102360,1,1,2,2,4,2,5,5,5,5,5,12,2,6,6
102383,1,2,2,4,1,1,3,3,3,3,3,1,3,1,3
102390,1,2,3,1,1,1,1,1,1,1,1,3,1,1,1
102398,,,,,,,,,,,,,,,
102411,1,1,1,1,3,1,1,1,1,1,1,2,1,1,1
102412,1,2,1,1,3,1,2,2,2,2,2,3,1,1,1
102418,1,1,1,2,1,3,1,1,1,1,1,3,1,1,1
102419,1,1,2,2,1,4,2,2,2,2,2,4,1,1,1
102423,1,1,2,2,2,2,2,2,2,2,2,7,3,1,1
102431,1,1,2,2,2,2,3,3,3,3,3,6,2,3,4
102434,1,1,2,2,2,5,2,2,2,2,2,4,1,1,1
102442,,,,,,,,,,,,,,,
102457,1,1,1,1,2,3,6,6,6,6,6,1,1,1,2
102462,1,1,1,1,1,1,7,7,7,7,7,5,4,2,1
102465,1,2,1,3,1,4,3,3,3,3,3,11,2,3,8
102478,1,1,2,2,1,3,3,3,3,3,3,3,1,1,1
102482,1,2,2,1,3,4,2,2,2,2,2,3,2,3,3
102488,,,,,,,,,,,,,,,
102500,1,1,1,1,1,1,3,3,3,3,3,2,2,3,5
102503,,,,,,,,,,,,,,,
102508,1,2,3,2,2,2,5,5,5,5,5,2,1,1,1
102511,1,1,3,2,1,3,2,2,2,2,2,4,1,1,1
102512,1,1,2,1,1,1,3,3,3,3,3,2,1,4,1
102530,,,,,,,,,,,,,,,
102531,1,1,2,2,1,1,1,1,1,1,1,3,1,8,1
102536,1,1,1,2,3,5,2,2,2,2,2,7,1,1,2
102539,1,1,2,2,3,1,2,2,2,2,2,1,1,1,3
102580,1,1,1,1,2,2,3,3,3,3,3,6,1,2,4
102583,1,1,1,1,1,1,3,3,3,3,3,1,1,1,1
102584,1,2,2,1,2,2,1,1,1,1,1,2,4,1,3
102585,1,1,1,2,4,2,6,6,6,6,6,2,4,2,3
102589,1,1,1,1,3,2,3,3,3,3,3,6,2,2,2
102600,1,1,1,1,2,5,7,7,7,7,7,6,3,4,5
102606,1,2,2,1,2,1,2,2,2,2,2,1,1,1,1
102607,1,1,2,2,2,3,4,4,4,4,4,4,5,5,2
102615,1,1,1,2,2,4,2,2,2,2,2,2,4,2,1
102650,1,1,2,1,1,3,2,2,2,2,2,2,2,3,3
102665,,,,,,,,,,,,,,,
102681,1,1,3,2,3,1,5,5,5,5,5,2,1,2,1
102693,1,2,1,1,2,5,2,2,2,2,2,1,6,4,2
102703,1,1,2,1,2,2,3,3,3,3,3,1,1,1,1
102726,1,2,3,3,1,5,7,7,7,7,7,7,3,4,5
102734,1,2,2,3,1,3,2,2,2,2,2,2,5,5,12
102741,1,1,1,1,5,5,1,1,1,1,1,3,4,1,1
102747,1,1,3,1,1,3,3,3,3,3,3,5,1,2,4
102753,1,2,2,2,3,1,1,1,1,1,1,8,6,1,1
102758,1,1,1,1,4,2,3,3,3,3,3,11,1,2,4
102759,1,1,1,1,1,2,2,2,2,2,2,4,10,7,8
102769,1,1,1,1,2,2,1,1,1,1,1,7,4,6,3
102770,1,1,1,1,1,3,2,2,2,2,2,5,1,1,1
102778,,,,,,,,,,,,,,,
102791,1,2,2,1,4,1,3,3,3,3,3,1,1,3,4
102794,,,,,,,,,,,,,,,
102796,1,2,1,1,2,3,4,4,4,4,4,10,6,4,2
102805,1,1,1,2,2,1,1,1,1,1,1,2,6,1,1
102815,1,1,2,1,2,1,3,3,3,3,3,2,1,1,1
102826,1,2,1,2,3,2,5,5,5,5,5,3,4,2,3
102841,1,2,2,2,1,2,3,3,3,3,3,5,2,1,3
102846,1,2,3,1,1,2,1,1,1,1,1,1,1,8,4
102862,1,2,1,2,1,2,6,6,6,6,6,8,1,1,2
102865,1,2,1,2,1,2,2,2,2,2,2,5,1,2,4
102868,1,2,1,1,2,2,3,3,3,3,3,4,2,6,6
102873,1,1,1,1,2,6,3,3,3,3,3,8,3,13,5
102905,1,2,1,1,1,2,2,2,2,2,2,2,2,3,3
102918,1,1,1,1,1,4,5,5,5,5,5,1,5,1,4
102919,1,1,1,1,2,2,3,3,3,3,3,3,1,1,1
102928,1,1,3,2,1,3,1,1,1,1,1,2,1,1,1
102931,1,1,3,1,2,2,3,3,3,3,3,6,2,1,3
102953,,,,,,,,,,,,,,,
102976,1,2,1,1,1,2,2,2,2,2,2,3,1,1,2
102986,1,2,1,2,1,1,6,6,6,6,6,3,1,1,2
103007,1,1,2,2,3,2,1,1,1,1,1,4,1,1,1
103008,1,1,1,2,4,1,5,5,5,5,5,1,1,1,1
103013,1,2,1,2,2,4,1,1,1,1,1,5,2,2,1
103036,1,1,1,2,1,5,3,3,3,3,3,3,9,7,8
103037,,,,,,,,,,,,,,,
103057,1,1,1,1,2,3,1,1,1,1,1,2,2,2,1
103061,1,1,1,1,2,1,3,3,3,3,3,4,11,5,11
103068,,,,,,,,,,,,,,,
103073,1,1,3,1,2,3,3,3,3,3,3,2,1,1,1
103080,1,1,2,1,2,4,5,5,5,5,5,5,1,1,1
103086,1,2,2,2,4,1,2,2,2,2,2,8,3,4,2
103087,1,2,1,2,3,3,3,3,3,3,3,9,2,1,3
103089,1,2,1,2,3,1,1,1,1,1,1,6,1,1,1
103094,1,1,1,2,1,3,2,2,2,2,2,3,1,2,1
103097,1,1,1,2,1,1,2,2,2,2,2,2,5,1,4
103106,1,2,3,1,2,5,2,2,2,2,2,7,3,4,4
103115,1,1,1,1,1,5,2,2,2,2,2,7,3,1,4
103118,1,1,1,2,4,4,1,1,1,1,1,1,1,2,1
103126,1,1,1,3,3,1,1,1,1,1,1,3,2,3,3
103128,1,1,2,1,3,3,7,7,7,7,7,5,3,1,1
103143,1,2,3,2,1,3,4,4,4,4,4,6,1,4,7
103147,,,,,,,,,,,,,,,
103152,1,1,3,1,1,1,3,3,3,3,3,2,1,1,1
103153,1,1,2,1,2,1,2,2,2,2,2,2,5,1,4
103157,1,1,1,2,2,2,2,2,2,2,2,4,1,1,1
103164,1,1,1,2,4,2,2,2,2,2,2,1,1,2,1
103165,1,1,3,1,1,2,1,1,1,1,1,4,1,2,1
103173,1,1,1,1,1,4,2,2,2,2,2,6,1,1,4
103186,,,,,,,,,,,,,,,
103200,1,2,1,1,2,1,1,1,1,1,1,3,1,1,1
103202,1,1,2,1,1,3,1,1,1,1,1,6,2,1,3
103203,,,,,,,,,,,,,,,
103211,1,1,1,1,1,1,1,1,1,1,1,5,1,1,1
103216,1,1,1,1,3,3,2,2,2,2,2,4,1,1,2
103218,1,1,1,2,1,1,6,6,6,6,6,9,4,6,2
103234,1,2,1,1,1,2,6,6,6,6,6,5,5,5,9
103243,1,1,1,2,2,1,1,1,1,1,1,1,1,1,1
103244,1,1,3,2,5,2,7,7,7,7,7,7,3,4,5
103245,1,1,3,1,2,3,3,3,3,3,3,4,2,3,4
103253,1,2,1,2,2,2,4,4,4,4,4,1,3,4,5
103273,1,1,2,1,1,5,6,6,6,6,6,3,1,2,1
103274,1,2,1,1,3,1,1,1,1,1,1,4,1,1,1
103295,1,1,1,1,1,2,2,2,2,2,2,7,3,1,1
103303,1,1,1,2,1,1,2,2,2,2,2,5,2,3,1
103312,1,1,1,1,1,2,3,3,3,3,3,1,6,1,1
103317,,,,,,,,,,,,,,,
103318,1,2,1,1,1,1,2,2,2,2,2,3,1,1,1
103331,1,2,3,2,1,1,2,2,2,2,2,1,1,1,1
103333,1,1,1,1,3,2,1,1,1,1,1,1,1,1,1
103334,1,2,2,1,1,2,2,2,2,2,2,1,1,1,2
103338,1,2,2,2,2,1,1,1,1,1,1,4,1,2,1
103345,1,2,1,1,2,1,2,2,2,2,2,3,1,1,2
103347,,,,,,,,,,,,,,,
103382,1,1,3,1,1,3,2,2,2,2,2,1,1,1,2
103401,1,2,1,1,1,1,1,1,1,1,1,3,1,2,1
103409,1,1,3,3,1,1,6,6,6,6,6,5,1,1,1
103410,1,2,1,2,2,5,5,5,5,5,5,6,4,2,1
103412,,,,,,,,,,,,,,,
103413,,,,,,,,,,,,,,,
103425,1,2,2,2,1,2,3,3,3,3,3,1,1,1,1
103439,1,1,1,2,2,2,2,2,2,2,2,1,1,1,1
103440,1,2,2,2,1,1,5,5,5,5,5,9,1,1,1
103442,,,,,,,,,,,,,,,
103447,1,2,3,1,4,3,3,3,3,3,3,2,1,1,1
103458,1,1,2,1,2,1,1,1,1,1,1,5,4,2,1
103474,1,2,2,1,2,4,1,1,1,1,1,4,1,1,1
103478,1,2,1,1,1,4,2,2,2,2,2,5,4,2,1
103488,,,,,,,,,,,,,,,
103524,,,,,,,,,,,,,,,
103531,1,1,2,2,3,2,2,2,2,2,2,2,1,1,1
103534,1,1,1,1,1,3,1,1,1,1,1,4,7,11,12
103539,1,1,2,1,1,1,2,2,2,2,2,5,1,2,1
103545,1,1,1,1,2,2,1,1,1,1,1,5,8,6,3
103559,1,2,1,2,2,1,1,1,1,1,1,2,1,1,1
103564,1,1,1,1,1,6,1,1,1,1,1,5,5,1,1
103566,1,1,2,1,2,1,1,1,1,1,1,1,2,6,2
103568,1,1,1,1,2,3,2,2,2,2,2,2,9,1,5
103577,1,1,1,1,1,1,1,1,1,1,1,4,2,2,1
103582,1,1,2,3,2,1,4,4,4,4,4,3,1,2,1
103595,1,2,1,2,4,5,5,5,5,5,5,1,1,1,1
103596,1,1,1,1,1,3,1,1,1,1,1,2,1,1,1
103598,1,1,1,2,5,4,4,4,4,4,4,7,3,1,1
103600,1,1,1,2,2,1,4,4,4,4,4,4,1,1,1
103609,1,1,1,1,2,1,1,1,1,1,1,1,2,1,1
103613,1,2,1,2,2,6,1,1,1,1,1,3,2,3,3
103635,1,1,1,1,1,2,6,6,6,6,6,5,3,2,3
103645,1,2,2,1,2,2,3,3,3,3,3,10,1,2,4
103650,1,1,1,2,2,1,2,2,2,2,2,10,3,1,2
103657,1,2,1,1,1,1,2,2,2,2,2,1,1,1,1
103659,1,1,1,2,2,1,3,3,3,3,3,3,1,1,1
103669,1,1,1,1,3,5,2,2,2,2,2,10,1,1,2
103679,1,2,1,2,1,2,1,1,1,1,1,3,1,1,1
103690,,,,,,,,,,,,,,,
103698,1,2,2,1,3,2,1,1,1,1,1,1,2,3,1
103713,1,2,1,2,1,2,6,6,6,6,6,2,1,1,1
103715,1,1,1,1,2,5,2,2,2,2,2,5,3,1,4
103718,1,2,3,1,1,2,1,1,1,1,1,3,2,3,3
103725,1,1,3,1,1,1,2,2,2,2,2,2,1,2,1
103747,,,,,,,,,,,,,,,
103773,1,2,1,2,1,2,2,2,2,2,2,3,1,1,1
103781,1,2,3,1,4,3,3,3,3,3,3,1,1,1,4
103803,1,1,2,1,1,1,2,2,2,2,2,2,1,1,1
103819,1,1,3,1,3,3,5,5,5,5,5,6,5,5,4
103837,,,,,,,,,,,,,,,
103848,,,,,,,,,,,,,,,
103853,1,2,2,1,3,1,2,2,2,2,2,3,1,1,1
103870,1,2,2,2,3,3,1,1,1,1,1,5,2,1,3
103890,1,1,1,1,1,2,3,3,3,3,3,3,10,7,1
103900,1,1,3,1,2,4,2,2,2,2,2,2,7,5,9
103905,1,2,1,1,1,2,3,3,3,3,3,2,2,1,1
103917,1,1,2,1,1,1,5,5,5,5,5,5,1,1,1
103923,,,,,,,,,,,,,,,
103926,1,1,2,1,1,1,2,2,2,2,2,3,9,1,1
103935,1,1,3,1,2,2,2,2,2,2,2,4,1,1,1
103941,1,2,1,2,1,3,1,1,1,1,1,4,1,1,1
103963,1,2,2,2,4,2,7,7,7,7,7,3,3,1,2
103968,1,2,1,1,4,4,2,2,2,2,2,2,2,3,3
103976,1,1,1,1,4,2,5,5,5,5,5,2,4,6,10
103982,1,2,3,1,1,2,6,6,6,6,6,1,1,1,2
103988,1,1,2,2,5,3,6,6,6,6,6,1,1,4,2
104006,1,1,1,2,2,5,1,1,1,1,1,6,1,3,4
104007,1,2,2,1,3,6,3,3,3,3,3,4,1,2,4
104023,1,1,3,2,2,1,1,1,1,1,1,4,1,1,1
104027,1,1,1,1,4,1,1,1,1,1,1,2,2,2,3
104030,1,1,1,1,2,3,3,3,3,3,3,1,1,1,1
104036,1,1,2,1,2,2,4,4,4,4,4,10,12,6,10
104040,,,,,,,,,,,,,,,
104052,,,,,,,,,,,,,,,
104062,1,2,3,1,2,1,1,1,1,1,1,3,1,1,4
104071,1,2,3,3,3,1,1,1,1,1,1,4,4,6,10
104109,,,,,,,,,,,,,,,
104115,1,1,2,1,2,2,5,5,5,5,5,1,6,4,7
104137,1,1,1,2,1,1,1,1,1,1,1,1,1,1,2
104142,1,1,1,2,1,1,1,1,1,1,1,5,1,1,1
104146,1,2,1,1,1,2,2,2,2,2,2,4,1,1,2
104154,,,,,,,,,,,,,,,
104162,1,1,1,3,1,1,6,6,6,6,6,5,11,1,2
104180,1,2,1,2,2,3,6,6,6,6,6,7,1,1,2
104185,1,1,1,2,1,1,1,1,1,1,1,5,5,1,3
104199,1,2,1,2,1,4,5,5,5,5,5,1,5,5,4
104204,1,1,1,1,4,1,1,1,1,1,1,2,1,1,1
104205,1,1,3,2,1,2,2,2,2,2,2,1,1,1,1
104213,1,2,2,1,1,6,3,3,3,3,3,9,2,2,3
104220,1,1,1,1,1,1,2,2,2,2,2,6,1,1,1
104222,1,2,1,1,2,1,2,2,2,2,2,2,4,2,1
104223,1,2,1,2,2,3,3,3,3,3,3,5,1,2,4
104224,1,2,2,1,2,3,4,4,4,4,4,4,1,1,1
104230,1,1,1,1,1,1,1,1,1,1,1,1,1,1,1
104234,1,1,1,2,4,4,5,5,5,5,5,5,4,2,1
104248,1,2,3,1,1,3,2,2,2,2,2,1,1,1,2
104255,,,,,,,,,,,,,,,
104263,1,2,1,2,3,2,5,5,5,5,5,3,1,4,2
104280,1,2,1,1,1,4,1,1,1,1,1,5,1,1,3
104282,1,1,1,1,4,1,1,1,1,1,1,2,4,6,3
104283,1,1,3,2,1,2,1,1,1,1,1,3,8,4,4
104302,1,1,1,1,1,2,3,3,3,3,3,3,10,7,4
104306,,,,,,,,,,,,,,,
104311,1,2,1,3,4,2,2,2,2,2,2,2,1,1,1
104319,1,2,1,2,2,3,2,2,2,2,2,2,1,1,1
104326,1,2,3,1,1,3,4,4,4,4,4,1,3,1,1
104328,1,1,1,1,2,1,1,1,1,1,1,4,1,1,1
104340,,,,,,,,,,,,,,,
104348,1,1,2,2,2,6,1,1,1,1,1,2,7,5,4
104349,1,1,1,2,3,1,3,3,3,3,3,3,4,1,6
104350,1,2,3,2,1,2,2,2,2,2,2,1,2,1,1
104375,1,1,1,1,1,4,6,6,6,6,6,3,1,2,1
104376,1,2,1,3,4,1,1,1,1,1,1,4,4,2,10
104380,1,2,2,2,1,3,6,6,6,6,6,1,1,1,2
104385,1,1,2,1,4,5,2,2,2,2,2,5,3,1,4
104389,,,,,,,,,,,,,,,
104392,1,2,1,1,2,1,2,2,2,2,2,6,5,5,11
104398,1,1,1,1,3,4,2,2,2,2,2,1,1,2,1
104405,1,1,1,2,2,1,3,3,3,3,3,4,7,3,5
104406,1,1,1,1,2,1,1,1,1,1,1,4,2,1,1
104408,1,1,1,2,2,6,1,1,1,1,1,3,1,1,1
104416,1,1,1,1,3,1,1,1,1,1,1,9,1,2,1
104418,1,1,2,1,2,1,1,1,1,1,1,8,1,1,1
104439,1,1,1,1,1,4,1,1,1,1,1,1,2,3,1
104449,1,1,1,2,1,3,2,2,2,2,2,7,3,1,1
104460,1,1,3,1,3,2,6,6,6,6,6,1,1,1,1
104462,1,2,2,1,3,1,1,1,1,1,1,6,1,1,1
104464,,,,,,,,,,,,,,,
104475,1,1,1,1,1,1,1,1,1,1,1,5,4,6,6
104482,1,2,1,1,2,1,1,1,1,1,1,2,2,1,1
104483,1,2,1,2,4,4,3,3,3,3,3,11,9,7,8
104492,1,2,1,2,2,2,2,2,2,2,2,1,3,1,1
104496,1,1,2,1,2,1,2,2,2,2,2,3,4,1,2
104499,1,1,2,2,2,5,2,2,2,2,2,1,2,3,1
104513,1,2,1,2,1,3,2,2,2,2,2,1,3,4,5
104514,1,2,1,2,1,1,1,1,1,1,1,5,2,3,1
104525,,,,,,,,,,,,,,,
104542,1,2,1,2,4,1,3,3,3,3,3,5,1,1,1
104551,,,,,,,,,,,,,,,
104553,,,,,,,,,,,,,,,
104555,,,,,,,,,,,,,,,
104564,1,1,2,2,3,1,1,1,1,1,1,1,2,1,1
104572,1,1,2,2,1,2,3,3,3,3,3,3,1,1,1
104614,1,1,1,1,1,1,1,1,1,1,1,1,2,3,6
104663,1,1,1,1,2,5,2,2,2,2,2,3,1,1,2
104667,1,2,3,2,1,3,3,3,3,3,3,5,2,1,3
104668,,,,,,,,,,,,,,,
104669,,,,,,,,,,,,,,,
104671,1,1,3,1,2,4,4,4,4,4,4,7,3,4,7
104676,1,1,1,1,1,3,3,3,3,3,3,3,1,1,1
104677,1,1,2,1,1,2,4,4,4,4,4,4,1,4,1
104697,1,1,1,3,2,2,3,3,3,3,3,11,5,7,9
104699,1,2,1,2,2,2,3,3,3,3,3,6,2,3,5
104701,1,1,2,4,1,4,4,4,4,4,4,1,3,1,1
104719,1,2,1,2,2,1,1,1,1,1,1,5,2,1,2
104730,1,2,1,1,1,1,1,1,1,1,1,12,4,6,6
104731,1,2,2,1,2,4,7,7,7,7,7,3,1,1,2
104734,1,1,1,1,2,2,2,2,2,2,2,2,1,1,1
104751,1,1,1,2,1,1,1,1,1,1,1,2,8,6,3
104757,1,1,1,2,2,1,1,1,1,1,1,1,5,2,3
104763,1,1,2,1,2,1,1,1,1,1,1,6,1,1,2
104768,1,2,1,1,4,2,2,2,2,2,2,7,3,4,5
104770,1,1,1,1,2,1,5,5,5,5,5,2,1,4,4
104789,,,,,,,,,,,,,,,
104792,1,2,1,1,3,1,3,3,3,3,3,1,7,5,1
104818,1,2,3,1,1,5,3,3,3,3,3,1,1,1,1
104825,1,2,1,1,1,3,2,2,2,2,2,1,3,1,1
104827,1,1,2,1,1,2,1,1,1,1,1,4,4,2,1
104828,,,,,,,,,,,,,,,
104838,1,1,1,1,2,2,2,2,2,2,2,10,1,2,4
104840,1,2,1,2,1,3,2,2,2,2,2,2,7,1,2
104850,1,1,1,2,3,1,1,1,1,1,1,5,4,6,6
104857,1,1,2,2,3,1,1,1,1,1,1,3,1,5,1
104863,1,1,1,2,1,4,2,2,2,2,2,5,4,2,1
104864,1,1,1,1,1,1,1,1,1,1,1,1,1,1,1
104869,1,2,1,2,2,1,3,3,3,3,3,6,1,1,1
104879,1,1,3,2,1,1,1,1,1,1,1,3,2,3,3
104917,1,2,1,1,1,1,3,3,3,3,3,3,1,1,1
104924,1,1,1,2,2,6,3,3,3,3,3,2,1,1,1
104938,1,1,3,1,3,2,3,3,3,3,3,4,2,1,1
104941,1,1,1,2,2,5,2,2,2,2,2,3,1,1,1
104949,1,1,1,2,2,1,2,2,2,2,2,3,9,1,1
104953,1,1,1,2,1,1,3,3,3,3,3,1,1,1,2
104960,1,1,1,2,4,3,3,3,3,3,3,2,2,1,1
104972,1,2,2,1,2,1,2,2,2,2,2,1,1,1,1
105000,1,2,1,2,1,2,1,1,1,1,1,6,1,1,1
105006,1,2,1,1,2,1,1,1,1,1,1,5,2,3,3
105016,1,2,1,2,2,6,1,1,1,1,1,3,8,2,3
105023,1,2,1,2,1,1,1,1,1,1,1,5,2,3,3
105034,1,2,3,2,1,4,1,1,1,1,1,2,1,1,1
105058,1,1,2,2,2,1,5,5,5,5,5,8,3,5,5
105080,1,2,2,2,4,2,5,5,5,5,5,4,5,5,11
105084,1,1,1,1,1,3,4,4,4,4,4,1,3,1,1
105089,1,1,2,1,2,1,4,4,4,4,4,4,1,1,1
105100,1,2,1,2,1,1,3,3,3,3,3,1,1,1,4
105101,1,2,2,1,1,2,4,4,4,4,4,5,9,5,9
105113,1,1,1,1,1,1,1,1,1,1,1,1,1,2,1
105142,1,2,2,2,4,3,2,2,2,2,2,6,2,3,4
105163,1,1,2,1,1,1,2,2,2,2,2,3,1,1,1
105167,1,1,1,1,1,3,1,1,1,1,1,2,1,1,1
105168,,,,,,,,,,,,,,,
105176,1,1,1,3,3,2,1,1,1,1,1,6,1,1,2
105181,1,1,1,2,4,5,3,3,3,3,3,8,2,3,2
105201,1,2,1,2,4,3,2,2,2,2,2,10,3,1,2
105206,1,1,1,2,1,6,3,3,3,3,3,3,4,1,2
105220,1,2,1,2,1,1,6,6,6,6,6,4,1,1,2
105222,1,1,1,1,1,3,4,4,4,4,4,7,3,4,7
105241,1,1,1,2,1,2,3,3,3,3,3,7,1,1,1
105255,1,1,2,2,2,1,1,1,1,1,1,3,1,1,1
105256,,,,,,,,,,,,,,,
105272,1,1,1,1,1,3,2,2,2,2,2,4,1,1,1
105284,1,1,1,1,1,4,2,2,2,2,2,4,1,5,1
105285,1,1,1,2,2,2,5,5,5,5,5,4,4,2,1
105288,1,1,1,1,2,3,2,2,2,2,2,6,1,1,4
105292,1,1,1,2,2,1,2,2,2,2,2,3,1,1,2
105308,1,1,3,2,1,1,1,1,1,1,1,9,1,1,1
105309,1,2,1,1,3,3,1,1,1,1,1,1,4,2,6
105311,1,2,1,1,1,2,2,2,2,2,2,4,1,1,1
105331,1,1,1,1,1,1,7,7,7,7,7,5,4,2,1
105335,1,2,2,1,4,1,1,1,1,1,1,1,1,1,1
105361,1,1,1,2,2,1,1,1,1,1,1,1,1,1,1
105364,1,2,1,3,1,1,6,6,6,6,6,4,1,1,2
105377,1,1,2,3,3,1,5,5,5,5,5,1,6,4,4
105378,1,2,1,2,2,2,5,5,5,5,5,6,3,4,4
105385,1,1,1,1,1,3,5,5,5,5,5,1,6,1,2
105392,1,1,1,1,1,1,2,2,2,2,2,2,1,1,1
105405,1,1,1,1,1,2,2,2,2,2,2,3,4,2,1
105407,1,1,1,2,1,2,3,3,3,3,3,1,1,1,1
105410,1,2,2,1,2,1,1,1,1,1,1,4,13,6,6
105423,1,1,1,1,4,6,3,3,3,3,3,2,1,1,1
105424,1,1,2,1,2,5,4,4,4,4,4,5,2,6,3
105426,1,1,2,2,2,3,2,2,2,2,2,2,1,1,1
105427,1,1,3,2,1,1,4,4,4,4,4,10,7,10,9
105460,1,1,1,1,2,2,5,5,5,5,5,7,7,5,11
105461,1,2,1,1,2,6,3,3,3,3,3,4,7,12,12
105468,,,,,,,,,,,,,,,
105477,1,1,1,1,1,4,4,4,4,4,4,2,2,3,3
105479,1,1,1,1,1,4,1,1,1,1,1,2,6,11,9
105491,,,,,,,,,,,,,,,
105500,1,1,2,1,1,1,1,1,1,1,1,1,1,1,1
105522,1,1,1,1,1,1,1,1,1,1,1,2,2,3,3
105554,1,2,1,1,1,1,1,1,1,1,1,2,4,2,1
105564,1,1,3,1,2,1,1,1,1,1,1,2,3,1,1
105576,1,1,1,1,1,2,2,2,2,2,2,2,2,2,5
105600,1,2,1,1,1,5,4,4,4,4,4,5,5,5,1
105610,1,1,1,1,1,4,2,2,2,2,2,2,2,3,5
105628,1,2,1,2,2,1,2,2,2,2,2,3,1,1,2
105644,1,1,1,1,1,1,1,1,1,1,1,4,3,2,3
105649,1,1,1,2,2,4,4,4,4,4,4,7,3,1,1
105652,1,2,1,1,3,2,3,3,3,3,3,1,2,3,1
105657,1,1,2,1,2,3,1,1,1,1,1,6,2,3,3
105680,1,1,1,1,1,3,3,3,3,3,3,5,2,1,3
105686,1,1,2,2,2,2,1,1,1,1,1,2,4,6,3
105689,1,2,1,1,3,1,1,1,1,1,1,2,8,6,3
105716,1,1,1,1,2,4,5,5,5,5,5,4,1,1,1
105731,1,1,2,1,2,2,7,7,7,7,7,1,3,1,1
105732,,,,,,,,,,,,,,,
105733,1,1,2,2,1,1,1,1,1,1,1,2,1,1,1
105747,1,2,2,1,1,2,2,2,2,2,2,4,1,1,1
105753,1,1,2,1,1,1,2,2,2,2,2,3,2,3,3
105756,1,2,1,2,1,2,6,6,6,6,6,6,3,1,1
105761,1,1,1,1,2,1,1,1,1,1,1,2,4,6,3
105763,,,,,,,,,,,,,,,
105764,1,1,1,1,1,2,2,2,2,2,2,6,11,5,4
105765,1,1,2,1,3,2,1,1,1,1,1,8,2,1,1
105792,,,,,,,,,,,,,,,
105796,1,2,3,2,3,5,2,2,2,2,2,7,1,1,1
105799,1,1,2,2,2,3,3,3,3,3,3,5,1,1,1
105812,1,2,1,1,3,4,3,3,3,3,3,3,1,1,1
105832,,,,,,,,,,,,,,,
105840,1,1,1,2,4,2,1,1,1,1,1,3,2,1,1
105846,1,1,2,1,1,1,2,2,2,2,2,3,1,1,1
105856,1,1,2,2,2,1,1,1,1,1,1,5,3,6,10
105864,1,1,2,3,4,6,3,3,3,3,3,9,9,7,8
105896,1,1,1,2,1,3,2,2,2,2,2,3,1,1,2
105908,1,2,2,1,4,5,2,2,2,2,2,7,3,6,10
105933,1,2,3,2,1,2,2,2,2,2,2,1,1,4,4
105940,1,2,1,1,1,1,1,1,1,1,1,3,1,1,1
105946,1,2,1,2,3,1,1,1,1,1,1,2,1,1,1
105947,1,1,2,1,2,1,1,1,1,1,1,3,1,1,1
105950,,,,,,,,,,,,,,,
105954,1,1,1,1,3,5,3,3,3,3,3,3,1,4,4
105956,1,1,1,1,3,3,3,3,3,3,3,1,1,1,1
105957,1,2,1,2,1,1,1,1,1,1,1,1,1,2,1
105962,1,1,1,1,2,2,1,1,1,1,1,9,8,11,6
105985,1,1,2,3,3,3,2,2,2,2,2,4,7,5,1
105994,1,2,1,1,2,1,3,3,3,3,3,5,6,1,4
105995,1,1,1,4,3,1,6,6,6,6,6,5,3,6,10
106001,1,1,3,2,3,2,1,1,1,1,1,1,1,1,1
106010,,,,,,,,,,,,,,,
106032,1,1,2,1,1,3,3,3,3,3,3,1,7,3,1
106033,1,1,1,1,1,2,7,7,7,7,7,7,3,10,7
106035,1,2,2,1,2,2,1,1,1,1,1,4,4,2,1
106043,1,1,1,1,3,3,5,5,5,5,5,3,1,1,2
106046,1,1,2,1,2,1,2,2,2,2,2,1,4,2,3
106071,1,2,1,2,4,3,1,1,1,1,1,2,4,2,3
106098,1,2,1,2,1,2,5,5,5,5,5,3,2,1,1
106102,1,1,1,1,1,3,3,3,3,3,3,1,2,2,1
106110,1,1,2,1,2,3,2,2,2,2,2,7,1,1,2
106138,,,,,,,,,,,,,,,
106140,1,2,2,2,2,4,3,3,3,3,3,6,2,3,2
106145,1,2,1,1,4,3,4,4,4,4,4,1,3,1,1
106166,1,1,1,2,4,1,2,2,2,2,2,2,2,3,5
106171,,,,,,,,,,,,,,,
106182,1,1,1,1,3,3,2,2,2,2,2,11,1,2,4
106186,1,1,1,2,2,3,2,2,2,2,2,4,6,1,1
106202,1,2,2,1,1,2,3,3,3,3,3,2,1,4,4
106228,1,1,2,3,2,1,1,1,1,1,1,3,6,8,2
106255,1,1,1,2,4,3,3,3,3,3,3,6,1,2,4
106256,1,2,2,2,3,4,5,5,5,5,5,1,1,2,1
106265,,,,,,,,,,,,,,,
106267,1,1,1,1,1,1,6,6,6,6,6,4,1,1,2
106274,1,2,1,2,1,1,1,1,1,1,1,1,1,1,1
106276,,,,,,,,,,,,,,,
106278,1,2,1,2,1,3,1,1,1,1,1,1,1,1,1
106280,1,2,3,2,2,1,1,1,1,1,1,2,1,2,1
106293,1,2,1,1,2,2,1,1,1,1,1,3,1,1,1
106294,1,1,2,1,2,1,3,3,3,3,3,2,2,3,5
106327,1,2,1,1,1,2,2,2,2,2,2,2,5,5,4
106356,1,2,2,2,4,3,1,1,1,1,1,1,1,1,1
106357,1,2,1,4,2,3,6,6,6,6,6,8,7,5,11
106365,1,1,1,3,2,4,2,2,2,2,2,4,1,1,1
106367,1,1,3,1,1,5,7,7,7,7,7,5,3,4,5
106382,1,1,3,1,2,3,2,2,2,2,2,5,1,1,3
106384,1,1,2,2,2,1,2,2,2,2,2,1,1,2,1
106388,1,2,1,1,1,1,3,3,3,3,3,2,2,1,1
106390,1,2,1,1,4,3,1,1,1,1,1,4,5,5,4
106396,1,1,1,1,2,1,3,3,3,3,3,2,3,6,3
106419,1,2,3,1,1,1,6,6,6,6,6,3,1,1,1
106422,1,1,1,1,3,1,2,2,2,2,2,1,1,1,1
106425,1,1,1,2,2,3,1,1,1,1,1,3,1,1,1
106432,1,1,1,1,1,5,2,2,2,2,2,4,1,1,1
106442,1,2,1,1,1,1,1,1,1,1,1,2,1,1,1
106443,1,1,2,1,1,1,3,3,3,3,3,2,1,1,1
106462,1,1,2,2,2,1,1,1,1,1,1,2,4,3,3
106464,1,2,3,2,2,2,2,2,2,2,2,4,1,1,1
106467,,,,,,,,,,,,,,,
106471,1,2,2,2,1,5,3,3,3,3,3,1,2,1,3
106475,1,1,3,2,3,1,3,3,3,3,3,2,2,1,3
106477,1,1,1,2,3,4,1,1,1,1,1,5,8,2,1
106486,,,,,,,,,,,,,,,
106493,1,1,1,2,1,3,2,2,2,2,2,2,5,3,2
106507,1,1,1,2,1,1,2,2,2,2,2,2,2,3,3
106508,1,1,1,1,1,1,7,7,7,7,7,12,13,9,14
106518,1,1,1,2,1,2,3,3,3,3,3,1,2,1,1
106534,1,2,3,2,1,1,1,1,1,1,1,8,1,1,2
106550,1,2,1,2,3,1,2,2,2,2,2,6,1,1,1
106562,1,2,2,1,2,2,1,1,1,1,1,5,1,1,1
106589,1,1,2,1,3,4,1,1,1,1,1,7,2,2,3
106614,1,2,1,2,3,3,1,1,1,1,1,1,1,1,1
106615,1,1,1,2,4,2,2,2,2,2,2,1,5,1,4
106623,1,1,2,1,1,3,1,1,1,1,1,4,1,1,1
106624,1,1,1,1,2,4,3,3,3,3,3,6,2,3,4
106625,1,2,1,1,1,1,1,1,1,1,1,3,1,2,1
106629,1,1,1,1,1,2,3,3,3,3,3,1,2,1,1
106630,1,1,3,1,2,3,2,2,2,2,2,6,3,4,5
106663,1,2,1,1,3,1,3,3,3,3,3,2,2,2,5
106672,1,2,3,2,1,3,1,1,1,1,1,2,1,1,1
106683,,,,,,,,,,,,,,,
106693,1,2,1,2,2,4,2,2,2,2,2,11,3,4,4
106705,1,1,1,1,3,4,1,1,1,1,1,5,3,6,10
106715,,,,,,,,,,,,,,,
106717,1,2,1,2,1,1,1,1,1,1,1,2,1,1,1
106721,1,1,1,1,2,1,1,1,1,1,1,1,2,2,1
106727,1,2,1,2,1,3,4,4,4,4,4,3,1,1,1
106733,1,2,1,1,1,6,3,3,3,3,3,2,2,3,2
106741,1,2,1,1,3,1,2,2,2,2,2,4,1,2,1
106743,,,,,,,,,,,,,,,
106747,1,2,1,1,4,1,2,2,2,2,2,3,2,3,3
106750,1,2,1,1,1,3,2,2,2,2,2,1,5,1,1
106766,1,1,1,2,2,3,4,4,4,4,4,3,2,3,3
106772,1,1,2,1,2,3,2,2,2,2,2,5,12,2,3
106776,1,1,3,2,1,1,2,2,2,2,2,1,1,1,1
106781,1,2,1,2,1,2,3,3,3,3,3,1,1,2,1
106782,1,1,2,1,2,2,2,2,2,2,2,6,2,2,5
106784,1,1,2,2,2,3,1,1,1,1,1,1,1,2,1
106796,,,,,,,,,,,,,,,
106802,1,1,2,1,1,1,1,1,1,1,1,3,2,3,3
106804,1,2,1,1,4,6,3,3,3,3,3,2,4,2,1
106805,,,,,,,,,,,,,,,
106806,1,1,3,1,1,5,1,1,1,1,1,6,1,1,1
106813,1,1,2,2,1,2,2,2,2,2,2,7,3,4,5
106816,1,1,1,2,2,4,2,2,2,2,2,1,1,1,1
106838,1,1,1,1,3,1,1,1,1,1,1,1,12,8,6
106853,1,2,1,2,2,2,1,1,1,1,1,3,2,2,2
106854,1,1,1,1,1,1,2,2,2,2,2,4,1,1,1
106862,,,,,,,,,,,,,,,
106888,1,2,1,1,1,1,5,5,5,5,5,2,4,2,1
106896,1,2,2,1,1,1,2,2,2,2,2,12,2,2,1
106912,1,1,1,1,2,5,2,2,2,2,2,1,1,4,4
106916,1,2,1,1,1,1,3,3,3,3,3,2,1,2,1
106917,1,2,3,2,1,1,1,1,1,1,1,4,1,1,2
106920,1,1,1,1,1,1,1,1,1,1,1,2,4,2,1
106934,1,2,1,3,2,2,4,4,4,4,4,1,6,4,9
106973,1,2,2,2,1,3,2,2,2,2,2,4,2,1,1
106975,1,2,1,1,1,3,2,2,2,2,2,3,3,4,2
106981,1,1,1,1,1,2,2,2,2,2,2,5,8,3,3
106983,1,2,1,1,2,1,1,1,1,1,1,3,1,1,1
107002,1,1,1,2,2,1,1,1,1,1,1,6,3,1,3
107010,,,,,,,,,,,,,,,
107011,,,,,,,,,,,,,,,
107017,1,1,1,1,1,3,3,3,3,3,3,1,1,4,2
107019,1,2,2,2,3,1,1,1,1,1,1,5,1,1,2
107021,,,,,,,,,,,,,,,
107022,1,2,2,2,1,1,1,1,1,1,1,1,1,2,1
107026,1,2,1,1,2,3,4,4,4,4,4,4,5,5,2
107042,,,,,,,,,,,,,,,
107045,1,1,3,2,1,3,2,2,2,2,2,6,1,1,4
107047,1,1,2,2,3,1,1,1,1,1,1,2,1,1,1
107055,1,1,2,2,3,3,1,1,1,1,1,2,1,2,1
107069,1,1,2,2,3,3,6,6,6,6,6,4,1,1,2
107071,1,1,1,1,2,4,2,2,2,2,2,3,1,1,1
107078,,,,,,,,,,,,,,,
107118,1,2,3,1,2,2,4,4,4,4,4,7,3,14,7
107123,,,,,,,,,,,,,,,
107124,1,2,1,2,1,2,1,1,1,1,1,5,3,2,3
107125,1,2,1,4,4,1,3,3,3,3,3,4,2,3,2
107141,1,1,1,2,2,1,2,2,2,2,2,4,1,2,1
107174,1,2,1,2,2,2,1,1,1,1,1,2,2,3,3
107182,1,1,2,1,1,2,4,4,4,4,4,7,3,4,9
107187,1,1,1,1,2,2,1,1,1,1,1,1,1,1,1
107190,1,2,1,1,2,1,1,1,1,1,1,9,10,2,14
107195,1,2,1,2,1,1,6,6,6,6,6,2,1,2,1
107205,1,1,2,1,3,1,1,1,1,1,1,1,1,1,1
107220,1,2,2,1,2,5,1,1,1,1,1,2,1,1,2
107226,1,1,1,4,1,3,5,5,5,5,5,3,1,1,1
107236,1,2,1,3,1,3,2,2,2,2,2,1,1,1,1
107259,1,1,1,2,2,1,7,7,7,7,7,1,1,1,1
107260,1,1,1,2,3,6,3,3,3,3,3,9,9,3,2
107263,,,,,,,,,,,,,,,
107265,1,1,2,1,2,3,5,5,5,5,5,5,1,1,1
107279,1,2,1,2,4,6,3,3,3,3,3,5,10,2,8
107284,1,1,1,1,2,3,1,1,1,1,1,5,1,2,1
107296,1,1,2,2,1,1,2,2,2,2,2,4,1,1,2
107302,1,2,2,1,3,1,4,4,4,4,4,3,1,4,2
107304,1,1,2,2,1,2,6,6,6,6,6,4,1,1,2
107310,1,2,1,2,1,5,2,2,2,2,2,3,1,1,1
107311,1,1,1,1,2,1,2,2,2,2,2,6,5,4,2
107314,1,2,1,1,2,2,1,1,1,1,1,5,2,1,1
107323,1,1,1,2,3,2,4,4,4,4,4,1,1,1,1
107330,1,2,1,2,2,3,3,3,3,3,3,5,1,1,1
107331,1,1,1,2,3,1,1,1,1,1,1,1,6,8,7
107335,1,1,3,1,3,1,3,3,3,3,3,1,1,1,2
107341,,,,,,,,,,,,,,,
107343,1,2,3,2,2,2,3,3,3,3,3,11,1,2,4
107388,1,1,1,1,3,4,1,1,1,1,1,1,12,9,1
107395,1,1,1,2,1,2,3,3,3,3,3,2,2,2,5
107400,1,1,2,2,1,4,3,3,3,3,3,3,1,1,1
107410,,,,,,,,,,,,,,,
107411,1,1,3,1,1,1,7,7,7,7,7,2,2,2,1
107412,1,1,1,2,1,1,1,1,1,1,1,5,5,9,1
107414,1,2,3,1,2,2,1,1,1,1,1,6,10,3,5
107416,1,2,1,1,1,1,3,3,3,3,3,3,1,1,1
107423,1,1,3,1,2,4,1,1,1,1,1,10,2,7,2
107435,1,2,3,2,2,1,4,4,4,4,4,4,1,2,1
107444,1,1,2,1,1,1,2,2,2,2,2,2,1,1,1
107455,1,2,1,1,1,5,2,2,2,2,2,4,1,1,1
107462,1,1,1,2,4,1,1,1,1,1,1,2,4,3,3
107463,1,2,3,2,1,2,2,2,2,2,2,2,1,1,1
107478,1,1,1,2,1,2,1,1,1,1,1,1,1,2,1
107488,,,,,,,,,,,,,,,
107520,1,1,1,1,1,2,2,2,2,2,2,4,1,1,1
107522,1,2,1,1,3,3,7,7,7,7,7,3,1,1,2
107524,1,1,1,2,2,5,1,1,1,1,1,1,1,1,1
107543,1,1,2,1,1,1,1,1,1,1,1,2,1,1,1
107546,1,1,1,1,1,4,5,5,5,5,5,2,4,2,1
107555,1,1,1,2,2,1,3,3,3,3,3,1,1,1,1
107557,1,1,1,1,1,5,2,2,2,2,2,1,1,1,1
107561,1,1,3,1,1,5,2,2,2,2,2,1,1,4,4
107568,1,1,3,1,2,2,2,2,2,2,2,3,1,1,2
107573,1,1,1,2,1,4,1,1,1,1,1,2,2,1,3
107586,1,1,1,1,2,1,1,1,1,1,1,1,1,1,1
107589,1,1,2,2,1,1,1,1,1,1,1,4,2,1,1
107603,1,1,1,2,3,1,4,4,4,4,4,5,4,1,1
107604,1,1,1,1,3,3,1,1,1,1,1,2,1,2,1
107613,1,2,1,1,1,1,2,2,2,2,2,2,2,3,3
107619,1,1,1,2,4,1,1,1,1,1,1,2,2,1,1
107621,,,,,,,,,,,,,,,
107627,1,2,1,1,1,4,7,7,7,7,7,1,3,4,5
107632,1,2,1,1,1,6,2,2,2,2,2,1,2,3,4
107638,1,1,3,1,1,1,4,4,4,4,4,1,2,1,1
107641,1,2,1,2,1,1,2,2,2,2,2,3,1,1,1
107647,1,1,1,1,4,3,5,5,5,5,5,1,1,1,4
107653,1,1,1,1,1,3,6,6,6,6,6,3,1,1,2
107656,1,2,2,2,3,5,2,2,2,2,2,7,1,1,1
107661,1,1,1,4,1,2,2,2,2,2,2,5,2,2,1
107662,1,2,1,1,2,3,4,4,4,4,4,2,4,2,3
107666,1,1,3,1,1,1,1,1,1,1,1,2,1,4,4
107671,1,1,2,1,1,2,3,3,3,3,3,1,1,4,1
107678,1,2,1,2,1,1,2,2,2,2,2,2,5,2,1
107681,1,1,1,2,2,1,3,3,3,3,3,1,1,3,5
107693,1,2,1,2,1,1,3,3,3,3,3,2,1,1,1
107698,1,1,1,1,1,3,6,6,6,6,6,5,3,6,3
107699,1,1,1,1,1,2,5,5,5,5,5,6,5,1,4
107710,1,2,1,2,2,2,3,3,3,3,3,1,4,2,1
107712,1,2,1,1,1,1,2,2,2,2,2,12,4,2,1
107713,1,1,1,1,2,3,5,5,5,5,5,2,1,1,1
107730,1,1,2,2,1,1,2,2,2,2,2,3,2,3,3
107735,1,2,1,2,1,2,3,3,3,3,3,11,9,7,8
107737,1,1,2,1,1,4,3,3,3,3,3,4,3,1,3
107749,1,1,1,2,1,1,2,2,2,2,2,1,1,1,2
107754,1,1,2,2,1,3,3,3,3,3,3,1,1,1,1
107770,1,2,1,1,2,4,1,1,1,1,1,4,1,2,1
107783,1,1,1,2,2,1,1,1,1,1,1,2,4,6,3
107785,1,1,1,2,2,5,5,5,5,5,5,4,4,2,1
107789,1,1,1,1,2,5,2,2,2,2,2,5,1,1,1
107793,1,1,1,1,2,1,1,1,1,1,1,2,1,1,1
107794,1,1,2,1,3,2,1,1,1,1,1,2,1,1,1
107795,1,2,1,1,1,1,1,1,1,1,1,5,4,2,1
107799,,,,,,,,,,,,,,,
107802,1,1,1,1,1,1,4,4,4,4,4,8,1,4,1
107810,1,2,1,1,1,3,2,2,2,2,2,3,1,1,1
107815,1,1,1,1,3,3,2,2,2,2,2,4,1,1,1
107819,1,1,3,1,2,2,2,2,2,2,2,4,5,5,11
107826,1,2,3,2,2,2,5,5,5,5,5,3,1,1,1
107828,1,1,1,1,1,1,1,1,1,1,1,3,1,1,1
107829,1,1,2,2,2,2,1,1,1,1,1,2,1,2,1
107836,1,2,1,2,1,2,4,4,4,4,4,7,13,13,4
107851,1,1,1,1,1,5,7,7,7,7,7,1,12,10,13
107866,1,1,2,2,4,2,2,2,2,2,2,3,3,1,1
107885,,,,,,,,,,,,,,,
107888,1,1,2,1,1,1,1,1,1,1,1,4,1,1,1
107892,1,2,2,1,3,3,1,1,1,1,1,2,1,1,1
107909,1,1,3,2,3,2,1,1,1,1,1,1,9,1,1
107923,,,,,,,,,,,,,,,
107925,1,1,1,2,1,5,1,1,1,1,1,5,1,1,1
107933,1,2,1,1,2,3,5,5,5,5,5,8,6,4,2
107937,1,2,1,3,1,3,4,4,4,4,4,1,3,4,9
107939,,,,,,,,,,,,,,,
107946,1,1,2,1,4,1,1,1,1,1,1,3,1,1,1
107957,1,2,1,1,1,1,3,3,3,3,3,1,1,1,1
107966,1,1,1,1,2,4,3,3,3,3,3,6,2,3,5
107974,1,1,1,2,2,2,1,1,1,1,1,3,1,1,1
107977,1,1,3,2,1,2,2,2,2,2,2,2,1,1,1
107984,1,2,2,2,1,6,2,2,2,2,2,6,3,1,1
107986,1,1,1,2,3,1,4,4,4,4,4,5,1,4,2
107996,,,,,,,,,,,,,,,
108007,1,1,1,1,1,1,1,1,1,1,1,5,1,6,3
108009,1,1,3,2,1,2,3,3,3,3,3,2,1,9,4
108023,1,2,1,2,1,3,2,2,2,2,2,6,5,1,2
108034,,,,,,,,,,,,,,,
108035,1,2,2,2,1,1,1,1,1,1,1,2,1,1,1
108041,1,1,1,1,2,2,3,3,3,3,3,7,9,12,8
108045,1,1,1,2,2,3,2,2,2,2,2,1,1,1,1
108047,1,1,1,2,1,1,3,3,3,3,3,2,1,1,1
108052,1,1,2,2,1,1,2,2,2,2,2,1,1,1,1
108059,1,2,2,1,2,4,2,2,2,2,2,4,1,1,2
108087,1,1,1,1,2,2,1,1,1,1,1,1,1,2,1
108091,1,1,1,2,3,1,1,1,1,1,1,1,1,1,3
108103,1,1,1,1,1,2,4,4,4,4,4,1,3,4,7
108106,1,1,2,1,1,1,1,1,1,1,1,5,2,1,3
108115,1,2,2,1,2,4,4,4,4,4,4,9,1,1,1
108120,1,1,1,1,3,1,1,1,1,1,1,5,2,2,3
108123,1,2,1,1,1,2,2,2,2,2,2,3,1,1,1
108138,1,1,2,1,1,5,2,2,2,2,2,1,1,1,1
108142,1,2,1,2,4,2,1,1,1,1,1,3,2,3,3
108150,1,2,1,2,3,1,1,1,1,1,1,3,1,1,1
108154,1,1,1,1,2,5,2,2,2,2,2,5,3,1,4
108165,1,2,2,1,1,2,2,2,2,2,2,1,1,4,2
108172,1,1,2,1,1,1,1,1,1,1,1,2,1,3,1
108176,1,1,2,1,1,3,6,6,6,6,6,1,1,1,2
108195,1,1,2,1,1,2,1,1,1,1,1,1,2,3,2
108212,1,1,1,1,3,1,2,2,2,2,2,3,1,2,1
108213,1,2,2,1,2,3,2,2,2,2,2,6,1,4,4
108221,,,,,,,,,,,,,,,
108228,1,2,1,2,1,3,1,1,1,1,1,1,4,3,3
108235,1,1,1,1,1,1,1,1,1,1,1,3,1,3,5
108236,1,1,1,2,1,3,2,2,2,2,2,3,1,1,2
108239,1,1,1,2,4,2,4,4,4,4,4,9,6,4,7
108244,1,1,2,1,1,3,1,1,1,1,1,6,1,1,1
108266,1,1,1,2,1,1,4,4,4,4,4,2,1,1,1
108282,,,,,,,,,,,,,,,
108283,1,1,2,2,3,1,1,1,1,1,1,2,4,9,3
108294,1,2,2,1,2,3,1,1,1,1,1,5,1,1,1
108300,1,2,2,1,3,1,3,3,3,3,3,6,1,1,1
108302,1,2,1,1,1,5,1,1,1,1,1,2,1,1,1
108309,,,,,,,,,,,,,,,
108316,1,1,2,2,2,3,2,2,2,2,2,3,3,1,1
108320,1,1,1,2,2,1,1,1,1,1,1,1,1,1,1
108327,,,,,,,,,,,,,,,
108329,1,1,1,1,1,2,4,4,4,4,4,1,6,4,9
108331,1,1,1,1,2,4,2,2,2,2,2,1,5,5,4
108341,1,1,1,2,1,1,2,2,2,2,2,2,2,3,3
108353,1,1,1,1,3,5,2,2,2,2,2,6,3,1,4
108377,1,1,1,2,1,2,3,3,3,3,3,1,2,2,2
108383,1,1,1,1,2,2,2,2,2,2,2,1,1,1,1
108395,1,1,1,2,3,3,4,4,4,4,4,1,1,1,2
108417,1,1,1,1,1,2,3,3,3,3,3,1,6,4,9
108424,1,1,1,2,2,1,1,1,1,1,1,3,1,1,1
108426,1,1,1,2,3,2,1,1,1,1,1,5,4,2,6
108432,1,1,3,1,3,1,1,1,1,1,1,3,1,1,1
108438,1,1,1,1,1,1,1,1,1,1,1,2,5,5,3
108446,1,1,1,1,2,1,2,2,2,2,2,5,1,1,1
108473,1,1,1,1,1,2,7,7,7,7,7,7,3,4,7
108497,1,1,2,4,2,5,1,1,1,1,1,3,1,1,1
108502,1,2,2,2,3,4,1,1,1,1,1,5,1,1,3
108503,1,1,2,1,1,1,1,1,1,1,1,3,1,1,1
108504,1,1,1,1,1,3,5,5,5,5,5,10,3,4,2
108510,1,2,1,2,2,5,1,1,1,1,1,6,1,2,1
108519,1,2,1,2,1,2,1,1,1,1,1,6,6,1,2
108540,,,,,,,,,,,,,,,
108565,1,1,1,2,3,2,2,2,2,2,2,8,7,5,11
108566,1,2,1,1,3,1,2,2,2,2,2,1,1,1,1
108567,1,1,1,1,2,1,1,1,1,1,1,4,2,1,3
108570,,,,,,,,,,,,,,,
108572,1,2,2,2,2,4,1,1,1,1,1,1,1,1,1
108583,1,1,1,1,1,1,2,2,2,2,2,8,7,5,9
108591,1,2,1,2,3,1,6,6,6,6,6,5,1,2,1
108601,1,1,1,1,2,1,4,4,4,4,4,4,1,1,1
108603,1,1,1,2,1,4,7,7,7,7,7,6,11,5,4
108606,1,1,2,1,1,3,2,2,2,2,2,4,1,2,1
108607,1,1,3,2,3,2,1,1,1,1,1,4,2,1,3
108610,1,2,1,2,1,3,4,4,4,4,4,6,3,1,1
108618,,,,,,,,,,,,,,,
108622,1,2,2,2,1,2,2,2,2,2,2,2,4,2,1
108640,,,,,,,,,,,,,,,
108649,,,,,,,,,,,,,,,
108651,1,2,1,1,3,5,4,4,4,4,4,2,1,1,1
108660,1,1,3,2,3,1,2,2,2,2,2,4,2,2,1
108677,,,,,,,,,,,,,,,
108708,1,2,2,2,2,1,1,1,1,1,1,2,5,3,5
108710,1,2,3,1,3,5,2,2,2,2,2,4,1,1,2
108721,1,1,1,1,1,4,2,2,2,2,2,3,1,1,2
108724,,,,,,,,,,,,,,,
108735,1,1,3,2,1,3,5,5,5,5,5,4,5,1,2
108742,1,1,1,1,4,3,1,1,1,1,1,2,4,2,1
108744,,,,,,,,,,,,,,,
108745,1,1,2,1,5,1,2,2,2,2,2,3,6,4,2
108752,,,,,,,,,,,,,,,
108754,1,2,1,1,1,1,2,2,2,2,2,1,1,1,1
108757,1,2,1,1,2,1,1,1,1,1,1,5,12,6,3
108762,1,1,1,1,4,3,4,4,4,4,4,1,3,1,1
108774,1,2,1,3,4,5,1,1,1,1,1,5,1,1,1
108790,1,1,1,1,4,1,2,2,2,2,2,8,2,5,1
108809,,,,,,,,,,,,,,,
108816,1,2,1,1,3,4,1,1,1,1,1,3,1,1,1
108824,1,1,2,2,2,5,6,6,6,6,6,2,1,1,1
108834,1,1,3,4,3,2,1,1,1,1,1,5,4,2,1
108850,1,1,1,1,3,1,1,1,1,1,1,3,3,5,1
108851,1,2,1,1,1,3,1,1,1,1,1,3,1,2,1
108860,1,2,1,2,4,3,3,3,3,3,3,10,10,7,4
108873,1,1,1,2,1,1,3,3,3,3,3,11,5,12,5
108899,1,1,1,1,2,5,3,3,3,3,3,1,1,1,1
108900,1,1,1,1,2,2,1,1,1,1,1,3,2,2,3
108910,1,1,2,1,1,1,1,1,1,1,1,1,2,3,1
108913,1,1,1,2,3,1,2,2,2,2,2,3,1,1,1
108914,1,1,2,2,2,3,2,2,2,2,2,1,3,1,1
108925,1,2,1,1,1,2,7,7,7,7,7,6,1,1,4
108927,1,1,1,2,1,1,2,2,2,2,2,4,6,2,1
108939,1,1,1,1,1,1,1,1,1,1,1,3,1,1,1
108942,1,1,1,2,4,1,3,3,3,3,3,1,10,2,11
108945,1,2,1,1,1,5,6,6,6,6,6,1,1,1,4
108950,1,1,2,1,1,5,3,3,3,3,3,7,8,1,1
108962,1,2,2,2,1,3,5,5,5,5,5,6,1,4,1
108971,1,1,3,2,1,5,4,4,4,4,4,1,3,4,9
108976,1,1,1,2,2,4,2,2,2,2,2,5,2,3,3
108988,,,,,,,,,,,,,,,
109013,1,2,2,1,1,1,2,2,2,2,2,2,2,1,1
109022,1,1,1,2,2,1,1,1,1,1,1,2,1,1,1
109027,1,2,3,2,2,2,4,4,4,4,4,1,1,1,1
109029,1,2,1,2,1,5,2,2,2,2,2,11,2,3,2
109038,,,,,,,,,,,,,,,
109041,1,1,3,1,1,1,5,5,5,5,5,2,1,1,1
109046,1,1,3,2,1,5,2,2,2,2,2,3,1,4,2
109061,1,1,1,2,1,3,3,3,3,3,3,3,6,1,3
109063,1,2,1,3,1,3,3,3,3,3,3,4,1,2,4
109064,1,1,1,1,1,2,6,6,6,6,6,2,2,1,1
109075,,,,,,,,,,,,,,,
109080,1,2,1,1,1,3,1,1,1,1,1,2,1,4,4
109090,1,1,1,1,1,2,3,3,3,3,3,1,2,5,1
109103,1,1,1,1,4,3,3,3,3,3,3,5,1,2,1
109106,1,1,2,2,2,2,4,4,4,4,4,5,4,6,3
109118,1,2,1,2,3,4,2,2,2,2,2,1,1,1,1
109121,1,2,3,2,1,3,4,4,4,4,4,4,1,1,2
109122,1,1,1,1,1,1,1,1,1,1,1,8,1,1,1
109123,1,2,1,1,1,2,1,1,1,1,1,1,1,1,2
109128,1,1,3,1,2,1,1,1,1,1,1,5,2,1,3
109131,1,1,3,1,4,2,1,1,1,1,1,5,3,1,1
109135,1,1,2,1,2,1,4,4,4,4,4,4,1,1,1
109141,1,2,1,2,2,1,3,3,3,3,3,2,1,1,1
109146,1,2,1,2,5,3,2,2,2,2,2,3,1,1,2
109153,1,2,1,2,1,5,3,3,3,3,3,6,1,1,1
109155,1,1,1,2,2,1,1,1,1,1,1,8,1,1,1
109175,1,1,1,1,2,3,5,5,5,5,5,4,1,1,1
109181,1,2,3,3,1,2,2,2,2,2,2,1,1,1,1
109208,1,1,2,1,2,1,4,4,4,4,4,6,6,4,7
109210,1,1,1,2,2,4,5,5,5,5,5,4,1,1,2
109218,,,,,,,,,,,,,,,
109231,1,2,2,2,2,1,1,1,1,1,1,3,1,2,1
109235,1,1,1,1,2,5,1,1,1,1,1,2,2,1,1
109253,1,1,1,2,4,2,1,1,1,1,1,6,1,1,1
109255,1,1,1,1,1,1,1,1,1,1,1,3,1,1,1
109258,1,1,2,2,4,3,6,6,6,6,6,5,4,2,3
109283,,,,,,,,,,,,,,,
109290,1,1,1,1,1,3,2,2,2,2,2,3,1,1,2
109294,1,1,2,2,1,1,1,1,1,1,1,2,4,2,1
109296,1,2,1,2,2,4,5,5,5,5,5,1,5,5,11
109307,1,2,1,1,1,1,4,4,4,4,4,3,2,3,3
109311,1,1,3,1,4,1,1,1,1,1,1,8,7,1,5
109324,1,1,1,1,2,1,1,1,1,1,1,6,5,2,1
109329,1,1,3,1,2,2,2,2,2,2,2,8,7,5,1
109333,1,1,1,1,1,3,4,4,4,4,4,10,6,4,7
109341,1,2,1,1,1,2,6,6,6,6,6,1,1,2,1
109354,1,2,2,2,2,3,2,2,2,2,2,4,1,2,1
109356,1,2,1,1,2,1,3,3,3,3,3,4,1,4,2
109368,1,2,1,1,2,1,1,1,1,1,1,5,3,3,5
109386,1,1,1,2,3,1,3,3,3,3,3,2,1,6,3
109424,1,1,1,1,1,3,1,1,1,1,1,1,4,2,3
109443,1,1,3,2,2,3,2,2,2,2,2,4,1,1,2
109469,1,1,2,2,2,6,1,1,1,1,1,6,1,4,4
109471,1,1,3,1,1,2,2,2,2,2,2,1,3,4,5
109496,,,,,,,,,,,,,,,
109498,1,1,2,1,3,1,1,1,1,1,1,1,2,2,8
109505,1,2,1,1,2,1,1,1,1,1,1,1,3,8,6
109506,1,2,2,2,1,6,7,7,7,7,7,6,5,1,1
109518,1,1,2,2,1,1,2,2,2,2,2,3,1,1,1
109522,1,1,2,1,2,4,1,1,1,1,1,5,4,2,1
109523,1,1,1,1,1,4,1,1,1,1,1,5,4,2,1
109536,1,1,2,2,1,4,2,2,2,2,2,2,4,2,1
109538,1,1,3,2,1,2,7,7,7,7,7,3,1,1,1
109547,1,1,3,1,1,5,1,1,1,1,1,1,1,1,1
109551,,,,,,,,,,,,,,,
109590,1,1,1,2,1,1,1,1,1,1,1,3,1,1,1
109593,1,1,3,2,2,1,1,1,1,1,1,4,1,1,1
109594,1,1,2,1,2,3,3,3,3,3,3,2,1,1,1
109616,1,1,3,1,1,5,7,7,7,7,7,1,3,4,5
109621,1,2,3,2,1,2,1,1,1,1,1,3,3,2,3
109624,1,1,1,2,1,2,2,2,2,2,2,10,1,1,1
109628,1,2,1,1,1,5,1,1,1,1,1,8,2,3,3
109637,1,2,1,2,1,1,4,4,4,4,4,5,12,2,10
109644,1,1,1,1,3,2,2,2,2,2,2,3,1,1,2
109666,1,1,1,2,1,4,2,2,2,2,2,1,4,2,1
109671,1,2,1,2,1,1,2,2,2,2,2,12,7,14,9
109675,1,1,2,2,2,1,1,1,1,1,1,4,1,2,1
109683,1,2,1,2,1,1,4,4,4,4,4,10,1,1,2
109700,1,2,1,1,4,1,1,1,1,1,1,4,5,5,11
109707,1,1,1,1,1,3,3,3,3,3,3,2,2,2,3
109708,1,2,3,2,2,1,1,1,1,1,1,2,2,3,3
109714,1,2,1,2,1,5,1,1,1,1,1,1,13,8,6
109728,1,1,1,2,2,6,4,4,4,4,4,1,1,1,1
109730,,,,,,,,,,,,,,,
109764,1,1,1,1,3,4,1,1,1,1,1,1,4,2,1
109779,1,2,3,1,2,2,2,2,2,2,2,4,5,5,2
109785,1,2,1,1,1,4,3,3,3,3,3,4,1,5,1
109789,1,1,2,1,1,3,4,4,4,4,4,7,3,4,9
109822,1,1,1,2,2,3,2,2,2,2,2,4,1,2,2
109823,1,1,2,4,1,1,3,3,3,3,3,7,1,1,1
109831,1,1,3,1,1,2,3,3,3,3,3,1,6,1,2
109835,1,1,1,2,2,4,5,5,5,5,5,1,1,1,1
109836,1,2,1,2,1,1,1,1,1,1,1,1,12,8,6
109850,1,1,3,2,1,1,3,3,3,3,3,1,1,1,1
109852,1,1,1,2,1,4,5,5,5,5,5,9,1,1,1
109853,,,,,,,,,,,,,,,
109862,1,1,2,1,1,1,1,1,1,1,1,2,1,1,1
109869,1,1,1,2,1,5,1,1,1,1,1,2,4,2,1
109876,1,2,1,2,3,3,2,2,2,2,2,3,1,1,1
109879,1,2,2,1,1,4,5,5,5,5,5,1,5,1,4
109882,1,2,2,3,1,2,1,1,1,1,1,2,2,3,3
109884,,,,,,,,,,,,,,,
109885,1,1,1,1,1,3,1,1,1,1,1,2,2,3,3
109897,1,2,1,1,1,2,3,3,3,3,3,5,1,2,4
109898,1,2,2,1,1,3,2,2,2,2,2,3,1,1,1
109911,1,2,1,1,4,3,4,4,4,4,4,1,3,1,1
109914,1,2,2,1,1,1,1,1,1,1,1,2,2,2,3
109915,1,2,1,1,2,1,3,3,3,3,3,4,1,1,2
109920,,,,,,,,,,,,,,,
109943,1,2,1,2,2,2,1,1,1,1,1,4,4,2,1
109950,1,2,2,1,3,3,1,1,1,1,1,3,1,1,1
109962,1,2,3,2,2,6,6,6,6,6,6,5,1,1,1
109979,1,2,1,4,4,1,1,1,1,1,1,2,4,2,3
109981,1,2,1,1,2,4,2,2,2,2,2,2,1,1,1
109987,1,1,1,1,3,1,1,1,1,1,1,2,4,2,1
110000,1,1,3,2,2,2,2,2,2,2,2,3,1,1,1
110004,1,1,1,2,1,3,2,2,2,2,2,4,1,4,2
110005,1,1,1,1,3,3,4,4,4,4,4,4,11,5,2
110009,1,1,3,1,1,3,5,5,5,5,5,1,6,4,7
110018,1,1,2,2,1,1,5,5,5,5,5,5,1,1,1
110028,1,1,2,1,2,1,5,5,5,5,5,4,1,1,2
110030,1,2,1,2,2,3,1,1,1,1,1,1,2,1,1
110040,,,,,,,,,,,,,,,
110046,1,1,3,2,1,1,1,1,1,1,1,1,11,3,11
110052,1,1,2,4,2,1,4,4,4,4,4,1,3,4,2
110079,1,2,2,2,1,1,1,1,1,1,1,4,4,2,6
110084,1,1,1,1,2,1,1,1,1,1,1,1,3,1,3
110089,1,1,3,2,1,5,1,1,1,1,1,3,1,1,1
110091,1,1,1,1,1,5,3,3,3,3,3,9,1,1,2
110094,1,2,1,2,3,3,3,3,3,3,3,2,1,1,1
110098,1,1,1,1,4,3,2,2,2,2,2,1,1,1,2
110115,1,1,2,1,1,1,4,4,4,4,4,1,1,1,1
110122,1,1,1,1,2,1,1,1,1,1,1,2,1,1,1
110130,1,2,2,1,1,5,1,1,1,1,1,1,1,1,1
110190,1,1,1,2,1,4,2,2,2,2,2,3,2,3,3
110193,1,2,3,2,1,2,1,1,1,1,1,2,4,2,1
110205,1,1,1,1,3,2,1,1,1,1,1,6,2,3,3
110207,1,1,1,2,3,1,3,3,3,3,3,2,1,1,1
110212,1,2,1,2,2,2,5,5,5,5,5,1,7,5,1
110228,1,1,1,4,3,1,6,6,6,6,6,5,2,1,3
110229,1,2,2,1,3,2,5,5,5,5,5,3,1,1,1
110244,1,1,1,2,1,1,7,7,7,7,7,7,1,6,3
110245,1,2,1,1,1,3,2,2,2,2,2,3,1,1,1
110253,1,2,1,1,3,1,3,3,3,3,3,5,1,2,1
110257,1,2,1,2,1,2,3,3,3,3,3,3,1,1,1
110268,1,2,1,2,2,1,1,1,1,1,1,4,1,1,1
110281,1,2,1,1,2,5,2,2,2,2,2,3,1,1,1
110285,1,2,1,1,2,1,2,2,2,2,2,6,5,5,4
110295,1,2,1,1,2,4,2,2,2,2,2,3,2,3,3
110300,1,1,1,2,1,2,2,2,2,2,2,4,1,1,1
110301,1,1,1,1,1,2,2,2,2,2,2,4,1,1,1
110308,1,1,1,1,4,1,1,1,1,1,1,5,11,6,3
110311,1,2,1,2,1,5,5,5,5,5,5,3,1,1,4
110336,1,1,2,1,1,2,4,4,4,4,4,10,6,4,7
110349,1,2,1,1,3,3,1,1,1,1,1,5,1,1,1
110355,1,2,1,1,3,4,1,1,1,1,1,6,1,1,1
110360,1,2,3,3,3,1,1,1,1,1,1,3,2,3,3
110370,1,2,1,1,2,2,3,3,3,3,3,9,1,4,6
110373,,,,,,,,,,,,,,,
110374,1,1,2,2,1,1,4,4,4,4,4,10,1,4,2
110375,1,1,2,2,1,4,3,3,3,3,3,3,1,1,1
110376,1,1,1,2,1,1,2,2,2,2,2,6,5,1,2
110380,1,2,2,2,2,2,1,1,1,1,1,5,2,3,3
110383,,,,,,,,,,,,,,,
110399,1,2,1,1,2,2,5,5,5,5,5,2,1,2,1
110401,1,1,1,1,1,5,1,1,1,1,1,2,3,4,7
110411,1,2,1,1,3,2,1,1,1,1,1,3,1,1,2
110417,1,1,3,1,3,1,1,1,1,1,1,1,1,1,1
110435,1,2,1,1,2,3,4,4,4,4,4,1,3,4,2
110439,1,2,2,2,1,1,3,3,3,3,3,5,8,8,6
110442,1,1,2,2,1,2,6,6,6,6,6,6,1,1,1
110443,1,1,3,2,1,1,1,1,1,1,1,4,4,10,2
110445,,,,,,,,,,,,,,,
110456,1,1,1,2,4,1,1,1,1,1,1,1,4,2,3
110461,1,2,2,2,1,5,3,3,3,3,3,2,2,3,5
110462,1,1,2,1,1,6,1,1,1,1,1,6,10,4,2
110468,,,,,,,,,,,,,,,
110475,1,1,2,1,1,2,7,7,7,7,7,6,5,1,4
110481,1,1,1,2,1,1,1,1,1,1,1,2,8,6,3
110490,1,1,1,1,2,3,3,3,3,3,3,7,2,1,1
110501,1,2,1,1,1,2,2,2,2,2,2,3,1,1,1
110504,1,1,1,2,2,1,6,6,6,6,6,8,1,1,1
110526,1,2,1,1,1,5,4,4,4,4,4,1,1,1,1
110529,1,2,1,2,1,3,4,4,4,4,4,7,3,4,7
110532,1,1,3,1,1,1,1,1,1,1,1,1,2,1,3
110544,1,1,1,2,2,1,3,3,3,3,3,1,2,5,1
110547,1,1,2,1,1,1,3,3,3,3,3,5,3,7,8
110550,1,1,1,1,3,5,4,4,4,4,4,1,1,1,1
110575,1,1,1,2,1,2,2,2,2,2,2,4,1,1,1
110579,1,2,2,4,3,2,2,2,2,2,2,1,1,1,2
110589,,,,,,,,,,,,,,,
110604,1,1,2,1,2,1,2,2,2,2,2,3,1,1,1
110611,,,,,,,,,,,,,,,
110618,,,,,,,,,,,,,,,
110625,1,2,1,2,1,4,2,2,2,2,2,2,2,3,3
110635,1,2,3,2,1,1,3,3,3,3,3,7,1,1,1
110640,1,1,3,1,4,1,1,1,1,1,1,5,2,1,1
110653,1,1,1,1,1,1,2,2,2,2,2,1,1,1,1
110658,1,1,1,2,1,6,1,1,1,1,1,1,3,1,3
110662,1,2,2,2,1,6,3,3,3,3,3,11,2,3,11
110666,1,2,1,2,2,3,2,2,2,2,2,11,9,2,4
110673,1,1,3,1,2,2,1,1,1,1,1,2,1,1,1
110675,1,1,1,1,2,3,2,2,2,2,2,4,1,1,2
110680,1,2,1,1,3,1,1,1,1,1,1,1,4,2,1
110707,1,1,1,1,2,2,1,1,1,1,1,9,8,1,1
110710,1,2,1,1,1,1,2,2,2,2,2,3,1,1,1
110720,1,1,1,1,1,6,1,1,1,1,1,4,3,6,2
110724,1,1,1,3,2,5,2,2,2,2,2,4,1,1,1
110729,1,1,1,1,4,2,2,2,2,2,2,3,1,1,1
110740,1,2,1,2,3,3,1,1,1,1,1,1,1,2,1
110741,1,2,1,2,1,2,1,1,1,1,1,2,4,2,1
110758,,,,,,,,,,,,,,,
110772,1,1,1,2,2,1,2,2,2,2,2,6,1,3,4
110775,1,2,1,1,3,2,2,2,2,2,2,2,1,1,1
110780,1,1,1,2,2,2,1,1,1,1,1,1,1,1,1
110793,1,2,1,1,1,2,2,2,2,2,2,6,1,1,1
110796,,,,,,,,,,,,,,,
110819,1,1,1,2,2,3,4,4,4,4,4,1,5,1,2
110827,,,,,,,,,,,,,,,
110836,1,1,2,2,4,3,1,1,1,1,1,2,1,1,1
110846,1,1,1,2,3,5,3,3,3,3,3,3,1,1,1
110854,,,,,,,,,,,,,,,
110864,1,2,2,1,1,1,1,1,1,1,1,2,3,1,1
110868,1,1,2,2,2,5,4,4,4,4,4,1,3,1,1
110870,1,1,1,2,3,4,1,1,1,1,1,3,1,2,10
110883,1,1,3,2,2,2,1,1,1,1,1,3,2,1,1
110884,,,,,,,,,,,,,,,
110894,1,2,3,2,3,1,1,1,1,1,1,2,1,1,1
110900,1,1,1,1,4,2,4,4,4,4,4,1,6,4,9
110916,1,1,2,1,1,3,1,1,1,1,1,6,6,4,4
110919,,,,,,,,,,,,,,,
110924,1,2,2,1,1,1,2,2,2,2,2,7,1,1,1
110931,1,1,1,1,4,2,2,2,2,2,2,3,2,3,3
110954,1,2,1,2,1,1,2,2,2,2,2,4,1,1,1
110968,1,1,1,2,3,1,1,1,1,1,1,4,1,1,1
110969,1,1,2,2,1,1,3,3,3,3,3,1,1,1,1
110989,,,,,,,,,,,,,,,
110990,1,1,1,1,1,3,3,3,3,3,3,1,6,4,7
110997,1,2,2,2,4,1,1,1,1,1,1,1,2,1,1
111013,1,1,1,1,1,3,1,1,1,1,1,3,8,1,6
111023,1,1,2,2,1,4,5,5,5,5,5,2,9,3,4
111037,1,1,2,2,4,1,2,2,2,2,2,1,3,4,4
111053,1,2,1,2,2,2,3,3,3,3,3,2,7,5,1
111069,1,1,1,1,4,2,3,3,3,3,3,2,2,3,4
111071,1,1,1,1,1,2,2,2,2,2,2,1,1,6,3
111084,1,2,3,2,3,2,4,4,4,4,4,5,1,1,4
111093,1,1,2,1,1,1,1,1,1,1,1,2,2,3,3
111096,1,2,1,1,1,1,1,1,1,1,1,5,1,3,4
111101,1,1,2,2,1,2,7,7,7,7,7,1,1,1,1
111110,1,2,2,1,3,2,2,2,2,2,2,4,3,1,2
111121,1,2,2,1,2,2,6,6,6,6,6,3,2,1,1
111139,1,1,2,3,1,2,2,2,2,2,2,3,1,1,1
111145,1,1,2,2,3,2,3,3,3,3,3,11,2,3,5
111146,1,2,1,1,1,3,1,1,1,1,1,3,1,1,1
111148,1,2,1,2,2,2,4,4,4,4,4,5,2,3,3
111161,1,1,2,1,1,1,3,3,3,3,3,8,5,1,1
111177,,,,,,,,,,,,,,,
111196,1,1,2,2,1,1,1,1,1,1,1,2,1,1,1
111202,1,2,2,1,3,2,1,1,1,1,1,3,1,1,1
111214,1,1,1,1,2,3,1,1,1,1,1,2,1,1,1
111236,1,1,2,1,4,2,1,1,1,1,1,3,1,1,1
111238,1,1,2,4,3,1,3,3,3,3,3,6,1,1,1
111239,1,2,3,1,2,2,4,4,4,4,4,3,2,3,1
111262,1,2,2,1,1,1,4,4,4,4,4,7,1,1,1
111266,,,,,,,,,,,,,,,
111267,1,1,1,1,2,3,2,2,2,2,2,6,3,1,1
111272,1,2,1,2,2,1,1,1,1,1,1,3,4,2,3
111282,1,2,1,1,1,4,1,1,1,1,1,2,2,3,1
111297,1,1,1,2,1,3,1,1,1,1,1,5,4,6,6
111302,1,2,1,2,3,2,1,1,1,1,1,5,2,2,3
111317,1,1,1,2,1,2,3,3,3,3,3,2,1,1,1
111329,,,,,,,,,,,,,,,
111334,,,,,,,,,,,,,,,
111335,1,2,2,1,1,1,2,2,2,2,2,3,6,1,2
111353,1,1,1,2,1,1,3,3,3,3,3,1,2,2,3
111367,1,2,1,2,1,4,3,3,3,3,3,1,1,1,3
111371,1,1,1,1,1,4,3,3,3,3,3,2,2,1,2
111391,1,1,2,1,2,1,2,2,2,2,2,4,1,1,2
111395,1,2,1,1,2,2,1,1,1,1,1,2,5,1,3
111450,1,1,1,1,1,1,1,1,1,1,1,3,1,1,1
111455,1,1,1,1,2,2,2,2,2,2,2,5,7,5,11
111457,1,2,1,3,3,3,4,4,4,4,4,1,1,1,2
111469,1,2,3,2,2,1,1,1,1,1,1,3,1,1,5
111477,1,1,3,2,1,3,2,2,2,2,2,6,3,1,1
111482,1,2,1,1,2,1,1,1,1,1,1,6,2,1,1
111496,1,1,1,2,1,2,2,2,2,2,2,2,1,1,1
111523,,,,,,,,,,,,,,,
111535,1,2,1,3,2,2,3,3,3,3,3,7,9,12,8
111536,1,1,1,1,2,1,6,6,6,6,6,1,1,1,1
111541,1,2,1,2,2,1,2,2,2,2,2,4,1,1,1
111543,1,1,1,2,3,3,2,2,2,2,2,4,1,1,1
111558,1,1,2,1,1,3,2,2,2,2,2,3,1,1,1
111562,,,,,,,,,,,,,,,
111565,1,1,2,2,2,4,2,2,2,2,2,2,1,1,1
111566,,,,,,,,,,,,,,,
111573,,,,,,,,,,,,,,,
111575,1,2,2,2,1,2,3,3,3,3,3,1,6,1,1
111577,,,,,,,,,,,,,,,
111588,1,1,1,1,1,1,2,2,2,2,2,7,1,1,1
111589,1,1,2,2,1,4,7,7,7,7,7,1,3,1,1
111591,1,1,3,2,1,1,3,3,3,3,3,4,2,3,4
111592,,,,,,,,,,,,,,,
111612,1,1,1,1,1,1,1,1,1,1,1,5,1,2,1
111613,1,2,3,1,2,1,1,1,1,1,1,3,1,2,1
111620,1,2,1,1,2,2,1,1,1,1,1,1,1,1,1
111627,,,,,,,,,,,,,,,
111632,1,1,2,1,2,5,5,5,5,5,5,5,9,1,1
111635,1,2,1,2,2,5,1,1,1,1,1,5,1,2,4
111651,1,2,1,4,1,1,1,1,1,1,1,3,2,3,3
111654,1,1,1,1,2,3,1,1,1,1,1,2,1,2,1
111656,1,1,1,2,1,5,3,3,3,3,3,1,7,3,5
111663,1,1,1,1,1,6,3,3,3,3,3,11,10,3,8
111672,1,2,1,2,1,6,1,1,1,1,1,3,1,1,1
111683,1,1,3,2,1,1,1,1,1,1,1,3,1,1,1
111686,1,1,3,1,1,1,1,1,1,1,1,3,1,1,1
111694,,,,,,,,,,,,,,,
111698,1,2,3,2,2,4,2,2,2,2,2,7,1,1,2
111710,1,2,1,2,3,1,1,1,1,1,1,6,2,3,3
111718,1,2,1,2,1,3,1,1,1,1,1,1,1,4,7
111719,1,2,2,2,2,5,2,2,2,2,2,3,1,1,2
111729,1,1,1,4,2,1,2,2,2,2,2,5,4,6,3
111730,1,1,1,1,3,2,1,1,1,1,1,5,1,1,1
111740,1,2,1,1,3,3,3,3,3,3,3,5,1,1,1
111745,1,1,1,2,1,1,6,6,6,6,6,1,1,1,1
111748,1,1,1,2,2,3,2,2,2,2,2,1,1,1,1
111753,1,1,1,1,1,2,2,2,2,2,2,2,4,2,1
111769,1,2,1,2,1,1,1,1,1,1,1,2,1,1,1
111774,1,1,3,2,3,1,1,1,1,1,1,6,5,4,2
111797,1,1,1,3,4,2,3,3,3,3,3,11,10,7,4
111805,1,1,1,2,2,1,1,1,1,1,1,4,2,3,4
111823,1,1,1,2,2,1,5,5,5,5,5,3,1,1,2
111825,,,,,,,,,,,,,,,
111826,1,2,1,2,4,2,5,5,5,5,5,6,5,5,12
111834,1,2,2,1,2,1,4,4,4,4,4,3,2,1,1
111835,1,1,1,1,2,3,5,5,5,5,5,1,6,4,7
111855,1,1,1,2,3,2,3,3,3,3,3,6,9,1,1
111859,,,,,,,,,,,,,,,
111867,1,2,1,2,3,3,7,7,7,7,7,7,3,4,5
111892,1,2,3,2,1,3,2,2,2,2,2,7,6,8,9
111893,1,1,1,2,2,3,1,1,1,1,1,2,1,1,2
111896,1,2,2,1,2,4,1,1,1,1,1,2,8,3,3
111898,1,1,1,2,2,4,2,2,2,2,2,1,1,1,1
111899,1,2,1,1,2,3,4,4,4,4,4,8,3,4,13
111926,,,,,,,,,,,,,,,
111942,1,1,1,2,1,2,1,1,1,1,1,5,9,1,2
111944,1,2,1,1,2,1,2,2,2,2,2,4,1,2,1
111945,1,2,1,2,1,3,2,2,2,2,2,1,1,2,1
111956,1,1,1,2,1,2,5,5,5,5,5,1,2,2,1
111960,1,1,3,1,1,1,1,1,1,1,1,4,2,1,3
111971,1,1,1,1,1,3,3,3,3,3,3,5,2,1,1
112000,1,1,2,2,2,2,5,5,5,5,5,8,5,5,11
112001,1,2,1,1,2,5,1,1,1,1,1,8,1,1,1
112003,1,1,1,1,4,5,2,2,2,2,2,1,1,1,1
112006,,,,,,,,,,,,,,,
112019,1,2,1,2,2,4,1,1,1,1,1,1,1,1,1
112022,1,1,1,1,1,2,1,1,1,1,1,5,5,2,1
112034,1,1,2,2,2,2,1,1,1,1,1,1,2,1,3
112051,1,2,1,3,1,3,2,2,2,2,2,2,11,11,6
112062,1,1,1,1,1,4,3,3,3,3,3,2,2,3,5
112063,1,1,1,1,2,3,2,2,2,2,2,5,1,2,4
112065,1,2,2,1,1,2,6,6,6,6,6,9,5,5,9
112081,1,1,1,2,2,4,3,3,3,3,3,2,1,1,1
112085,1,2,3,1,2,1,3,3,3,3,3,3,1,1,1
112091,1,1,1,1,3,3,2,2,2,2,2,3,1,1,1
112096,1,1,2,2,1,5,2,2,2,2,2,4,1,5,1
112102,1,1,1,1,3,5,2,2,2,2,2,4,2,3,5
112115,1,1,1,1,1,5,6,6,6,6,6,5,1,2,1
112127,1,1,3,1,1,1,1,1,1,1,1,3,1,1,1
112132,1,1,2,2,3,3,2,2,2,2,2,2,1,2,1
112138,1,1,1,1,3,2,5,5,5,5,5,5,4,2,1
112151,1,2,1,2,3,2,1,1,1,1,1,3,1,1,1
112158,,,,,,,,,,,,,,,
112159,1,2,1,1,1,1,2,2,2,2,2,5,2,2,3
112171,1,2,2,1,1,1,1,1,1,1,1,1,1,6,3
112187,,,,,,,,,,,,,,,
112200,1,2,2,2,3,2,2,2,2,2,2,5,5,2,1
112204,1,2,2,1,1,1,1,1,1,1,1,3,5,1,2
112210,1,2,2,2,5,1,3,3,3,3,3,3,1,1,1
112221,,,,,,,,,,,,,,,
112224,,,,,,,,,,,,,,,
112241,1,1,1,1,1,1,3,3,3,3,3,2,2,3,1
112245,,,,,,,,,,,,,,,
112255,1,2,1,1,1,2,1,1,1,1,1,2,2,3,1
112261,,,,,,,,,,,,,,,
112281,1,1,1,1,1,2,2,2,2,2,2,10,3,4,4
112291,1,1,2,3,2,3,3,3,3,3,3,1,1,1,1
112305,,,,,,,,,,,,,,,
112308,1,1,1,1,1,2,1,1,1,1,1,4,4,2,1
112319,1,2,1,2,2,1,2,2,2,2,2,5,1,2,4
112320,1,2,1,2,3,1,1,1,1,1,1,5,1,2,5
112328,1,1,1,2,2,3,3,3,3,3,3,2,9,7,8
112341,1,1,1,2,1,4,1,1,1,1,1,4,1,1,1
112354,1,2,3,1,1,4,3,3,3,3,3,11,3,7,8
112365,1,1,1,2,3,3,3,3,3,3,3,4,1,2,4
112373,1,2,2,2,2,2,4,4,4,4,4,1,1,1,1
112376,1,1,2,1,3,2,2,2,2,2,2,3,1,1,1
112384,1,2,1,2,2,1,1,1,1,1,1,2,1,1,1
112391,1,2,1,1,1,3,5,5,5,5,5,10,8,13,2
112396,1,2,1,2,3,2,3,3,3,3,3,3,4,1,4
112407,1,2,2,1,4,4,5,5,5,5,5,6,7,5,12
112414,1,2,3,2,3,2,1,1,1,1,1,5,4,2,1
112416,1,1,2,2,3,1,2,2,2,2,2,4,1,1,1
112436,1,1,1,1,2,1,2,2,2,2,2,9,1,1,1
112441,1,1,1,1,4,1,2,2,2,2,2,1,4,2,1
112447,1,1,1,1,1,1,2,2,2,2,2,5,4,2,1
112455,,,,,,,,,,,,,,,
112456,,,,,,,,,,,,,,,
112473,,,,,,,,,,,,,,,
112477,1,1,3,1,3,3,1,1,1,1,1,2,1,1,2
112482,,,,,,,,,,,,,,,
112496,1,2,1,1,4,2,1,1,1,1,1,4,1,1,1
112518,1,1,1,1,1,3,3,3,3,3,3,3,2,6,2
112523,1,1,3,2,2,3,4,4,4,4,4,4,1,1,1
112525,1,1,2,2,1,5,3,3,3,3,3,6,1,1,1
112526,1,1,1,1,4,1,1,1,1,1,1,5,2,1,3
112532,1,2,2,1,1,1,3,3,3,3,3,8,1,1,1
112536,1,1,1,2,1,2,2,2,2,2,2,1,3,1,1
112561,1,1,1,1,4,2,4,4,4,4,4,1,1,4,2
112562,1,1,3,2,1,4,4,4,4,4,4,4,1,1,2
112571,1,1,1,1,1,1,6,6,6,6,6,6,2,1,3
112574,1,2,2,2,2,1,1,1,1,1,1,4,1,1,2
112577,1,1,1,1,2,5,3,3,3,3,3,11,2,3,8
112583,1,2,1,1,4,3,1,1,1,1,1,5,1,4,7
112607,1,1,1,2,1,5,5,5,5,5,5,3,3,4,2
112616,1,1,1,1,2,2,2,2,2,2,2,1,3,1,1
112621,1,1,1,2,3,3,2,2,2,2,2,4,1,1,2
112629,1,1,2,2,2,1,6,6,6,6,6,1,1,1,1
112635,1,1,2,1,1,5,3,3,3,3,3,8,1,1,1
112644,1,1,1,2,3,1,1,1,1,1,1,2,4,2,6
112657,1,1,1,1,2,2,2,2,2,2,2,2,1,1,1
112658,1,1,1,1,1,4,4,4,4,4,4,1,2,3,1
112663,1,1,3,2,1,1,3,3,3,3,3,5,1,4,4
112664,1,2,2,2,1,1,1,1,1,1,1,4,7,3,11
112668,,,,,,,,,,,,,,,
112669,1,2,1,1,1,1,3,3,3,3,3,5,2,1,3
112697,1,2,1,1,2,1,2,2,2,2,2,3,1,1,2
112706,1,2,1,2,1,5,6,6,6,6,6,4,1,1,1
112725,1,1,1,2,3,1,3,3,3,3,3,1,5,3,5
112735,1,1,1,2,3,3,1,1,1,1,1,6,1,1,2
112777,1,1,1,1,1,1,1,1,1,1,1,4,1,1,6
112781,1,1,1,1,1,3,6,6,6,6,6,4,1,1,2
112783,1,1,1,2,3,2,4,4,4,4,4,3,1,1,1
112795,1,2,3,2,1,3,2,2,2,2,2,6,3,1,1
112807,,,,,,,,,,,,,,,
112819,,,,,,,,,,,,,,,
112826,,,,,,,,,,,,,,,
112828,1,2,1,2,2,3,1,1,1,1,1,4,1,1,1
112831,1,2,3,1,1,3,3,3,3,3,3,2,2,1,2
112832,1,1,3,2,1,5,2,2,2,2,2,2,5,5,4
112840,1,1,1,1,1,1,3,3,3,3,3,4,1,1,1
112844,1,2,2,1,4,1,1,1,1,1,1,3,2,1,1
112849,1,2,2,1,1,2,2,2,2,2,2,3,6,4,2
112851,1,2,1,2,3,1,5,5,5,5,5,1,1,1,1
112859,1,2,1,1,2,1,1,1,1,1,1,3,8,3,3
112861,1,2,3,1,1,1,2,2,2,2,2,1,1,1,1
112864,1,1,1,2,3,1,1,1,1,1,1,6,2,1,3
112867,1,2,2,1,2,3,1,1,1,1,1,3,1,1,1
112868,1,2,1,1,2,1,1,1,1,1,1,2,1,1,1
112896,1,1,1,1,1,2,1,1,1,1,1,5,12,6,3
112899,1,1,1,1,2,1,3,3,3,3,3,4,1,2,4
112901,1,1,3,2,3,3,2,2,2,2,2,6,5,1,2
112904,1,2,3,2,1,4,4,4,4,4,4,1,3,1,1
112905,1,2,3,2,2,1,2,2,2,2,2,1,1,1,2
112911,1,1,2,2,2,2,2,2,2,2,2,1,1,1,1
112931,1,1,1,2,2,1,5,5,5,5,5,4,1,1,2
112944,1,1,1,1,1,1,1,1,1,1,1,2,4,2,1
112946,1,1,1,2,1,3,1,1,1,1,1,4,2,2,3
112960,1,1,2,2,1,2,2,2,2,2,2,5,4,6,6
112973,1,1,2,1,2,1,1,1,1,1,1,2,1,1,2
112980,1,1,1,1,3,1,4,4,4,4,4,3,1,4,2
112982,1,1,1,2,4,1,1,1,1,1,1,9,4,2,3
112992,,,,,,,,,,,,,,,
112995,1,1,2,1,1,2,1,1,1,1,1,6,1,4,4
113002,1,1,3,3,1,5,2,2,2,2,2,1,3,4,5
113013,1,1,2,2,1,3,1,1,1,1,1,3,2,2,3
113027,1,1,2,1,1,2,1,1,1,1,1,1,4,4,7
113031,1,2,2,2,1,1,2,2,2,2,2,5,4,6,3
113034,1,1,1,1,2,1,3,3,3,3,3,6,1,4,4
113036,1,2,2,1,2,4,2,2,2,2,2,2,1,1,1
113052,1,1,1,1,1,1,1,1,1,1,1,6,2,1,3
113057,1,2,2,1,3,1,1,1,1,1,1,2,4,2,1
113069,1,1,1,1,1,4,5,5,5,5,5,4,1,1,1
113081,1,2,2,1,2,3,3,3,3,3,3,1,1,1,1
113096,1,1,1,1,1,5,3,3,3,3,3,4,1,1,1
113113,1,2,3,2,4,2,2,2,2,2,2,4,5,5,2
113118,,,,,,,,,,,,,,,
113122,,,,,,,,,,,,,,,
113141,1,2,1,2,4,1,1,1,1,1,1,3,4,2,3
113145,1,2,1,1,2,2,1,1,1,1,1,5,12,9,3
113158,1,1,1,2,2,4,3,3,3,3,3,11,10,7,8
113174,1,1,3,2,1,1,1,1,1,1,1,1,1,1,2
113186,1,2,1,1,1,3,2,2,2,2,2,5,2,5,1
113201,,,,,,,,,,,,,,,
113208,1,1,1,1,2,5,7,7,7,7,7,1,1,1,1
113212,,,,,,,,,,,,,,,
113216,1,1,2,2,1,1,1,1,1,1,1,1,5,5,3
113238,1,1,1,1,4,3,2,2,2,2,2,10,1,2,4
113246,1,2,1,1,2,2,1,1,1,1,1,2,4,6,10
113254,,,,,,,,,,,,,,,
113259,1,1,2,1,1,1,5,5,5,5,5,1,8,10,4
113266,1,1,1,1,2,1,1,1,1,1,1,1,1,1,1
113267,1,1,1,2,2,1,6,6,6,6,6,3,1,1,1
113282,1,1,1,2,2,1,3,3,3,3,3,1,1,1,1
113286,1,2,1,3,4,1,1,1,1,1,1,3,1,1,1
113294,1,1,1,2,2,2,1,1,1,1,1,1,4,2,3
113295,1,1,1,1,1,3,2,2,2,2,2,6,3,1,1
113302,1,2,1,1,4,1,2,2,2,2,2,1,1,1,1
113307,1,1,1,1,2,3,1,1,1,1,1,5,8,6,3
113314,1,1,1,2,2,5,3,3,3,3,3,2,5,3,5
113321,1,2,1,1,2,3,4,4,4,4,4,3,2,2,1
113326,1,2,1,2,2,1,2,2,2,2,2,6,1,1,1
113334,1,1,2,1,2,4,1,1,1,1,1,2,2,3,3
113351,1,1,1,2,1,6,3,3,3,3,3,11,10,7,8
113363,1,1,3,1,2,1,4,4,4,4,4,10,6,4,2
113378,1,1,1,1,1,4,4,4,4,4,4,1,1,4,2
113386,1,1,1,2,1,1,1,1,1,1,1,1,4,1,6
113387,1,2,1,1,1,1,1,1,1,1,1,1,1,2,1
113391,1,2,1,1,1,1,3,3,3,3,3,1,1,1,1
113398,1,1,1,1,2,6,3,3,3,3,3,3,10,7,8
113403,1,2,1,2,1,1,4,4,4,4,4,3,1,1,1
113412,1,2,2,1,4,2,4,4,4,4,4,1,4,13,7
113419,1,2,2,2,3,1,2,2,2,2,2,1,2,2,1
113427,1,2,1,2,1,2,3,3,3,3,3,6,6,1,2
113430,1,1,1,2,2,2,2,2,2,2,2,5,1,1,1
113435,1,1,3,1,2,2,6,6,6,6,6,2,1,1,1
113438,1,1,1,1,2,5,2,2,2,2,2,7,1,1,2
113472,1,1,2,2,1,1,1,1,1,1,1,5,1,1,1
113475,1,2,2,1,1,2,5,5,5,5,5,1,1,4,4
113479,1,2,1,3,4,2,1,1,1,1,1,2,2,3,3
113484,1,2,1,1,1,1,1,1,1,1,1,3,1,1,1
113489,1,2,1,1,2,5,1,1,1,1,1,4,7,3,5
113493,1,1,1,2,1,1,2,2,2,2,2,2,9,1,1
113499,1,1,1,1,4,1,5,5,5,5,5,6,5,5,4
113501,1,1,1,1,2,5,1,1,1,1,1,1,1,1,1
113505,1,2,1,2,1,1,1,1,1,1,1,6,1,1,1
113507,1,2,1,1,2,5,4,4,4,4,4,10,3,1,1
113519,1,1,1,1,2,6,1,1,1,1,1,6,1,1,1
113552,1,1,2,1,2,4,2,2,2,2,2,2,2,3,4
113563,1,2,1,1,1,6,3,3,3,3,3,6,1,1,2
113570,1,2,3,1,1,3,2,2,2,2,2,1,3,1,1
113579,,,,,,,,,,,,,,,
113581,1,2,1,1,2,1,2,2,2,2,2,12,4,2,1
113583,1,1,3,1,3,6,2,2,2,2,2,5,2,2,3
113593,1,1,1,2,4,1,3,3,3,3,3,2,4,2,3
113595,,,,,,,,,,,,,,,
113596,1,1,3,4,3,3,1,1,1,1,1,1,1,1,1
113598,1,1,1,2,2,1,3,3,3,3,3,1,1,1,1
113612,1,2,2,2,2,1,1,1,1,1,1,2,4,2,1
113619,1,1,2,1,1,2,3,3,3,3,3,10,1,2,4
113635,1,1,1,1,1,6,3,3,3,3,3,6,1,1,1
113636,1,2,1,1,4,2,4,4,4,4,4,2,1,1,1
113638,1,1,1,2,2,4,1,1,1,1,1,2,4,2,1
113641,1,1,2,1,1,1,2,2,2,2,2,3,1,1,1
113643,,,,,,,,,,,,,,,
113659,,,,,,,,,,,,,,,
113661,1,2,1,1,3,2,2,2,2,2,2,1,1,2,1
113673,1,1,3,1,1,5,2,2,2,2,2,3,1,1,1
113704,1,1,2,2,2,3,1,1,1,1,1,2,2,3,3
113705,1,1,1,1,3,1,3,3,3,3,3,1,1,1,1
113709,1,1,2,1,2,3,1,1,1,1,1,6,2,3,3
113718,1,1,2,2,3,4,1,1,1,1,1,5,2,3,3
113728,1,1,1,1,1,1,1,1,1,1,1,2,1,1,1
113732,1,2,2,1,1,1,2,2,2,2,2,7,1,1,1
113738,1,2,3,2,2,2,2,2,2,2,2,8,7,5,11
113747,1,1,1,1,1,3,2,2,2,2,2,4,1,1,2
113766,1,1,1,1,1,3,4,4,4,4,4,4,1,1,2
113780,1,2,1,2,2,2,3,3,3,3,3,5,1,2,1
113789,1,1,2,1,2,3,3,3,3,3,3,2,1,1,1
113792,1,1,1,1,2,1,2,2,2,2,2,5,1,1,1
113804,1,2,3,3,2,2,2,2,2,2,2,7,3,4,5
113805,1,1,2,1,1,2,5,5,5,5,5,2,4,2,1
113808,1,1,1,2,1,1,3,3,3,3,3,3,1,1,1
113811,1,2,2,1,1,1,2,2,2,2,2,2,1,1,1
113824,1,1,1,1,4,5,3,3,3,3,3,1,2,1,1
113825,1,1,1,2,1,3,3,3,3,3,3,4,1,3,9
113828,1,2,1,1,2,5,3,3,3,3,3,4,1,1,1
113837,1,1,1,1,2,2,5,5,5,5,5,10,11,5,12
113840,1,1,2,1,1,1,1,1,1,1,1,3,1,1,1
113841,1,1,2,2,1,2,1,1,1,1,1,3,1,1,1
113879,1,1,1,2,1,5,4,4,4,4,4,10,6,8,7
113881,1,1,1,1,1,5,2,2,2,2,2,3,1,1,1
113882,1,1,2,1,3,1,2,2,2,2,2,3,1,1,1
113904,1,1,1,2,2,2,3,3,3,3,3,7,1,1,1
113906,1,2,1,2,1,3,4,4,4,4,4,4,1,1,1
113911,1,1,2,1,3,1,3,3,3,3,3,1,1,1,1
113912,1,2,2,2,2,1,6,6,6,6,6,2,1,1,1
113918,1,1,1,2,2,3,6,6,6,6,6,3,1,4,2
113920,1,1,1,1,3,5,2,2,2,2,2,4,1,2,1
113927,1,2,1,2,1,3,2,2,2,2,2,1,1,1,2
113930,1,2,1,3,1,2,4,4,4,4,4,8,3,4,9
113945,1,1,3,2,1,1,6,6,6,6,6,5,3,7,2
113946,1,2,1,1,3,1,1,1,1,1,1,2,1,1,1
113951,1,1,1,2,3,2,2,2,2,2,2,4,5,5,2
113953,1,2,2,2,4,3,4,4,4,4,4,2,4,3,3
113954,1,1,1,2,3,1,1,1,1,1,1,1,2,1,3
113960,1,1,2,1,1,2,4,4,4,4,4,4,5,5,2
113962,1,1,2,1,2,1,6,6,6,6,6,1,1,1,1
113968,1,2,1,1,2,3,4,4,4,4,4,1,6,8,9
113973,1,1,2,1,4,1,1,1,1,1,1,2,2,2,1
114008,1,1,2,2,3,5,1,1,1,1,1,1,1,1,1
114009,1,2,1,1,2,2,4,4,4,4,4,1,3,4,9
114013,1,1,3,1,1,1,3,3,3,3,3,6,1,8,4
114036,1,2,1,1,3,4,2,2,2,2,2,3,1,2,1
114038,1,2,1,1,1,1,2,2,2,2,2,2,1,1,1
114054,1,1,1,1,2,3,3,3,3,3,3,2,1,1,1
114061,1,1,1,1,1,3,4,4,4,4,4,3,1,4,1
114068,1,2,1,2,2,1,2,2,2,2,2,9,1,1,1
114074,1,1,1,1,1,1,2,2,2,2,2,4,11,1,1
114096,1,1,1,1,2,2,6,6,6,6,6,3,1,1,1
114097,1,1,2,1,4,4,2,2,2,2,2,4,1,4,2
114112,1,1,1,1,2,1,6,6,6,6,6,6,1,1,1
114113,1,2,1,1,2,2,2,2,2,2,2,1,3,1,1
114134,1,1,2,4,4,1,1,1,1,1,1,9,4,9,10
114139,1,1,1,2,2,1,1,1,1,1,1,2,1,1,1
114148,1,1,1,1,1,2,3,3,3,3,3,4,1,2,4
114151,1,2,1,1,1,2,1,1,1,1,1,2,2,2,1
114152,1,2,2,2,2,5,2,2,2,2,2,3,1,2,1
114186,,,,,,,,,,,,,,,
114187,1,1,1,1,2,2,2,2,2,2,2,5,4,6,3
114188,1,1,1,2,2,2,2,2,2,2,2,2,7,5,11
114194,,,,,,,,,,,,,,,
114208,1,1,1,2,1,2,4,4,4,4,4,10,1,1,1
114233,1,1,1,1,1,1,1,1,1,1,1,3,1,1,1
114235,1,2,2,1,2,1,1,1,1,1,1,1,1,4,4
114253,,,,,,,,,,,,,,,
114255,1,2,1,2,1,2,2,2,2,2,2,1,3,4,5
114258,1,1,1,1,1,2,2,2,2,2,2,7,3,1,4
114263,1,2,1,2,2,4,2,2,2,2,2,7,6,4,2
114269,1,2,1,2,2,3,6,6,6,6,6,4,1,1,1
114284,1,2,1,2,1,1,6,6,6,6,6,5,3,2,3
114290,1,2,1,1,1,1,7,7,7,7,7,4,1,1,1
114319,1,2,2,2,1,2,4,4,4,4,4,8,5,1,2
114321,,,,,,,,,,,,,,,
114332,,,,,,,,,,,,,,,
114333,1,2,1,2,1,1,1,1,1,1,1,4,2,2,3
114334,1,1,1,1,1,1,4,4,4,4,4,1,3,4,2
114350,1,1,1,1,3,3,4,4,4,4,4,5,3,1,1
114352,1,1,1,2,2,1,3,3,3,3,3,1,2,3,1
114355,1,2,1,1,1,2,1,1,1,1,1,4,1,1,1
114358,1,1,3,2,3,3,4,4,4,4,4,7,6,4,2
114361,1,2,1,2,2,2,7,7,7,7,7,1,3,10,7
114367,1,2,1,2,3,1,3,3,3,3,3,5,2,1,2
114380,,,,,,,,,,,,,,,
114385,1,2,2,2,3,6,2,2,2,2,2,11,1,2,4
114408,1,2,2,1,1,3,3,3,3,3,3,1,7,5,1
114418,1,1,2,1,3,1,2,2,2,2,2,6,3,1,4
114424,1,1,1,2,1,2,4,4,4,4,4,6,3,1,1
114431,1,2,3,2,1,2,1,1,1,1,1,3,2,5,1
114437,1,1,1,1,1,4,2,2,2,2,2,10,1,1,2
114449,,,,,,,,,,,,,,,
114478,1,2,2,2,1,3,1,1,1,1,1,3,2,3,3
114480,1,1,1,2,2,3,3,3,3,3,3,2,9,7,8
114490,1,1,1,2,4,1,2,2,2,2,2,6,5,5,4
114494,1,1,3,1,4,1,3,3,3,3,3,2,5,3,3
114495,1,2,1,2,1,4,1,1,1,1,1,3,1,2,1
114504,1,1,1,2,1,1,2,2,2,2,2,3,1,1,1
114509,1,1,1,2,2,1,2,2,2,2,2,4,1,1,2
114511,1,1,1,2,1,1,1,1,1,1,1,2,4,2,1
114520,,,,,,,,,,,,,,,
114522,1,1,2,1,1,2,1,1,1,1,1,5,8,2,1
114526,1,2,1,1,1,1,1,1,1,1,1,2,2,3,3
114527,1,1,1,1,2,1,1,1,1,1,1,5,4,2,1
114541,1,1,1,2,2,2,3,3,3,3,3,1,10,7,9
114553,1,1,1,2,1,1,2,2,2,2,2,5,4,2,1
114560,1,2,2,1,2,3,3,3,3,3,3,1,1,2,4
114588,1,1,1,2,2,2,4,4,4,4,4,1,1,1,2
114591,1,2,2,2,1,3,2,2,2,2,2,3,1,4,2
114592,1,2,1,1,2,3,1,1,1,1,1,3,2,3,3
114632,1,1,3,1,2,1,3,3,3,3,3,2,1,1,1
114641,1,1,1,1,1,5,1,1,1,1,1,1,2,1,1
114649,1,2,1,2,2,5,1,1,1,1,1,9,2,1,1
114658,1,1,1,2,2,2,1,1,1,1,1,2,1,1,1
114673,1,1,1,1,2,1,2,2,2,2,2,3,1,1,1
114675,1,2,1,2,4,3,2,2,2,2,2,1,1,1,2
114676,1,2,2,1,3,4,1,1,1,1,1,2,1,2,1
114681,1,1,1,1,4,1,1,1,1,1,1,12,2,3,3
114691,1,1,1,2,2,1,2,2,2,2,2,1,1,1,2
114696,,,,,,,,,,,,,,,
114698,1,2,3,2,2,1,1,1,1,1,1,5,5,2,1
114712,,,,,,,,,,,,,,,
114722,1,2,1,2,1,1,5,5,5,5,5,1,1,1,1
114725,1,2,3,1,4,2,2,2,2,2,2,9,1,2,1
114734,1,1,1,1,3,5,4,4,4,4,4,4,3,1,2
114766,1,2,2,2,1,6,3,3,3,3,3,5,1,1,1
114772,1,1,3,3,1,6,2,2,2,2,2,6,3,1,1
114777,1,1,1,1,1,2,1,1,1,1,1,5,2,1,3
114787,1,2,1,1,3,5,1,1,1,1,1,6,1,1,1
114815,1,1,1,2,2,1,6,6,6,6,6,1,3,1,1
114821,1,1,2,2,1,4,6,6,6,6,6,7,1,1,2
114833,1,1,2,2,3,1,1,1,1,1,1,3,1,2,1
114837,1,1,1,1,1,1,3,3,3,3,3,3,1,1,1
114840,1,2,1,1,2,3,1,1,1,1,1,3,1,1,1
114848,1,1,3,1,3,5,2,2,2,2,2,10,3,1,4
114850,1,2,1,2,1,1,1,1,1,1,1,2,1,1,1
114857,1,1,1,1,1,2,3,3,3,3,3,3,1,1,1
114861,1,1,2,1,1,2,1,1,1,1,1,5,2,1,3
114869,1,1,1,4,2,1,3,3,3,3,3,8,2,3,1
114874,1,1,2,1,1,1,1,1,1,1,1,7,4,9,2
114885,1,1,3,2,1,1,3,3,3,3,3,3,2,3,4
114888,1,1,2,2,1,1,3,3,3,3,3,4,1,1,1
114904,,,,,,,,,,,,,,,
114936,1,1,3,1,2,1,1,1,1,1,1,1,11,2,1
114944,1,1,2,1,2,1,1,1,1,1,1,2,1,1,1
114975,1,1,1,2,2,1,2,2,2,2,2,4,2,1,1
114985,1,1,3,2,2,1,3,3,3,3,3,1,1,9,13
114987,1,2,1,2,1,2,4,4,4,4,4,7,1,1,2
114994,1,1,1,1,3,3,2,2,2,2,2,4,1,1,1
114995,,,,,,,,,,,,,,,
114998,1,1,2,1,2,4,2,2,2,2,2,6,2,3,2
115032,,,,,,,,,,,,,,,
115034,1,2,3,2,5,1,4,4,4,4,4,1,5,1,4
115038,1,2,1,2,1,1,1,1,1,1,1,7,8,1,6
115042,1,1,1,2,1,2,3,3,3,3,3,1,9,1,1
115052,1,1,1,1,2,3,3,3,3,3,3,4,2,6,6
115082,1,2,1,2,1,1,1,1,1,1,1,2,5,2,1
115090,1,1,3,2,2,1,3,3,3,3,3,1,2,2,11
115091,1,2,1,1,1,1,1,1,1,1,1,3,2,1,1
115094,1,1,3,1,2,2,2,2,2,2,2,6,1,1,1
115096,1,1,3,1,2,2,1,1,1,1,1,2,1,1,1
115098,1,2,1,1,2,2,1,1,1,1,1,1,5,3,1
115105,1,1,1,1,2,3,3,3,3,3,3,1,5,4,7
115108,,,,,,,,,,,,,,,
115119,1,2,1,1,1,4,3,3,3,3,3,1,2,1,1
115128,1,2,1,1,1,2,2,2,2,2,2,1,1,4,2
115145,1,1,1,2,1,1,4,4,4,4,4,4,1,1,2
115146,1,2,1,2,1,6,3,3,3,3,3,3,10,7,8
115152,1,1,1,1,2,3,4,4,4,4,4,7,1,4,2
115157,1,1,1,2,3,1,1,1,1,1,1,2,4,2,1
115158,1,2,1,3,2,6,3,3,3,3,3,6,1,1,1
115164,1,1,1,2,1,2,5,5,5,5,5,7,1,1,1
115168,1,2,1,3,1,1,1,1,1,1,1,4,4,6,10
115172,1,2,1,2,1,2,5,5,5,5,5,6,5,1,2
115181,1,1,3,1,1,2,2,2,2,2,2,4,1,1,1
115182,1,1,3,1,3,2,2,2,2,2,2,1,1,1,1
115196,1,2,2,3,3,4,5,5,5,5,5,3,1,1,1
115198,1,1,1,1,2,4,1,1,1,1,1,4,3,6,10
115208,1,1,1,2,1,2,1,1,1,1,1,3,2,1,1
115210,1,1,2,1,2,3,3,3,3,3,3,1,1,6,1
115219,1,2,2,2,2,3,1,1,1,1,1,2,1,1,1
115220,1,1,2,2,1,2,4,4,4,4,4,4,5,5,2
115238,1,1,2,1,1,2,3,3,3,3,3,6,1,1,2
115248,1,1,1,2,3,4,2,2,2,2,2,4,1,1,2
115249,1,2,2,1,1,1,1,1,1,1,1,4,2,1,3
115263,1,1,1,1,2,2,1,1,1,1,1,3,8,3,3
115266,1,1,1,1,1,2,2,2,2,2,2,4,5,1,2
115279,1,2,2,1,1,1,2,2,2,2,2,3,2,5,1
115281,1,2,2,2,1,2,2,2,2,2,2,10,1,1,4
115282,1,1,1,2,2,4,1,1,1,1,1,2,2,1,3
115293,1,1,2,2,1,1,1,1,1,1,1,7,1,1,2
115312,1,2,2,1,1,2,1,1,1,1,1,1,1,1,1
115313,1,1,1,2,2,2,1,1,1,1,1,7,1,1,1
115324,,,,,,,,,,,,,,,
115325,1,1,1,2,1,2,1,1,1,1,1,2,1,1,1
115331,1,2,2,1,1,1,1,1,1,1,1,7,1,2,4
115338,1,2,1,2,1,2,3,3,3,3,3,5,1,1,1
115340,1,2,2,2,2,3,5,5,5,5,5,4,1,1,1
115342,1,1,2,2,2,4,7,7,7,7,7,4,1,1,2
115348,1,1,1,2,1,4,1,1,1,1,1,3,1,2,1
115352,1,2,1,4,3,1,2,2,2,2,2,2,1,1,1
115353,1,2,2,1,2,4,1,1,1,1,1,1,1,1,1
115371,1,2,2,3,1,4,4,4,4,4,4,4,2,2,1
115376,1,1,1,1,2,3,2,2,2,2,2,1,1,1,4
115381,1,1,1,2,1,1,3,3,3,3,3,1,1,1,1
115402,1,2,2,2,1,3,3,3,3,3,3,1,3,2,4
115407,1,1,1,2,1,3,2,2,2,2,2,3,1,1,1
115428,1,1,1,1,1,1,1,1,1,1,1,1,1,2,4
115432,1,2,2,1,1,1,1,1,1,1,1,1,1,1,1
115435,1,1,1,2,3,2,4,4,4,4,4,4,5,5,2
115436,1,2,2,1,1,3,2,2,2,2,2,2,1,1,1
115444,1,1,1,1,1,1,3,3,3,3,3,6,1,1,2
115445,,,,,,,,,,,,,,,
115447,1,1,3,1,2,3,6,6,6,6,6,4,5,1,2
115448,1,2,1,1,1,3,4,4,4,4,4,1,1,1,1
115452,,,,,,,,,,,,,,,
115457,1,1,1,4,3,1,2,2,2,2,2,3,1,1,1
115458,1,2,1,2,1,2,3,3,3,3,3,3,1,1,3
115459,1,2,1,2,1,3,3,3,3,3,3,3,1,3,5
115469,1,1,1,1,4,4,1,1,1,1,1,5,2,2,3
115474,1,2,3,2,1,3,4,4,4,4,4,2,1,4,4
115475,1,1,2,1,2,3,1,1,1,1,1,8,1,1,1
115496,1,2,1,1,1,2,4,4,4,4,4,6,6,4,7
115520,1,2,1,1,2,4,4,4,4,4,4,7,3,4,7
115523,1,1,1,1,2,1,2,2,2,2,2,2,1,1,1
115524,1,1,1,2,4,1,3,3,3,3,3,3,6,2,3
115531,1,2,1,1,2,1,2,2,2,2,2,6,5,1,4
115534,1,1,1,1,1,1,3,3,3,3,3,6,1,1,1
115550,1,2,1,2,1,2,2,2,2,2,2,2,2,2,1
115575,1,1,2,2,2,1,3,3,3,3,3,2,2,1,3
115587,1,2,1,2,2,5,6,6,6,6,6,1,1,1,2
115591,1,1,3,2,2,2,3,3,3,3,3,5,1,2,1
115592,1,1,1,1,1,2,1,1,1,1,1,3,1,2,1
115609,1,2,1,2,1,5,2,2,2,2,2,5,3,1,4
115613,1,2,1,1,1,1,2,2,2,2,2,4,4,2,1
115632,,,,,,,,,,,,,,,
115654,1,1,2,2,3,1,7,7,7,7,7,4,4,6,10
115663,1,1,1,2,1,1,1,1,1,1,1,9,1,1,4
115679,,,,,,,,,,,,,,,
115683,1,2,1,1,1,5,6,6,6,6,6,1,1,2,1
115684,1,2,1,2,3,1,1,1,1,1,1,1,5,3,2
115695,1,2,1,2,1,4,3,3,3,3,3,6,9,2,4
115710,,,,,,,,,,,,,,,
115718,1,2,2,2,2,4,1,1,1,1,1,4,1,2,1
115721,1,1,2,1,1,2,1,1,1,1,1,2,2,3,3
115722,1,1,2,2,2,3,1,1,1,1,1,6,1,1,1
115726,1,1,1,3,1,1,6,6,6,6,6,1,1,2,1
115735,1,2,1,1,4,6,3,3,3,3,3,1,1,2,2
115752,1,1,2,2,4,2,3,3,3,3,3,6,1,2,4
115764,1,2,1,1,2,1,1,1,1,1,1,2,2,1,1
115775,1,2,2,1,3,3,4,4,4,4,4,4,1,1,1
115785,,,,,,,,,,,,,,,
115786,,,,,,,,,,,,,,,
115797,1,1,2,1,2,1,1,1,1,1,1,2,4,9,6
115803,1,1,1,2,1,2,2,2,2,2,2,1,6,4,2
115808,1,1,1,2,1,2,1,1,1,1,1,2,1,2,1
115827,1,1,1,2,2,5,1,1,1,1,1,3,2,5,1
115829,1,1,2,1,2,1,3,3,3,3,3,5,10,8,6
115832,1,2,2,2,1,4,5,5,5,5,5,5,4,2,1
115836,1,1,1,1,1,3,6,6,6,6,6,3,1,1,2
115843,1,2,1,1,3,2,1,1,1,1,1,5,4,6,3
115846,1,2,1,1,1,1,3,3,3,3,3,2,1,1,1
115855,1,2,3,2,4,3,3,3,3,3,3,2,1,6,8
115857,1,1,1,2,2,3,2,2,2,2,2,5,5,5,12
115872,1,1,1,2,3,1,3,3,3,3,3,1,1,1,1
115898,,,,,,,,,,,,,,,
115901,1,1,1,1,3,2,1,1,1,1,1,2,4,2,1
115908,1,1,2,2,3,2,1,1,1,1,1,1,1,1,1
115937,1,2,1,2,3,1,2,2,2,2,2,1,1,1,1
115945,1,1,1,2,2,1,2,2,2,2,2,2,1,1,1
115966,1,2,1,3,1,1,3,3,3,3,3,2,1,1,2
115976,1,1,2,2,1,2,2,2,2,2,2,1,7,10,9
115978,1,1,1,2,3,4,2,2,2,2,2,3,1,1,1
115981,1,1,2,1,1,1,2,2,2,2,2,6,6,4,7
115988,1,1,1,2,2,2,1,1,1,1,1,2,5,6,3
115994,1,1,1,2,1,3,2,2,2,2,2,5,6,1,1
115999,1,2,1,1,1,2,2,2,2,2,2,2,1,2,1
116016,1,2,2,1,2,4,1,1,1,1,1,6,6,4,4
116038,1,2,1,1,2,4,1,1,1,1,1,3,1,2,1
116048,1,1,2,1,1,1,3,3,3,3,3,1,1,1,1
116071,,,,,,,,,,,,,,,
116072,1,2,2,1,2,1,3,3,3,3,3,3,1,1,1
116075,1,1,1,1,1,1,3,3,3,3,3,6,1,1,1
116079,,,,,,,,,,,,,,,
116100,1,1,1,3,4,3,2,2,2,2,2,7,1,1,2
116104,1,1,1,2,3,2,1,1,1,1,1,4,5,3,1
116108,1,1,3,4,1,1,1,1,1,1,1,2,8,6,3
116118,1,1,1,2,4,4,1,1,1,1,1,4,3,2,3
116127,1,1,1,1,1,2,4,4,4,4,4,1,1,1,2
116128,,,,,,,,,,,,,,,
116130,1,1,3,1,2,4,1,1,1,1,1,1,1,1,2
116138,1,2,2,2,1,2,5,5,5,5,5,3,1,1,1
116142,1,1,1,2,1,1,2,2,2,2,2,3,1,5,1
116153,1,1,2,2,4,1,1,1,1,1,1,2,4,9,3
116154,1,1,1,2,2,1,1,1,1,1,1,2,1,1,1
116168,1,1,1,2,1,3,3,3,3,3,3,2,1,1,1
116184,1,1,1,1,1,2,7,7,7,7,7,7,1,1,2
116202,1,1,2,2,1,1,5,5,5,5,5,2,2,2,1
116204,1,2,1,1,1,2,1,1,1,1,1,3,1,1,1
116207,1,1,1,2,1,3,4,4,4,4,4,4,3,1,1
116208,,,,,,,,,,,,,,,
116216,1,1,1,4,1,3,6,6,6,6,6,4,2,1,2
116231,1,2,1,2,4,1,6,6,6,6,6,1,1,1,1
116236,1,1,1,1,4,2,5,5,5,5,5,4,5,5,2
116242,1,1,2,2,2,1,1,1,1,1,1,2,4,2,1
116260,1,1,3,1,1,4,2,2,2,2,2,3,1,1,1
116261,1,1,2,2,2,3,1,1,1,1,1,9,6,3,3
116263,1,2,2,1,3,1,1,1,1,1,1,5,4,4,4
116270,1,2,3,1,1,2,7,7,7,7,7,10,3,4,5
116278,1,1,1,2,3,2,4,4,4,4,4,3,1,1,2
116281,1,1,2,1,1,2,1,1,1,1,1,2,1,2,1
116293,1,2,3,1,1,4,1,1,1,1,1,5,2,1,3
116295,1,1,1,1,3,1,1,1,1,1,1,2,4,2,3
116299,1,1,2,2,3,5,2,2,2,2,2,2,1,1,1
116316,1,1,1,1,1,6,3,3,3,3,3,7,9,3,8
116318,1,1,1,1,3,1,1,1,1,1,1,2,2,3,3
116343,1,1,1,2,1,1,1,1,1,1,1,2,3,3,4
116347,1,2,1,2,1,2,1,1,1,1,1,4,12,6,3
116352,1,2,1,1,4,5,7,7,7,7,7,3,1,1,2
116358,1,2,1,1,2,1,1,1,1,1,1,3,1,2,1
116366,1,2,1,4,3,6,3,3,3,3,3,5,2,2,8
116369,1,2,1,2,2,1,1,1,1,1,1,8,2,1,1
116381,1,1,1,1,1,5,2,2,2,2,2,2,9,3,5
116394,,,,,,,,,,,,,,,
116398,1,2,3,2,1,3,1,1,1,1,1,2,2,3,3
116412,1,1,1,1,2,4,4,4,4,4,4,2,2,3,3
116427,1,1,2,2,1,1,2,2,2,2,2,2,1,1,1
116430,1,2,2,3,2,2,2,2,2,2,2,1,5,5,4
116431,1,1,2,1,1,1,1,1,1,1,1,1,1,1,1
116434,1,1,3,1,1,6,4,4,4,4,4,1,1,1,4
116438,1,2,2,1,3,6,1,1,1,1,1,6,1,1,2
116443,1,2,1,2,2,2,6,6,6,6,6,1,1,1,2
116454,1,1,3,3,1,2,3,3,3,3,3,2,1,1,1
116457,1,1,1,1,2,4,1,1,1,1,1,5,3,1,1
116459,1,2,3,1,1,2,4,4,4,4,4,5,5,5,2
116461,1,2,2,1,1,4,1,1,1,1,1,1,12,6,3
116465,1,2,1,2,2,2,3,3,3,3,3,4,11,6,2
116475,1,1,1,1,3,1,4,4,4,4,4,3,4,4,4
116483,1,2,1,1,1,1,2,2,2,2,2,5,12,6,3
116484,1,1,1,1,1,4,2,2,2,2,2,2,2,3,3
116486,1,1,1,2,1,4,2,2,2,2,2,5,3,1,1
116488,1,1,1,1,2,2,2,2,2,2,2,5,3,1,1
116498,1,2,1,1,1,3,1,1,1,1,1,8,2,3,1
116499,1,1,2,4,1,2,1,1,1,1,1,2,4,6,10
116501,1,1,1,1,2,5,2,2,2,2,2,3,1,1,1
116506,1,1,2,2,1,6,1,1,1,1,1,11,3,7,5
116509,,,,,,,,,,,,,,,
116533,,,,,,,,,,,,,,,
116535,1,2,3,2,1,1,7,7,7,7,7,5,4,2,1
116536,1,2,1,1,2,2,1,1,1,1,1,1,1,1,2
116537,1,1,3,1,4,1,1,1,1,1,1,7,7,5,4
116547,1,1,1,2,1,2,5,5,5,5,5,3,1,1,1
116558,1,1,1,2,2,2,2,2,2,2,2,4,1,1,1
116566,,,,,,,,,,,,,,,
116577,1,2,1,1,1,1,1,1,1,1,1,3,2,2,1
116589,1,2,1,1,2,4,5,5,5,5,5,10,7,5,11
116595,1,1,2,2,1,2,3,3,3,3,3,1,1,1,1
116602,1,1,3,1,2,1,2,2,2,2,2,2,1,2,1
116606,1,1,1,2,3,6,1,1,1,1,1,2,1,1,1
116611,1,1,1,1,1,1,3,3,3,3,3,2,1,1,1
116621,1,1,1,2,1,3,2,2,2,2,2,1,1,1,1
116632,1,1,1,2,1,4,2,2,2,2,2,2,2,3,1
116635,1,2,1,1,1,2,1,1,1,1,1,5,4,6,3
116636,1,2,1,2,1,1,1,1,1,1,1,4,4,2,10
116652,1,1,1,1,1,3,4,4,4,4,4,6,3,1,1
116668,1,1,1,2,1,5,7,7,7,7,7,7,3,10,7
116677,1,2,1,1,1,3,3,3,3,3,3,6,1,1,1
116710,1,2,1,1,4,6,2,2,2,2,2,4,2,2,2
116712,1,2,1,3,1,1,2,2,2,2,2,6,2,2,1
116715,1,2,1,2,1,4,5,5,5,5,5,3,1,2,1
116721,1,1,1,2,1,5,2,2,2,2,2,2,1,1,1
116730,1,1,1,2,3,2,6,6,6,6,6,3,1,1,1
116731,1,1,1,1,1,1,5,5,5,5,5,6,5,5,4
116753,1,2,3,1,1,1,2,2,2,2,2,2,2,3,3
116772,1,2,1,1,1,2,2,2,2,2,2,4,1,5,1
116788,1,2,1,3,2,3,6,6,6,6,6,4,1,1,2
116811,1,2,1,1,1,2,3,3,3,3,3,5,2,1,3
116817,1,1,2,3,1,1,2,2,2,2,2,2,4,6,6
116828,1,2,1,2,1,2,2,2,2,2,2,6,3,1,1
116841,1,1,2,1,1,2,2,2,2,2,2,4,1,5,1
116845,1,2,1,1,2,2,3,3,3,3,3,7,1,1,1
116855,1,1,1,1,3,1,1,1,1,1,1,1,2,2,1
116861,1,2,1,1,2,2,1,1,1,1,1,1,4,2,1
116869,1,1,1,1,2,2,2,2,2,2,2,5,1,1,4
116896,1,2,1,1,2,5,1,1,1,1,1,5,1,9,1
116904,1,1,1,1,4,2,3,3,3,3,3,11,10,7,4
116937,1,1,1,2,4,1,2,2,2,2,2,3,1,1,1
116959,1,1,2,1,2,1,1,1,1,1,1,1,1,2,1
116976,1,1,3,1,3,6,2,2,2,2,2,4,1,2,4
116977,1,2,2,2,4,2,7,7,7,7,7,7,1,1,1
116984,,,,,,,,,,,,,,,
116987,1,2,2,2,2,2,4,4,4,4,4,1,3,1,2
116992,,,,,,,,,,,,,,,
117000,1,1,2,1,1,2,2,2,2,2,2,6,3,1,1
117009,1,2,1,2,1,2,1,1,1,1,1,4,1,1,1
117022,,,,,,,,,,,,,,,
117029,1,1,1,1,1,5,2,2,2,2,2,2,1,1,1
117041,1,1,1,1,1,2,3,3,3,3,3,3,1,1,1
117045,1,1,2,1,1,2,2,2,2,2,2,7,1,1,2
117048,,,,,,,,,,,,,,,
117059,1,1,1,1,2,2,1,1,1,1,1,2,8,4,4
117067,1,1,3,2,3,1,1,1,1,1,1,11,1,3,4
117076,1,2,2,1,1,2,2,2,2,2,2,4,1,1,2
117081,1,1,1,2,4,1,3,3,3,3,3,1,2,1,1
117082,1,2,1,1,2,1,1,1,1,1,1,2,8,5,4
117086,1,1,1,2,2,3,2,2,2,2,2,1,1,1,1
117089,1,2,3,1,4,1,1,1,1,1,1,2,4,2,1
117109,1,2,3,2,2,2,2,2,2,2,2,11,10,7,11
117110,1,2,1,1,1,5,2,2,2,2,2,1,3,1,1
117120,1,2,1,1,1,1,1,1,1,1,1,3,8,3,1
117129,1,1,1,2,1,1,2,2,2,2,2,4,9,1,1
117130,1,2,2,1,1,1,2,2,2,2,2,2,1,1,1
117131,,,,,,,,,,,,,,,
117139,1,2,2,2,1,1,1,1,1,1,1,8,1,1,1
117141,1,1,2,1,2,1,2,2,2,2,2,1,1,1,1
117145,1,1,1,1,2,1,2,2,2,2,2,4,5,1,2
117150,1,2,1,2,4,5,1,1,1,1,1,2,4,2,1
117160,1,2,3,2,2,1,1,1,1,1,1,1,1,2,1
117162,1,1,2,2,1,4,3,3,3,3,3,4,2,6,2
117168,1,1,2,2,3,3,2,2,2,2,2,2,1,1,1
117174,1,1,2,1,1,1,2,2,2,2,2,1,1,1,1
117181,1,1,1,2,1,3,2,2,2,2,2,3,1,6,1
117184,1,1,1,2,1,1,2,2,2,2,2,2,1,1,1
117188,1,1,1,1,3,6,1,1,1,1,1,1,1,1,1
117189,1,2,1,1,2,1,2,2,2,2,2,2,1,2,1
117194,1,1,1,1,2,2,5,5,5,5,5,4,1,1,1
117206,1,1,2,1,1,2,3,3,3,3,3,3,1,1,1
117241,1,2,1,1,3,4,1,1,1,1,1,5,1,2,1
117246,1,1,2,1,1,5,1,1,1,1,1,1,1,1,1
117249,1,1,1,1,1,1,2,2,2,2,2,4,1,1,1
117255,1,1,2,1,4,2,3,3,3,3,3,1,1,1,1
117261,1,1,3,1,3,5,3,3,3,3,3,2,1,1,1
117278,,,,,,,,,,,,,,,
117282,1,1,2,1,3,1,2,2,2,2,2,4,1,1,2
117283,1,2,1,1,4,2,1,1,1,1,1,3,4,2,3
117285,1,1,3,1,1,1,1,1,1,1,1,1,2,1,3
117286,1,1,2,2,1,3,2,2,2,2,2,1,5,1,1
117289,1,2,1,1,1,4,7,7,7,7,7,7,3,4,5
117298,1,1,2,1,3,2,2,2,2,2,2,2,2,3,3
117327,1,2,2,2,2,1,3,3,3,3,3,3,1,1,1
117330,1,2,2,1,1,5,6,6,6,6,6,3,1,1,1
117333,1,2,1,1,2,2,2,2,2,2,2,2,2,2,2
117347,1,1,2,2,2,1,1,1,1,1,1,3,1,1,1
117349,1,1,1,2,4,5,7,7,7,7,7,10,3,1,1
117351,1,2,1,1,1,1,1,1,1,1,1,3,2,2,1
117354,1,1,2,1,2,1,1,1,1,1,1,8,2,3,1
117357,,,,,,,,,,,,,,,
117358,1,2,2,2,1,3,2,2,2,2,2,3,1,1,1
117365,1,1,2,1,1,1,2,2,2,2,2,2,1,1,1
117366,1,1,1,2,2,1,1,1,1,1,1,3,2,3,1
117369,1,1,1,2,1,3,2,2,2,2,2,4,2,3,2
117374,1,2,1,2,1,1,2,2,2,2,2,3,1,4,2
117379,,,,,,,,,,,,,,,
117381,1,1,1,2,2,1,3,3,3,3,3,1,1,1,1
117389,1,1,1,2,4,4,3,3,3,3,3,11,1,2,4
117397,1,1,2,2,4,2,3,3,3,3,3,3,10,2,8
117399,1,1,1,2,2,3,3,3,3,3,3,11,1,2,4
117400,,,,,,,,,,,,,,,
117409,1,2,1,1,1,1,2,2,2,2,2,2,1,1,1
117427,,,,,,,,,,,,,,,
117437,1,1,1,1,1,1,2,2,2,2,2,6,1,2,1
117449,1,2,2,1,2,1,3,3,3,3,3,3,6,2,1
117450,,,,,,,,,,,,,,,
117454,1,2,1,1,2,2,6,6,6,6,6,5,3,1,3
117459,1,2,1,4,3,1,1,1,1,1,1,3,2,3,3
117466,1,2,1,1,5,1,2,2,2,2,2,2,1,1,1
117472,1,1,1,1,1,1,3,3,3,3,3,5,1,1,3
117478,1,2,1,2,4,2,1,1,1,1,1,2,1,1,1
117485,1,2,1,2,3,5,1,1,1,1,1,8,1,4,1
117492,1,1,1,4,2,2,1,1,1,1,1,1,1,2,1
117515,1,2,1,2,2,1,3,3,3,3,3,1,2,1,1
117517,1,1,2,2,3,6,1,1,1,1,1,2,2,3,2
117520,1,2,2,1,2,1,6,6,6,6,6,5,2,2,3
117522,1,1,1,1,4,1,1,1,1,1,1,4,4,2,10
117530,1,1,1,1,1,1,1,1,1,1,1,4,1,1,1
117540,1,1,2,1,2,1,1,1,1,1,1,5,4,2,1
117545,1,2,1,1,3,1,1,1,1,1,1,1,1,1,1
117564,1,1,1,1,1,4,3,3,3,3,3,4,2,6,6
117588,1,1,1,2,3,2,1,1,1,1,1,2,4,2,1
117594,1,2,1,1,3,3,2,2,2,2,2,5,1,1,1
117606,,,,,,,,,,,,,,,
117617,1,1,1,2,1,2,3,3,3,3,3,10,1,2,4
117618,1,2,1,1,2,2,2,2,2,2,2,6,7,10,9
117627,1,1,1,1,3,1,3,3,3,3,3,2,1,1,1
117650,1,1,1,2,2,3,3,3,3,3,3,2,1,2,4
117654,1,1,2,4,1,5,3,3,3,3,3,3,1,1,5
117657,1,1,1,2,4,1,1,1,1,1,1,2,1,1,1
117658,1,2,2,1,1,5,4,4,4,4,4,3,1,1,2
117663,1,2,2,4,3,1,1,1,1,1,1,12,4,11,10
117673,,,,,,,,,,,,,,,
117681,1,2,1,1,4,3,1,1,1,1,1,3,1,1,1
117684,1,1,2,2,2,2,1,1,1,1,1,5,4,2,1
117687,,,,,,,,,,,,,,,
117689,1,2,1,1,2,3,1,1,1,1,1,5,2,1,3
117707,1,1,1,3,2,1,2,2,2,2,2,2,2,5,1
117722,1,1,1,1,2,3,2,2,2,2,2,1,1,1,1
117753,1,1,2,1,2,5,3,3,3,3,3,3,1,1,5
117769,1,1,2,1,4,1,6,6,6,6,6,3,1,1,1
117777,1,1,3,1,1,2,1,1,1,1,1,5,4,6,6
117778,1,2,2,2,1,1,3,3,3,3,3,4,1,2,1
117786,1,2,2,2,1,1,3,3,3,3,3,2,1,1,1
117801,1,1,3,2,1,1,1,1,1,1,1,1,1,2,1
117814,1,1,2,4,4,3,3,3,3,3,3,5,3,2,4
117819,1,2,3,1,1,1,2,2,2,2,2,1,1,1,1
117830,1,2,3,1,2,3,4,4,4,4,4,7,3,4,5
117837,,,,,,,,,,,,,,,
117844,1,1,3,1,2,3,3,3,3,3,3,11,1,2,4
117846,,,,,,,,,,,,,,,
117854,1,2,1,1,1,3,2,2,2,2,2,4,1,1,1
117875,1,1,1,2,1,2,2,2,2,2,2,5,7,5,1
117882,1,2,1,1,2,1,1,1,1,1,1,5,4,6,6
117894,,,,,,,,,,,,,,,
117897,1,2,3,1,2,3,4,4,4,4,4,3,1,1,2
117906,1,1,3,3,1,1,1,1,1,1,1,1,11,11,3
117917,,,,,,,,,,,,,,,
117919,1,1,1,1,2,3,2,2,2,2,2,2,5,1,2
117924,1,1,1,2,4,4,2,2,2,2,2,5,1,1,1
117955,1,1,1,4,2,3,4,4,4,4,4,1,1,1,1
117962,,,,,,,,,,,,,,,
117964,1,1,1,1,1,2,1,1,1,1,1,2,2,1,1
117965,1,1,1,1,1,1,3,3,3,3,3,1,1,1,2
117971,1,2,1,2,3,2,2,2,2,2,2,6,3,1,1
117980,1,1,1,1,1,1,1,1,1,1,1,9,1,1,1
117981,1,2,3,2,4,2,2,2,2,2,2,5,3,1,1
117987,1,2,1,2,3,1,1,1,1,1,1,5,4,6,3
117988,1,1,1,1,2,2,2,2,2,2,2,6,3,4,5
117992,1,2,1,2,3,1,1,1,1,1,1,4,13,6,10
118008,1,2,2,1,3,2,2,2,2,2,2,2,2,3,5
118028,1,2,1,2,1,1,3,3,3,3,3,1,1,1,1
118040,1,1,2,1,1,1,1,1,1,1,1,2,11,11,1
118041,,,,,,,,,,,,,,,
118061,1,2,1,1,2,1,2,2,2,2,2,4,4,6,10
118085,1,2,1,2,4,5,1,1,1,1,1,1,1,1,1
118091,1,2,2,2,3,3,1,1,1,1,1,4,12,6,3
118092,1,1,1,1,3,2,4,4,4,4,4,1,6,8,9
118099,1,1,1,1,2,3,1,1,1,1,1,3,2,3,3
118101,,,,,,,,,,,,,,,
118112,1,2,1,1,4,3,3,3,3,3,3,1,6,4,7
118114,1,1,3,1,2,1,1,1,1,1,1,3,2,3,3
118117,1,1,2,2,3,1,3,3,3,3,3,2,2,3,2
118127,1,1,1,1,3,2,4,4,4,4,4,4,5,1,2
118136,1,1,2,2,1,1,1,1,1,1,1,1,2,1,6
118142,1,1,1,2,2,1,2,2,2,2,2,3,2,3,3
118144,,,,,,,,,,,,,,,
118152,1,1,2,1,1,1,1,1,1,1,1,5,1,2,1
118156,1,1,3,2,2,3,3,3,3,3,3,1,10,8,5
118169,1,1,1,1,3,1,1,1,1,1,1,3,1,1,1
118177,1,2,2,2,1,5,2,2,2,2,2,1,1,1,1
118193,1,2,2,1,1,2,1,1,1,1,1,6,2,1,6
118195,1,2,1,2,3,4,2,2,2,2,2,7,3,1,4
118199,1,1,1,1,3,3,3,3,3,3,3,2,6,4,7
118204,1,1,1,2,4,3,1,1,1,1,1,3,3,4,7
118206,1,1,2,2,4,2,2,2,2,2,2,1,1,1,1
118211,1,2,1,1,2,3,2,2,2,2,2,1,1,1,1
118220,1,1,1,2,1,1,1,1,1,1,1,2,1,2,1
118223,,,,,,,,,,,,,,,
118238,1,2,1,2,1,2,7,7,7,7,7,2,4,2,1
118245,1,1,2,2,1,2,2,2,2,2,2,1,3,1,1
118247,1,1,2,1,2,2,3,3,3,3,3,6,9,1,2
118248,1,1,2,1,1,5,4,4,4,4,4,1,3,1,1
118250,1,2,1,1,1,1,5,5,5,5,5,3,1,1,4
118264,1,1,1,1,1,2,1,1,1,1,1,2,12,2,10
118265,1,1,2,2,1,4,3,3,3,3,3,4,1,1,1
118277,1,1,2,1,1,3,2,2,2,2,2,5,11,5,1
118289,1,1,2,3,2,4,2,2,2,2,2,6,1,1,4
118292,1,2,1,2,2,3,2,2,2,2,2,3,1,1,1
118293,1,1,1,2,3,3,2,2,2,2,2,4,3,1,2
118296,1,1,1,1,4,3,1,1,1,1,1,2,5,2,1
118303,1,1,2,1,1,3,1,1,1,1,1,7,7,5,4
118321,1,1,2,4,4,1,1,1,1,1,1,9,8,3,3
118325,1,1,3,3,5,6,3,3,3,3,3,11,10,7,8
118329,1,2,1,2,1,4,2,2,2,2,2,3,1,1,1
118338,1,1,3,2,2,1,1,1,1,1,1,6,1,1,1
118356,1,2,3,1,2,6,2,2,2,2,2,1,1,2,1
118369,1,2,1,1,2,3,2,2,2,2,2,1,3,1,1
118372,1,2,1,1,3,5,1,1,1,1,1,5,1,1,2
118383,1,2,2,1,2,2,5,5,5,5,5,5,8,2,1
118392,1,1,1,2,1,3,3,3,3,3,3,8,2,3,5
118396,1,1,2,1,2,1,1,1,1,1,1,3,1,1,1
118398,1,2,1,1,3,3,2,2,2,2,2,1,3,1,1
118403,1,1,1,1,2,1,2,2,2,2,2,1,1,1,2
118405,1,2,1,1,3,3,6,6,6,6,6,8,5,5,9
118409,1,2,3,1,4,4,2,2,2,2,2,3,2,3,3
118411,1,1,2,2,2,3,4,4,4,4,4,8,6,10,13
118415,1,2,2,1,2,5,1,1,1,1,1,3,1,1,2
118417,1,2,1,1,1,3,3,3,3,3,3,1,1,1,1
118427,1,1,1,2,3,1,1,1,1,1,1,3,1,2,1
118432,1,1,1,3,1,2,3,3,3,3,3,1,1,1,1
118439,1,1,2,1,3,3,3,3,3,3,3,5,3,1,3
118451,1,1,1,1,2,2,2,2,2,2,2,7,3,4,5
118460,,,,,,,,,,,,,,,
118461,1,2,2,1,1,6,3,3,3,3,3,1,1,1,1
118470,1,2,1,1,2,5,2,2,2,2,2,2,2,2,4
118476,1,1,1,1,2,5,1,1,1,1,1,3,2,3,3
118485,1,1,1,1,3,3,5,5,5,5,5,4,5,5,2
118494,1,1,2,1,2,4,2,2,2,2,2,1,1,1,1
118506,1,2,1,2,2,4,4,4,4,4,4,1,1,4,2
118518,1,1,1,1,2,2,1,1,1,1,1,2,1,1,1
118519,1,2,1,1,1,5,1,1,1,1,1,1,1,4,2
118523,1,1,3,1,2,1,4,4,4,4,4,5,2,3,3
118528,1,1,1,1,3,5,2,2,2,2,2,5,1,2,1
118534,1,1,1,1,1,2,5,5,5,5,5,5,1,2,1
118541,1,2,1,1,1,1,2,2,2,2,2,10,8,4,4
118547,1,1,1,1,1,3,3,3,3,3,3,4,1,1,1
118555,1,2,3,1,1,2,4,4,4,4,4,5,3,1,1
118562,1,1,1,1,4,2,1,1,1,1,1,4,1,1,1
118565,1,1,2,2,1,2,7,7,7,7,7,6,3,1,4
118567,1,1,1,1,1,3,4,4,4,4,4,8,2,3,1
118578,1,1,2,2,1,3,4,4,4,4,4,10,6,4,7
118580,1,1,1,3,1,2,2,2,2,2,2,1,3,4,5
118586,1,2,3,1,3,3,1,1,1,1,1,2,1,8,4
118597,1,1,1,4,4,3,3,3,3,3,3,2,5,2,1
118602,1,1,1,2,3,2,1,1,1,1,1,5,2,3,3
118607,1,1,2,2,1,1,2,2,2,2,2,6,1,1,1
118626,1,1,1,1,1,3,4,4,4,4,4,1,1,1,1
118640,,,,,,,,,,,,,,,
118642,1,1,2,1,2,2,1,1,1,1,1,4,1,2,1
118644,1,1,1,2,1,5,1,1,1,1,1,5,1,1,1
118650,1,2,2,2,2,1,1,1,1,1,1,2,1,1,3
118656,1,1,1,1,1,1,1,1,1,1,1,1,1,1,1
118663,1,2,1,1,2,6,3,3,3,3,3,3,10,7,8
118684,1,2,1,2,2,4,2,2,2,2,2,3,2,3,1
118694,1,1,3,1,2,6,4,4,4,4,4,12,5,5,2
118696,,,,,,,,,,,,,,,
118711,1,2,1,2,2,6,4,4,4,4,4,5,3,1,1
118712,1,1,2,2,1,2,3,3,3,3,3,6,1,1,1
118719,1,1,2,2,1,1,1,1,1,1,1,1,10,3,5
118731,1,1,1,2,1,3,2,2,2,2,2,1,3,1,1
118733,1,2,2,1,1,3,2,2,2,2,2,3,3,1,2
118749,1,2,1,1,3,3,2,2,2,2,2,1,1,1,2
118757,1,1,3,2,2,1,5,5,5,5,5,5,4,2,1
118763,1,1,1,2,3,1,1,1,1,1,1,5,1,1,1
118765,1,2,2,1,2,1,1,1,1,1,1,2,1,1,1
118767,1,1,1,1,1,1,3,3,3,3,3,4,1,1,1
118781,1,1,2,1,2,4,3,3,3,3,3,3,10,8,8
118806,1,1,3,1,1,3,2,2,2,2,2,3,1,2,1
118807,1,2,1,2,2,2,1,1,1,1,1,5,1,1,2
118821,1,1,2,2,1,1,3,3,3,3,3,1,2,2,1
118825,1,1,2,2,1,3,1,1,1,1,1,3,2,1,1
118828,1,1,1,1,2,1,2,2,2,2,2,2,1,1,1
118837,1,2,2,1,3,5,1,1,1,1,1,4,1,1,1
118846,1,1,1,1,1,3,2,2,2,2,2,1,1,1,1
118848,1,1,2,2,3,1,2,2,2,2,2,1,10,12,15
118851,1,1,1,1,2,2,2,2,2,2,2,3,1,1,1
118861,1,2,2,2,1,3,5,5,5,5,5,3,1,1,2
118895,1,1,1,2,3,6,3,3,3,3,3,1,1,2,3
118896,1,1,2,1,1,2,1,1,1,1,1,6,2,1,1
118898,1,1,2,1,4,6,3,3,3,3,3,1,9,12,2
118929,1,2,1,2,2,2,2,2,2,2,2,3,1,1,2
118951,,,,,,,,,,,,,,,
118956,1,2,1,1,1,3,4,4,4,4,4,3,1,1,2
118962,1,2,3,1,4,3,2,2,2,2,2,1,1,1,1
118985,1,1,2,1,1,4,2,2,2,2,2,4,4,2,1
118987,1,2,1,1,3,1,1,1,1,1,1,3,13,6,6
118991,,,,,,,,,,,,,,,
118994,1,2,3,2,2,1,1,1,1,1,1,2,1,1,1
119000,1,2,2,1,1,2,2,2,2,2,2,4,5,5,4
119004,1,1,1,4,2,2,1,1,1,1,1,6,1,2,4
119008,1,2,3,2,1,1,3,3,3,3,3,3,1,1,1
119011,1,1,1,2,1,1,6,6,6,6,6,2,1,1,1
119013,1,2,3,2,1,1,1,1,1,1,1,2,5,3,1
119023,1,1,2,2,2,1,3,3,3,3,3,1,2,3,8
119028,,,,,,,,,,,,,,,
119059,1,1,2,2,2,5,4,4,4,4,4,10,6,8,7
119062,1,2,2,1,3,1,1,1,1,1,1,9,2,3,1
119075,1,1,1,2,3,2,1,1,1,1,1,3,1,2,1
119077,1,1,2,1,3,2,1,1,1,1,1,1,1,1,1
119083,,,,,,,,,,,,,,,
119085,1,1,1,1,1,5,2,2,2,2,2,3,1,1,1
119090,1,1,3,2,1,3,3,3,3,3,3,7,5,5,11
119096,1,1,1,2,2,5,1,1,1,1,1,9,2,1,1
119097,1,2,1,1,1,2,1,1,1,1,1,9,1,1,1
119100,1,2,2,1,1,2,1,1,1,1,1,4,2,2,1
119108,1,1,1,1,2,1,1,1,1,1,1,3,2,1,1
119115,1,1,1,2,3,1,2,2,2,2,2,5,4,6,3
119119,1,2,1,3,2,2,3,3,3,3,3,7,2,3,8
119121,1,1,1,2,3,4,5,5,5,5,5,5,2,2,1
119139,1,1,1,1,2,1,1,1,1,1,1,9,1,1,1
119153,1,2,1,2,2,3,4,4,4,4,4,4,5,5,2
119156,1,2,3,2,1,1,1,1,1,1,1,3,1,2,1
119163,1,2,1,2,1,2,6,6,6,6,6,5,5,5,11
119185,1,1,1,2,1,2,1,1,1,1,1,6,1,1,1
119196,1,1,1,2,2,4,6,6,6,6,6,6,3,1,1
119216,1,1,1,1,1,1,1,1,1,1,1,1,5,2,1
119217,1,1,2,2,1,3,3,3,3,3,3,1,8,10,8
119224,1,1,1,2,2,1,1,1,1,1,1,3,4,2,3
119236,,,,,,,,,,,,,,,
119242,1,2,1,2,1,4,1,1,1,1,1,6,3,2,3
119260,1,2,1,2,1,1,2,2,2,2,2,3,8,4,4
119265,1,1,2,2,2,1,5,5,5,5,5,1,1,3,4
119268,1,2,1,1,2,4,1,1,1,1,1,5,1,1,1
119275,1,1,2,2,2,4,1,1,1,1,1,3,1,2,1
119277,1,1,1,2,3,3,2,2,2,2,2,3,1,1,1
119283,1,2,1,1,2,4,1,1,1,1,1,5,4,6,3
119289,1,2,1,2,1,6,5,5,5,5,5,3,9,1,1
119294,1,1,3,1,3,1,2,2,2,2,2,2,1,1,1
119297,1,2,2,2,1,5,3,3,3,3,3,6,1,2,4
119299,1,2,1,2,1,2,2,2,2,2,2,3,1,2,1
119309,,,,,,,,,,,,,,,
119319,1,1,1,1,2,3,2,2,2,2,2,6,1,1,1
119327,1,1,1,1,1,1,1,1,1,1,1,2,4,2,1
119331,1,2,2,1,4,2,1,1,1,1,1,2,1,1,1
119346,1,2,1,1,1,1,3,3,3,3,3,2,2,1,3
119355,1,2,1,2,1,2,1,1,1,1,1,1,1,1,3
119356,,,,,,,,,,,,,,,
119364,1,1,3,1,2,2,1,1,1,1,1,2,2,5,1
119368,1,1,2,2,2,1,1,1,1,1,1,5,1,2,1
119371,1,2,2,2,1,3,5,5,5,5,5,2,1,1,1
119375,1,1,2,2,2,2,5,5,5,5,5,4,2,6,2
119383,1,1,1,2,2,1,1,1,1,1,1,11,3,7,5
119394,1,1,1,1,3,1,2,2,2,2,2,2,1,1,1
119400,1,2,1,2,2,3,2,2,2,2,2,2,7,5,11
119417,1,1,3,2,1,2,1,1,1,1,1,2,2,3,3
119425,1,2,1,1,2,2,2,2,2,2,2,2,2,3,1
119433,1,1,2,1,1,1,1,1,1,1,1,1,1,2,1
119438,1,1,1,1,3,2,1,1,1,1,1,4,12,6,3
119441,1,1,2,3,1,6,3,3,3,3,3,11,10,7,8
119452,1,2,2,1,2,1,5,5,5,5,5,3,1,1,1
119454,1,2,1,1,3,2,2,2,2,2,2,1,1,1,1
119458,1,1,2,1,2,2,1,1,1,1,1,4,1,2,1
119461,1,2,1,1,3,2,1,1,1,1,1,5,2,3,1
119466,1,1,1,2,1,2,2,2,2,2,2,1,5,1,2
119470,1,1,2,2,2,4,4,4,4,4,4,1,1,1,2
119486,1,2,2,2,1,4,3,3,3,3,3,3,1,1,1
119504,1,1,1,2,1,5,2,2,2,2,2,2,1,2,1
119522,1,1,1,1,2,1,4,4,4,4,4,5,1,1,3
119529,1,1,1,2,3,1,3,3,3,3,3,6,1,2,4
119542,1,2,1,3,1,2,1,1,1,1,1,9,1,1,1
119572,1,1,1,4,3,3,4,4,4,4,4,9,4,2,3
119582,1,1,1,3,3,1,3,3,3,3,3,4,4,11,6
119585,1,1,1,1,1,3,2,2,2,2,2,4,1,1,2
119586,1,1,2,1,2,1,1,1,1,1,1,4,4,6,10
119594,1,1,2,1,4,1,2,2,2,2,2,4,1,1,1
119599,1,1,3,2,1,3,3,3,3,3,3,5,2,2,3
119601,1,1,3,1,1,1,1,1,1,1,1,2,2,3,1
119628,1,1,1,1,1,3,5,5,5,5,5,1,1,2,1
119640,1,2,1,2,1,2,2,2,2,2,2,1,5,1,4
119642,1,1,1,1,3,3,1,1,1,1,1,4,1,1,1
119647,1,1,3,2,3,5,1,1,1,1,1,6,1,1,1
119648,1,2,3,1,1,3,3,3,3,3,3,6,6,4,2
119652,1,1,1,2,2,5,1,1,1,1,1,4,1,1,1
119678,1,2,1,2,2,6,1,1,1,1,1,5,1,1,1
119694,1,1,1,2,3,4,1,1,1,1,1,2,2,3,3
119723,1,1,2,1,1,2,2,2,2,2,2,4,1,1,1
119740,1,1,3,1,2,2,2,2,2,2,2,8,7,5,9
119750,1,2,2,1,1,4,1,1,1,1,1,3,1,1,1
119751,1,1,1,1,3,4,1,1,1,1,1,5,4,2,1
119755,1,1,1,2,1,1,4,4,4,4,4,1,1,1,1
119770,1,2,1,2,1,5,2,2,2,2,2,11,2,2,2
119774,1,1,2,2,1,2,2,2,2,2,2,2,1,1,1
119776,1,2,1,2,2,3,5,5,5,5,5,7,1,1,2
119781,1,1,1,2,2,1,7,7,7,7,7,3,1,1,2
119801,,,,,,,,,,,,,,,
119803,,,,,,,,,,,,,,,
119806,1,1,1,1,1,2,6,6,6,6,6,1,1,1,2
119819,1,1,1,2,2,3,1,1,1,1,1,2,1,2,1
119826,1,2,1,3,2,2,1,1,1,1,1,6,4,6,6
119828,1,1,1,1,1,3,2,2,2,2,2,6,2,4,1
119829,1,2,2,2,1,4,2,2,2,2,2,1,3,4,5
119831,1,1,1,1,2,2,5,5,5,5,5,5,5,5,2
119833,1,2,1,1,2,6,1,1,1,1,1,2,1,1,1
119842,1,2,2,1,2,1,1,1,1,1,1,7,6,4,3
119854,1,1,3,1,1,1,2,2,2,2,2,2,1,2,1
119855,1,1,1,1,1,1,1,1,1,1,1,8,1,2,1
119901,1,1,1,2,3,1,1,1,1,1,1,1,1,2,1
119902,1,2,1,2,1,2,4,4,4,4,4,3,2,3,1
119908,1,2,1,4,4,1,1,1,1,1,1,2,4,3,3
119912,1,2,1,1,1,1,1,1,1,1,1,8,2,5,1
119932,1,1,3,3,5,1,6,6,6,6,6,3,5,1,1
119946,1,1,1,2,1,1,1,1,1,1,1,1,2,1,3
119966,1,1,1,2,1,3,1,1,1,1,1,7,1,1,1
119974,1,1,1,2,3,1,3,3,3,3,3,4,11,1,1
119980,1,1,3,2,2,2,2,2,2,2,2,5,3,1,1
119998,1,1,2,1,3,2,2,2,2,2,2,6,3,1,1
120000,1,1,1,2,1,2,2,2,2,2,2,7,1,1,2
120005,1,2,1,1,1,1,5,5,5,5,5,5,1,2,1
120008,1,1,1,1,2,1,6,6,6,6,6,6,1,1,4
120049,1,1,1,1,1,2,4,4,4,4,4,1,3,1,1
120067,1,1,1,1,1,2,2,2,2,2,2,3,1,1,2
