hhnum,group_all,group_multi
100012,3,
100015,1,
100024,1,
100028,3,
100040,2,
100049,3,
100054,,
100055,1,
100059,1,
100061,2,
100067,1,
100069,,
100076,3,
100083,2,
100088,4,2
100093,1,
100095,3,
100104,11,
100132,,
100135,1,
100138,1,
100148,10,
100150,1,
100151,2,
100155,1,
100158,1,
100159,1,
100163,1,
100174,2,7
100192,2,1
100194,,
100203,5,
100207,,
100210,1,
100214,,
100228,4,
100229,1,
100238,,
100240,1,
100244,3,
100255,10,
100268,4,1
100273,2,
100274,4,
100276,1,
100292,1,
100304,1,
100317,3,
100322,,
100323,2,
100325,2,
100337,,
100360,3,
100363,1,1
100373,1,
100381,1,
100384,1,
100391,1,
100406,1,
100419,1,
100426,3,
100436,,
100438,11,5
100442,11,
100444,2,1
100446,3,
100457,1,
100459,6,4
100460,1,
100464,1,
100485,1,
100487,1,
100502,1,
100504,1,
100509,4,
100513,1,
100520,3,
100529,1,
100533,3,1
100539,1,
100545,1,
100554,1,
100558,1,
100562,12,
100568,1,
100580,,
100584,3,
100594,1,1
100622,3,
100623,1,
100633,2,
100641,4,
100649,1,
100664,5,
100666,3,
100681,,
100686,1,
100689,2,2
100690,1,
100692,1,
100693,4,
100697,2,
100700,1,
100714,1,
100720,1,
100726,1,
100742,10,
100753,9,
100768,1,
100781,6,5
100783,3,
100792,5,2
100796,2,
100799,1,
100805,4,
100810,10,
100816,1,
100841,1,
100843,2,
100845,1,
100857,1,
100875,14,
100885,1,
100888,3,1
100900,1,
100901,3,
100905,5,
100917,,
100929,3,
100934,1,
100953,3,
100958,3,
100974,1,
100984,1,
100985,,
100992,1,
101011,1,
101018,5,2
101020,1,
101024,1,
101046,5,
101056,2,
101061,,
101062,2,
101063,1,
101094,1,
101112,1,
101125,4,
101130,1,
101134,5,
101141,,
101148,,
101151,1,
101154,3,
101175,1,
101180,4,3
101195,,
101196,5,
101203,1,
101210,2,8
101218,2,
101228,1,
101236,1,
101244,2,
101253,2,
101267,3,
101268,1,
101291,12,6
101292,,
101323,4,3
101326,3,1
101339,3,
101343,1,
101347,1,
101359,1,
101372,1,
101374,,
101386,5,
101389,1,1
101396,10,
101399,6,
101400,,
101426,3,
101451,1,
101456,14,8
101460,3,
101469,2,
101481,9,
101494,1,
101499,1,
101501,1,
101502,2,
101503,4,
101521,5,
101525,1,
101531,,
101537,2,
101541,9,
101560,3,2
101570,3,
101574,3,
101580,4,
101581,1,
101590,1,
101591,1,
101599,1,
101602,1,
101603,3,
101609,6,
101618,1,
101626,3,
101637,4,
101640,1,
101663,,
101668,,
101670,1,
101678,7,
101680,1,
101713,3,
101719,3,1
101729,1,
101738,1,
101744,1,
101752,1,2
101756,14,
101758,1,
101759,4,
101761,2,
101763,2,
101776,3,
101777,4,
101785,2,
101790,,
101797,2,
101803,,
101812,1,
101815,1,
101828,,
101829,1,
101831,1,
101833,5,
101844,,
101845,3,
101856,,
101857,6,1
101862,2,
101870,2,
101874,1,2
101880,4,
101881,1,
101888,2,
101889,1,
101896,1,
101906,9,
101923,,
101932,1,
101935,1,
101941,1,
101945,2,
101953,1,
101955,9,6
101972,3,
101973,1,
101983,1,
102027,,
102045,4,
102047,4,3
102056,,
102062,3,
102064,3,
102080,5,2
102086,5,
102089,1,
102092,5,7
102098,1,
102106,1,
102115,1,
102121,15,
102123,11,5
102132,1,
102136,1,
102142,6,1
102144,11,
102149,1,
102158,1,
102161,10,
102163,,
102173,1,
102186,1,
102193,3,
102205,1,
102216,1,
102240,6,
102248,4,
102249,1,
102263,1,
102269,3,2
102277,1,
102283,2,
102293,4,
102295,4,
102299,1,
102304,1,
102313,1,
102316,1,
102318,1,
102329,1,
102336,3,
102341,6,
102345,6,
102360,6,
102383,2,
102390,1,
102398,,
102411,1,
102412,1,
102418,1,
102419,1,
102423,1,
102431,4,
102434,1,
102442,,
102457,3,
102462,1,
102465,8,
102478,1,
102482,2,
102488,,
102500,5,
102503,,
102508,1,
102511,1,
102512,1,5
102530,,
102531,1,2
102536,3,
102539,2,
102580,4,
102583,1,
102584,2,
102585,2,
102589,3,1
102600,5,
102606,1,
102607,3,
102615,1,
102650,2,
102665,,
102681,1,
102693,3,
102703,1,
102726,5,
102734,12,
102741,1,1
102747,4,
102753,1,
102758,4,
102759,8,
102769,2,2
102770,1,
102778,,
102791,4,
102794,,
102796,3,
102805,1,
102815,1,
102826,2,
102841,2,
102846,4,3
102862,3,
102865,4,
102868,6,
102873,5,2
102905,2,
102918,4,
102919,1,
102928,1,
102931,2,
102953,,
102976,3,
102986,3,
103007,1,
103008,1,
103013,1,
103036,8,
103037,,
103057,1,
103061,11,7
103068,,
103073,1,
103080,1,
103086,3,
103087,2,2
103089,1,
103094,1,
103097,4,
103106,4,
103115,4,
103118,1,
103126,2,
103128,1,
103143,9,
103147,,
103152,1,
103153,4,
103157,1,
103164,1,
103165,1,
103173,4,
103186,,
103200,1,
103202,2,
103203,,
103211,1,
103216,3,
103218,3,
103234,7,
103243,1,
103244,5,
103245,4,
103253,5,
103273,1,
103274,1,
103295,1,
103303,1,
103312,1,
103317,,
103318,1,
103331,1,
103333,1,
103334,3,
103338,1,
103345,3,
103347,,
103382,3,
103401,1,
103409,1,
103410,1,
103412,,
103413,,
103425,1,
103439,1,
103440,1,
103442,,
103447,1,
103458,1,
103474,1,
103478,1,
103488,,
103524,,
103531,1,
103534,12,8
103539,1,
103545,2,
103559,1,
103564,1,4
103566,3,1
103568,5,4
103577,1,
103582,1,
103595,1,
103596,1,
103598,1,
103600,1,
103609,1,
103613,2,
103635,2,
103645,4,
103650,3,
103657,1,
103659,1,
103669,3,
103679,1,
103690,,
103698,1,
103713,1,
103715,4,
103718,2,
103725,1,
103747,,
103773,1,
103781,4,
103803,1,
103819,4,
103837,,
103848,,
103853,1,4
103870,2,
103890,1,4
103900,7,
103905,1,1
103917,1,
103923,,
103926,1,
103935,1,
103941,1,
103963,3,
103968,2,
103976,10,
103982,3,
103988,3,
104006,4,
104007,4,
104023,1,
104027,2,1
104030,1,
104036,10,3
104040,,
104052,,
104062,4,
104071,10,
104109,,
104115,9,
104137,3,1
104142,1,
104146,3,
104154,,
104162,3,
104180,3,
104185,2,4
104199,4,
104204,1,
104205,1,
104213,2,1
104220,1,
104222,1,
104223,4,
104224,1,
104230,1,
104234,1,
104248,3,
104255,,
104263,3,
104280,2,
104282,2,
104283,4,1
104302,4,
104306,,
104311,1,
104319,1,
104326,1,
104328,1,
104340,,
104348,4,
104349,6,1
104350,1,
104375,1,
104376,10,
104380,3,5
104385,4,
104389,,
104392,11,
104398,1,
104405,5,
104406,1,
104408,1,
104416,1,
104418,1,
104439,1,
104449,1,
104460,1,
104462,1,
104464,,
104475,6,
104482,1,
104483,8,
104492,1,
104496,3,4
104499,1,1
104513,5,
104514,1,
104525,,
104542,1,
104551,,
104553,,
104555,,
104564,1,1
104572,1,
104614,6,1
104663,3,
104667,2,
104668,,
104669,,
104671,9,
104676,1,
104677,1,
104697,7,4
104699,5,
104701,1,
104719,3,
104730,6,
104731,3,
104734,1,
104751,2,
104757,2,
104763,3,
104768,5,
104770,4,
104789,,
104792,1,2
104818,1,
104825,1,
104827,1,
104828,,
104838,4,
104840,3,3
104850,6,
104857,1,2
104863,1,
104864,1,
104869,1,
104879,2,
104917,1,
104924,1,
104938,1,7
104941,1,
104949,1,
104953,3,1
104960,1,
104972,1,
105000,1,
105006,2,
105016,2,
105023,2,
105034,1,
105058,5,7
105080,11,
105084,1,
105089,1,
105100,4,
105101,7,
105113,1,
105142,4,
105163,1,
105167,1,
105168,,
105176,3,
105181,3,
105201,3,
105206,3,1
105220,3,
105222,9,
105241,1,
105255,1,
105256,,
105272,1,
105284,1,
105285,1,
105288,4,
105292,3,
105308,1,
105309,6,1
105311,1,
105331,1,
105335,1,
105361,1,
105364,3,
105377,4,
105378,4,
105385,3,
105392,1,
105405,1,
105407,1,
105410,6,
105423,1,
105424,2,
105426,1,
105427,7,6
105460,11,
105461,12,4
105468,,
105477,2,
105479,7,2
105491,,
105500,1,
105522,2,
105554,1,
105564,1,
105576,5,
105600,1,
105610,5,
105628,3,
105644,2,
105649,1,
105652,1,2
105657,2,
105680,2,
105686,2,
105689,2,
105716,1,
105731,1,
105732,,
105733,1,
105747,1,
105753,2,
105756,1,
105761,2,
105763,,
105764,4,
105765,1,1
105792,,
105796,1,
105799,1,
105812,1,
105832,,
105840,1,
105846,1,
105856,10,
105864,8,
105896,3,
105908,10,7
105933,4,
105940,1,
105946,1,
105947,1,
105950,,
105954,4,
105956,1,
105957,1,
105962,6,5
105985,1,2
105994,4,
105995,10,
106001,1,
106010,,
106032,1,
106033,9,
106035,1,
106043,3,
106046,2,
106071,2,
106098,1,
106102,1,
106110,3,
106138,,
106140,3,
106145,1,
106166,5,
106171,,
106182,4,
106186,1,
106202,4,
106228,3,3
106255,4,
106256,1,
106265,,
106267,3,
106274,1,
106276,,
106278,1,
106280,1,
106293,1,
106294,5,
106327,4,
106356,1,
106357,11,
106365,1,
106367,5,
106382,2,
106384,1,
106388,1,
106390,4,
106396,2,
106419,1,
106422,1,
106425,1,
106432,1,
106442,1,
106443,1,
106462,2,
106464,1,
106467,,
106471,2,
106475,2,
106477,1,
106486,,
106493,3,
106507,2,
106508,13,
106518,1,
106534,3,
106550,1,
106562,1,
106589,2,
106614,1,
106615,4,
106623,1,
106624,4,
106625,1,
106629,1,2
106630,5,
106663,5,
106672,1,1
106683,,
106693,4,
106705,10,
106715,,
106717,1,
106721,1,
106727,1,
106733,3,
106741,1,
106743,,
106747,2,
106750,1,
106766,2,
106772,2,
106776,1,
106781,1,
106782,5,
106784,1,
106796,,
106802,2,
106804,1,
106805,,
106806,1,
106813,5,
106816,1,
106838,6,1
106853,3,2
106854,1,
106862,,
106888,1,
106896,1,1
106912,4,
106916,1,
106917,3,2
106920,1,
106934,7,
106973,1,
106975,3,
106981,2,
106983,1,
107002,2,
107010,,
107011,,
107017,3,
107019,3,
107021,,
107022,1,
107026,3,
107042,,
107045,4,
107047,1,
107055,1,
107069,3,
107071,1,
107078,,
107118,9,3
107123,,
107124,2,
107125,3,
107141,1,
107174,2,
107182,7,
107187,1,
107190,13,5
107195,1,
107205,1,
107220,3,
107226,1,
107236,1,
107259,1,
107260,3,1
107263,,
107265,1,
107279,8,
107284,1,
107296,3,
107302,3,
107304,3,
107310,1,
107311,3,1
107314,1,1
107323,1,
107330,1,
107331,9,9
107335,3,
107341,,
107343,4,
107388,1,2
107395,5,
107400,1,
107410,,
107411,1,
107412,1,4
107414,5,
107416,1,1
107423,3,2
107435,1,
107444,1,
107455,1,
107462,2,
107463,1,
107478,1,
107488,,
107520,1,
107522,3,
107524,1,
107543,1,
107546,1,
107555,1,
107557,1,
107561,4,
107568,3,
107573,2,
107586,1,
107589,1,
107603,1,
107604,1,
107613,2,
107619,1,
107621,,
107627,5,
107632,4,1
107638,1,
107641,1,
107647,4,
107653,3,
107656,1,
107661,1,
107662,2,
107666,4,
107671,1,
107678,1,
107681,5,
107693,1,
107698,2,7
107699,4,
107710,1,1
107712,1,
107713,1,
107730,2,
107735,8,
107737,2,
107749,3,2
107754,1,
107770,1,
107783,2,
107785,1,
107789,1,
107793,1,
107794,1,
107795,1,
107799,,
107802,1,
107810,1,
107815,1,
107819,11,
107826,1,
107828,1,
107829,1,
107836,4,3
107851,14,
107866,1,1
107885,,
107888,1,
107892,1,
107909,1,
107923,,
107925,1,
107933,3,
107937,7,
107939,,
107946,1,
107957,1,1
107966,5,
107974,1,
107977,1,
107984,1,
107986,3,
107996,,
108007,2,
108009,4,5
108023,3,
108034,,
108035,1,
108041,8,
108045,1,
108047,1,
108052,1,
108059,3,
108087,1,
108091,2,
108103,9,
108106,2,
108115,1,
108120,2,
108123,1,
108138,1,
108142,2,
108150,1,
108154,4,
108165,3,
108172,1,
108176,3,
108195,3,2
108212,1,
108213,4,
108221,,
108228,2,2
108235,5,
108236,3,
108239,9,
108244,1,
108266,1,
108282,,
108283,2,
108294,1,
108300,1,
108302,1,
108309,,
108316,1,
108320,1,
108327,,
108329,7,
108331,4,
108341,2,
108353,4,
108377,3,1
108383,1,
108395,3,
108417,7,5
108424,1,
108426,6,
108432,1,
108438,2,2
108446,1,
108473,9,
108497,1,
108502,2,
108503,1,1
108504,3,
108510,1,
108519,3,
108540,,
108565,11,
108566,1,
108567,2,
108570,,
108572,1,
108583,7,
108591,1,
108601,1,
108603,4,
108606,1,
108607,2,
108610,1,
108618,,
108622,1,
108640,,
108649,,
108651,1,
108660,1,
108677,,
108708,5,4
108710,3,
108721,3,
108724,,
108735,3,
108742,1,
108744,,
108745,3,
108752,,
108754,1,
108757,2,
108762,1,
108774,1,
108790,1,
108809,,
108816,1,
108824,1,
108834,1,
108850,1,
108851,1,
108860,4,
108873,5,4
108899,1,
108900,2,
108910,1,
108913,1,
108914,1,
108925,4,
108927,1,
108939,1,
108942,11,2
108945,4,
108950,1,
108962,1,
108971,7,
108976,2,
108988,,
109013,1,
109022,1,
109027,1,
109029,3,
109038,,
109041,1,
109046,3,
109061,2,
109063,4,
109064,1,1
109075,,
109080,4,
109090,1,
109103,1,
109106,2,
109118,1,
109121,3,
109122,1,
109123,3,
109128,2,
109131,1,
109135,1,
109141,1,
109146,3,
109153,1,
109155,1,
109175,1,
109181,1,
109208,9,
109210,3,
109218,,
109231,1,
109235,1,
109253,1,
109255,1,
109258,2,7
109283,,
109290,3,
109294,1,
109296,11,
109307,2,
109311,5,4
109324,1,
109329,1,
109333,9,
109341,1,
109354,1,
109356,3,
109368,5,2
109386,2,
109424,2,
109443,3,
109469,4,
109471,5,
109496,,
109498,8,2
109505,6,5
109506,1,
109518,1,
109522,1,
109523,1,
109536,1,
109538,1,
109547,1,
109551,,
109590,1,
109593,1,4
109594,1,
109616,5,
109621,2,
109624,1,
109628,2,
109637,10,7
109644,3,
109666,1,
109671,7,4
109675,1,
109683,3,
109700,11,3
109707,2,
109708,2,
109714,6,1
109728,1,
109730,,
109764,1,
109779,3,
109785,1,
109789,7,
109822,3,
109823,1,
109831,3,
109835,1,
109836,6,1
109850,1,
109852,1,
109853,,
109862,1,
109869,1,
109876,1,
109879,4,
109882,2,
109884,,
109885,2,
109897,4,
109898,1,
109911,1,
109914,2,
109915,3,
109920,,
109943,1,
109950,1,
109962,1,
109979,2,
109981,1,
109987,1,
110000,1,
110004,3,
110005,3,
110009,9,
110018,1,
110028,3,
110030,1,
110040,,
110046,11,8
110052,3,1
110079,6,
110084,2,1
110089,1,
110091,3,2
110094,1,
110098,3,
110115,1,
110122,1,
110130,1,
110190,2,
110193,1,
110205,2,
110207,1,
110212,1,
110228,2,
110229,1,
110244,2,
110245,1,
110253,1,
110257,1,
110268,1,
110281,1,
110285,4,
110295,2,
110300,1,
110301,1,
110308,2,
110311,4,
110336,9,
110349,1,
110355,1,
110360,2,
110370,6,1
110373,,
110374,3,
110375,1,
110376,3,
110380,2,
110383,,
110399,1,
110401,9,3
110411,3,1
110417,1,
110435,3,
110439,6,1
110442,1,
110443,3,2
110445,,
110456,2,
110461,5,
110462,3,4
110468,,
110475,4,
110481,2,
110490,1,1
110501,1,
110504,1,
110526,1,
110529,9,
110532,2,
110544,1,
110547,8,7
110550,1,
110575,1,
110579,3,
110589,,
110604,1,
110611,,
110618,,
110625,2,
110635,1,
110640,1,
110653,1,
110658,2,
110662,11,
110666,4,
110673,1,
110675,3,
110680,1,
110707,1,
110710,1,
110720,3,4
110724,1,
110729,1,
110740,1,
110741,1,
110758,,
110772,4,
110775,1,
110780,1,
110793,1,
110796,,
110819,3,
110827,,
110836,1,
110846,1,
110854,,
110864,1,
110868,1,
110870,10,1
110883,1,
110884,,
110894,1,
110900,7,
110916,4,
110919,,
110924,1,
110931,2,
110954,1,
110968,1,
110969,1,
110989,,
110990,9,3
110997,1,
111013,6,1
111023,4,
111037,4,2
111053,1,
111069,4,
111071,2,
111084,4,
111093,2,
111096,4,
111101,1,
111110,3,
111121,1,
111139,1,
111145,5,
111146,1,
111148,2,
111161,1,
111177,,
111196,1,
111202,1,
111214,1,
111236,1,
111238,1,
111239,1,
111262,1,
111266,,
111267,1,
111272,2,
111282,1,
111297,6,5
111302,2,
111317,1,
111329,,
111334,,
111335,3,
111353,2,
111367,2,
111371,3,1
111391,3,
111395,2,
111450,1,
111455,11,
111457,3,
111469,5,1
111477,1,
111482,1,
111496,1,
111523,,
111535,8,
111536,1,
111541,1,
111543,1,
111558,1,
111562,,
111565,1,
111566,,
111573,,
111575,1,
111577,,
111588,1,
111589,1,
111591,4,
111592,,
111612,1,1
111613,1,
111620,1,
111627,,
111632,1,
111635,4,1
111651,2,
111654,1,
111656,5,
111663,8,4
111672,1,
111683,1,
111686,1,
111694,,
111698,3,
111710,2,
111718,9,5
111719,3,
111729,2,
111730,1,
111740,1,
111745,1,
111748,1,
111753,1,
111769,1,
111774,3,1
111797,4,
111805,4,4
111823,3,
111825,,
111826,12,
111834,1,
111835,9,
111855,1,
111859,,
111867,5,
111892,7,
111893,3,1
111896,2,
111898,1,
111899,14,
111926,,
111942,3,1
111944,1,
111945,1,
111956,1,
111960,2,
111971,1,
112000,11,
112001,1,
112003,1,
112006,,
112019,1,
112022,1,
112034,2,
112051,6,4
112062,5,
112063,4,
112065,7,
112081,1,
112085,1,
112091,1,
112096,1,
112102,5,
112115,1,
112127,1,
112132,1,
112138,1,
112151,1,
112158,,
112159,2,
112171,2,
112187,,
112200,1,
112204,3,7
112210,1,
112221,,
112224,,
112241,1,
112245,,
112255,1,
112261,,
112281,4,
112291,1,
112305,,
112308,1,
112319,4,
112320,5,1
112328,8,
112341,1,
112354,8,
112365,4,
112373,1,
112376,1,
112384,1,
112391,3,7
112396,4,1
112407,12,
112414,1,
112416,1,
112436,1,
112441,1,
112447,1,
112455,,
112456,,
112473,,
112477,3,1
112482,,
112496,1,
112518,3,
112523,1,
112525,1,
112526,2,
112532,1,
112536,1,
112561,3,
112562,3,
112571,2,
112574,3,
112577,8,
112583,9,
112607,3,
112616,1,
112621,3,
112629,1,
112635,1,
112644,6,1
112657,1,
112658,1,
112663,4,
112664,11,8
112668,,
112669,2,
112697,3,
112706,1,
112725,5,2
112735,3,1
112777,6,1
112781,3,
112783,1,
112795,1,
112807,,
112819,,
112826,,
112828,1,
112831,3,1
112832,4,
112840,1,
112844,1,
112849,3,
112851,1,
112859,2,
112861,1,
112864,2,
112867,1,
112868,1,
112896,2,
112899,4,
112901,3,
112904,1,
112905,3,
112911,1,
112931,3,1
112944,1,
112946,2,
112960,6,
112973,3,
112980,3,
112982,2,
112992,,
112995,4,
113002,5,
113013,2,
113027,9,3
113031,2,
113034,4,
113036,1,
113052,2,
113057,1,
113069,1,
113081,1,
113096,1,
113113,3,
113118,,
113122,,
113141,2,
113145,2,9
113158,8,
113174,3,1
113186,1,
113201,,
113208,1,
113212,,
113216,2,1
113238,4,
113246,10,
113254,,
113259,4,3
113266,1,
113267,1,
113282,1,
113286,1,
113294,2,
113295,1,
113302,1,
113307,2,
113314,5,
113321,1,
113326,1,
113334,2,
113351,8,
113363,3,
113378,3,
113386,6,1
113387,1,
113391,1,
113398,8,
113403,1,
113412,9,1
113419,1,
113427,3,
113430,1,
113435,1,
113438,3,
113472,1,
113475,4,
113479,2,
113484,1,
113489,5,2
113493,1,
113499,4,
113501,1,
113505,1,
113507,1,
113519,1,
113552,4,
113563,3,
113570,1,
113579,,
113581,1,
113583,2,
113593,2,
113595,,
113596,1,
113598,1,
113612,1,
113619,4,
113635,1,
113636,1,
113638,1,
113641,1,
113643,,
113659,,
113661,1,
113673,1,
113704,2,
113705,1,
113709,2,
113718,2,
113728,1,
113732,1,
113738,11,
113747,3,
113766,3,
113780,1,
113789,1,
113792,1,
113804,5,
113805,1,
113808,1,
113811,1,
113824,1,
113825,7,2
113828,1,
113837,12,
113840,1,
113841,1,
113879,9,
113881,1,
113882,1,
113904,1,
113906,1,
113911,1,
113912,1,
113918,3,
113920,1,
113927,3,
113930,7,
113945,3,7
113946,1,
113951,3,
113953,2,
113954,2,
113960,3,
113962,1,
113968,7,
113973,1,
114008,1,
114009,7,
114013,4,3
114036,1,
114038,1,
114054,1,
114061,1,
114068,1,2
114074,1,
114096,1,
114097,3,
114112,1,
114113,1,
114134,10,
114139,1,
114148,4,
114151,1,
114152,1,
114186,,
114187,2,
114188,11,4
114194,,
114208,1,
114233,1,
114235,4,1
114253,,
114255,5,
114258,4,
114263,3,
114269,1,
114284,2,
114290,1,
114319,3,
114321,,
114332,,
114333,2,
114334,3,
114350,1,
114352,1,
114355,1,
114358,3,
114361,9,
114367,3,1
114380,,
114385,4,
114408,1,
114418,4,
114424,1,
114431,1,
114437,3,
114449,,
114478,2,
114480,8,
114490,4,
114494,2,8
114495,1,
114504,1,
114509,3,
114511,1,
114520,,
114522,1,
114526,2,
114527,1,
114541,7,5
114553,1,
114560,4,
114588,3,
114591,3,
114592,2,
114632,1,
114641,1,1
114649,1,
114658,1,
114673,1,
114675,3,
114676,1,
114681,2,
114691,3,
114696,,
114698,1,
114712,,
114722,1,
114725,1,
114734,3,
114766,1,
114772,1,
114777,2,
114787,1,
114815,1,
114821,3,
114833,1,
114837,1,2
114840,1,
114848,4,
114850,1,
114857,1,
114861,2,
114869,1,
114874,3,1
114885,4,5
114888,1,
114904,,
114936,1,8
114944,1,
114975,1,
114985,14,5
114987,3,
114994,1,
114995,,
114998,3,
115032,,
115034,4,
115038,6,1
115042,1,
115052,6,
115082,1,
115090,11,2
115091,1,
115094,1,
115096,1,
115098,1,
115105,9,
115108,,
115119,1,
115128,3,
115145,3,
115146,8,
115152,3,
115157,1,
115158,1,
115164,1,
115168,10,
115172,3,
115181,1,
115182,1,
115196,1,
115198,10,
115208,1,
115210,1,
115219,1,
115220,3,
115238,3,
115248,3,
115249,2,
115263,2,
115266,3,
115279,1,
115281,4,
115282,2,
115293,3,
115312,1,
115313,1,
115324,,
115325,1,
115331,4,1
115338,1,
115340,1,
115342,3,
115348,1,
115352,1,
115353,1,
115371,1,
115376,4,
115381,1,
115402,4,1
115407,1,
115428,4,1
115432,1,
115435,3,
115436,1,
115444,3,
115445,,
115447,3,
115448,1,
115452,,
115457,1,
115458,2,
115459,5,
115469,2,
115474,4,1
115475,1,
115496,9,
115520,9,
115523,1,
115524,2,
115531,4,
115534,1,
115550,1,
115575,2,
115587,3,
115591,1,
115592,1,
115609,4,
115613,1,
115632,,
115654,10,
115663,4,1
115679,,
115683,1,
115684,3,4
115695,4,
115710,,
115718,1,
115721,2,
115722,1,
115726,1,
115735,3,
115752,4,
115764,1,
115775,1,
115785,,
115786,,
115797,6,3
115803,3,
115808,1,
115827,1,
115829,6,5
115832,1,
115836,3,
115843,2,
115846,1,
115855,8,4
115857,12,
115872,1,2
115898,,
115901,1,
115908,1,1
115937,1,3
115945,1,
115966,3,
115976,7,6
115978,1,
115981,9,
115988,2,
115994,1,
115999,1,
116016,4,
116038,1,
116048,1,1
116071,,
116072,1,
116075,1,
116079,,
116100,3,
116104,1,
116108,2,
116118,2,
116127,3,
116128,,
116130,3,
116138,1,
116142,1,
116153,2,
116154,1,
116168,1,
116184,3,
116202,1,
116204,1,1
116207,1,
116208,,
116216,3,
116231,1,
116236,3,
116242,1,
116260,1,
116261,2,
116263,4,1
116270,5,
116278,3,
116281,1,
116293,2,
116295,2,
116299,1,1
116316,8,
116318,2,
116343,4,1
116347,2,
116352,3,
116358,1,
116366,8,
116369,1,
116381,5,
116394,,
116398,2,
116412,2,
116427,1,
116430,4,
116431,1,
116434,4,
116438,3,
116443,3,
116454,1,
116457,1,
116459,3,
116461,2,
116465,3,
116475,4,1
116483,2,
116484,2,
116486,1,
116488,1,
116498,1,
116499,10,
116501,1,
116506,5,5
116509,,
116533,,
116535,1,
116536,3,
116537,4,
116547,1,
116558,1,
116566,,
116577,1,1
116589,11,
116595,1,
116602,1,
116606,1,
116611,1,
116621,1,
116632,1,
116635,2,
116636,10,
116652,1,
116668,9,
116677,1,
116710,3,
116712,1,
116715,1,
116721,1,
116730,1,
116731,4,
116753,2,
116772,1,
116788,3,
116811,2,
116817,6,
116828,1,
116841,1,
116845,1,
116855,1,
116861,1,
116869,4,
116896,1,3
116904,4,
116937,1,
116959,1,
116976,4,
116977,1,
116984,,
116987,3,
116992,,
117000,1,
117009,1,
117022,,
117029,1,
117041,1,
117045,3,
117048,,
117059,4,1
117067,4,1
117076,3,
117081,1,
117082,4,3
117086,1,
117089,1,
117109,11,2
117110,1,
117120,1,
117129,1,
117130,1,
117131,,
117139,1,
117141,1,
117145,3,
117150,1,
117160,1,
117162,3,
117168,1,
117174,1,
117181,1,1
117184,1,
117188,1,
117189,1,
117194,1,
117206,1,
117241,1,
117246,1,
117249,1,
117255,1,1
117261,1,
117278,,
117282,3,
117283,2,
117285,2,
117286,1,
117289,5,
117298,2,
117327,1,1
117330,1,
117333,3,
117347,1,
117349,1,
117351,1,1
117354,1,
117357,,
117358,1,
117365,1,
117366,1,
117369,3,
117374,3,
117379,,
117381,1,
117389,4,
117397,8,
117399,4,
117400,,
117409,1,
117427,,
117437,1,
117449,1,
117450,,
117454,2,
117459,2,
117466,1,
117472,2,
117478,1,
117485,1,
117492,1,
117515,1,
117517,3,2
117520,2,
117522,10,
117530,1,
117540,1,
117545,1,
117564,6,
117588,1,7
117594,1,
117606,,
117617,4,
117618,7,6
117627,1,
117650,4,1
117654,5,1
117657,1,
117658,3,
117663,10,
117673,,
117681,1,
117684,1,
117687,,
117689,2,
117707,1,
117722,1,
117753,5,1
117769,1,
117777,6,
117778,1,
117786,1,
117801,1,
117814,4,1
117819,1,
117830,5,
117837,,
117844,4,
117846,,
117854,1,
117875,1,
117882,6,
117894,,
117897,3,
117906,2,8
117917,,
117919,3,
117924,1,
117955,1,
117962,,
117964,1,
117965,3,
117971,1,
117980,1,
117981,1,
117987,2,
117988,5,
117992,10,
118008,5,
118028,1,1
118040,1,4
118041,,
118061,10,
118085,1,
118091,2,
118092,7,
118099,2,
118101,,
118112,9,
118114,2,
118117,3,
118127,3,
118136,6,1
118142,2,
118144,,
118152,1,
118156,5,2
118169,1,
118177,1,
118193,6,1
118195,4,
118199,9,
118204,9,1
118206,1,
118211,1,
118220,1,
118223,,
118238,1,
118245,1,
118247,3,1
118248,1,
118250,4,3
118264,10,9
118265,1,
118277,1,
118289,4,
118292,1,
118293,3,
118296,1,
118303,4,2
118321,2,
118325,8,
118329,1,
118338,1,
118356,1,
118369,1,
118372,3,
118383,1,
118392,5,1
118396,1,
118398,1,
118403,3,
118405,7,
118409,2,
118411,14,
118415,3,
118417,1,
118427,1,
118432,1,
118439,2,
118451,5,
118460,,
118461,1,
118470,4,
118476,2,
118485,3,
118494,1,
118506,3,2
118518,1,
118519,3,
118523,2,
118528,1,
118534,1,
118541,4,6
118547,1,
118555,1,
118562,1,
118565,4,
118567,1,
118578,9,
118580,5,
118586,4,3
118597,1,
118602,2,
118607,1,
118626,1,
118640,,
118642,1,
118644,1,
118650,2,2
118656,1,
118663,8,
118684,1,
118694,3,
118696,,
118711,1,
118712,1,
118719,5,
118731,1,
118733,3,
118749,3,
118757,1,
118763,1,
118765,1,
118767,1,
118781,8,
118806,1,
118807,3,
118821,1,2
118825,1,
118828,1,
118837,1,
118846,1,
118848,15,7
118851,1,
118861,3,
118895,2,1
118896,1,1
118898,3,1
118929,3,
118951,,
118956,3,
118962,1,
118985,1,
118987,6,
118991,,
118994,1,
119000,4,
119004,4,1
119008,1,
119011,1,
119013,1,4
119023,8,
119028,,
119059,9,
119062,1,
119075,1,
119077,1,
119083,,
119085,1,
119090,11,6
119096,1,
119097,1,
119100,1,
119108,1,
119115,2,
119119,8,
119121,1,
119139,1,
119153,3,
119156,1,
119163,11,
119185,1,
119196,1,
119216,1,
119217,8,
119224,2,
119236,,
119242,2,
119260,4,3
119265,4,
119268,1,
119275,1,
119277,1,
119283,2,
119289,1,
119294,1,
119297,4,
119299,1,
119309,,
119319,1,
119327,1,
119331,1,
119346,2,
119355,2,
119356,,
119364,1,
119368,1,
119371,1,
119375,3,
119383,5,
119394,1,
119400,11,
119417,2,
119425,1,
119433,1,
119438,2,
119441,8,5
119452,1,
119454,1,
119458,1,
119461,1,
119466,3,
119470,3,
119486,1,
119504,1,
119522,2,1
119529,4,1
119542,1,
119572,2,
119582,6,5
119585,3,
119586,10,
119594,1,
119599,2,
119601,1,
119628,1,
119640,4,
119642,1,
119647,1,
119648,3,
119652,1,
119678,1,
119694,2,
119723,1,
119740,7,
119750,1,
119751,1,
119755,1,
119770,3,
119774,1,
119776,3,
119781,3,
119801,,
119803,,
119806,3,
119819,1,
119826,6,4
119828,1,1
119829,5,
119831,3,
119833,1,
119842,2,3
119854,1,
119855,1,
119901,1,
119902,1,
119908,2,
119912,1,
119932,1,1
119946,2,
119966,1,
119974,1,
119980,1,
119998,1,
120000,3,
120005,1,
120008,4,
120049,1,
120067,3,
